-2.900480628013610840e-01,-1.911609530448913574e+00,5.964561700820922852e-01,3.877663519233465195e-03,3.073076717555522919e-03,7.181780338287353516e-01,6.958417892456054688e-01,-1.170868128538131714e-01,1.005385667085647583e-01,-7.592879980802536011e-02,1.550876498222351074e-01,-1.453022658824920654e-01,-9.718494862318038940e-02,-7.620738446712493896e-02,-1.448114812374114990e-01,1.317004114389419556e-01,1.530833095312118530e-01,-1.934155225753784180e-01,1.538166105747222900e-01
-2.900872826576232910e-01,-1.910901904106140137e+00,5.963004231452941895e-01,2.167589496821165085e-03,4.769132938235998154e-03,7.197648286819458008e-01,6.941981911659240723e-01,-1.216859892010688782e-01,1.000402495265007019e-01,-7.847017049789428711e-02,1.588585674762725830e-01,-1.510263234376907349e-01,-9.490872174501419067e-02,-8.195001631975173950e-02,-1.451482027769088745e-01,1.265874654054641724e-01,1.559687256813049316e-01,-1.966059654951095581e-01,1.546386480331420898e-01
-2.900693714618682861e-01,-1.910512804985046387e+00,5.961217284202575684e-01,1.893459470011293888e-03,5.559596698731184006e-03,7.203562259674072266e-01,6.935794353485107422e-01,-1.206946372985839844e-01,9.882122278213500977e-02,-8.031997084617614746e-02,1.562035083770751953e-01,-1.484788954257965088e-01,-9.191671013832092285e-02,-8.188029378652572632e-02,-1.466054916381835938e-01,1.231515929102897644e-01,1.533871144056320190e-01,-1.961493045091629028e-01,1.551851183176040649e-01
-2.906537950038909912e-01,-1.910796880722045898e+00,5.961574316024780273e-01,7.977759814821183681e-04,5.875800270587205887e-03,7.223030328750610352e-01,6.915513277053833008e-01,-1.203753575682640076e-01,9.878863394260406494e-02,-8.214265853166580200e-02,1.531159579753875732e-01,-1.523912250995635986e-01,-9.241484850645065308e-02,-8.565676212310791016e-02,-1.459197402000427246e-01,1.210766956210136414e-01,1.542898863554000854e-01,-1.977325677871704102e-01,1.554887741804122925e-01
-2.908210456371307373e-01,-1.910247921943664551e+00,5.961617231369018555e-01,-6.818697875132784247e-05,5.931803956627845764e-03,7.218027114868164062e-01,6.920734047889709473e-01,-1.200715899467468262e-01,9.925089776515960693e-02,-8.194845169782638550e-02,1.517306566238403320e-01,-1.534385681152343750e-01,-9.241656213998794556e-02,-8.451447635889053345e-02,-1.460127830505371094e-01,1.169802173972129822e-01,1.511262357234954834e-01,-1.957507729530334473e-01,1.569117307662963867e-01
-2.911367416381835938e-01,-1.909826755523681641e+00,5.963767170906066895e-01,-9.030064102262258530e-04,6.685784086585044861e-03,7.228552699089050293e-01,6.909665465354919434e-01,-1.200461238622665405e-01,9.907481819391250610e-02,-8.144544064998626709e-02,1.500608175992965698e-01,-1.581431925296783447e-01,-9.185178577899932861e-02,-8.512645959854125977e-02,-1.456480771303176880e-01,1.206558495759963989e-01,1.508422195911407471e-01,-2.029158771038055420e-01,1.575484424829483032e-01
-2.915818691253662109e-01,-1.909233331680297852e+00,5.961687564849853516e-01,-1.240571378730237484e-03,7.398209534585475922e-03,7.232553958892822266e-01,6.905398964881896973e-01,-1.202466413378715515e-01,9.761966019868850708e-02,-8.309987932443618774e-02,1.502137482166290283e-01,-1.576655805110931396e-01,-8.972997963428497314e-02,-8.178688585758209229e-02,-1.481955051422119141e-01,1.157520860433578491e-01,1.421281546354293823e-01,-1.996677964925765991e-01,1.564805060625076294e-01
-2.916445732116699219e-01,-1.908763885498046875e+00,5.961379408836364746e-01,-2.722431439906358719e-03,8.121759630739688873e-03,7.229081392288208008e-01,6.908910870552062988e-01,-1.213329881429672241e-01,9.759032726287841797e-02,-8.546213060617446899e-02,1.474475711584091187e-01,-1.572074592113494873e-01,-9.150723367929458618e-02,-8.810158073902130127e-02,-1.465155035257339478e-01,1.165885552763938904e-01,1.496935039758682251e-01,-2.016854733228683472e-01,1.594326943159103394e-01
-2.924263477325439453e-01,-1.908017158508300781e+00,5.961487293243408203e-01,-3.378228051587939262e-03,8.265390060842037201e-03,7.242734432220458984e-01,6.894550919532775879e-01,-1.185484603047370911e-01,9.714010357856750488e-02,-8.547642827033996582e-02,1.443083733320236206e-01,-1.584734767675399780e-01,-9.182856231927871704e-02,-9.000318497419357300e-02,-1.473159492015838623e-01,1.105525791645050049e-01,1.528262794017791748e-01,-2.036449462175369263e-01,1.603807508945465088e-01
-2.930156588554382324e-01,-1.907488226890563965e+00,5.961953997611999512e-01,-3.994695376604795456e-03,9.383094497025012970e-03,7.248978018760681152e-01,6.887809634208679199e-01,-1.187384799122810364e-01,9.460008889436721802e-02,-8.739332854747772217e-02,1.428466737270355225e-01,-1.591587066650390625e-01,-8.969842642545700073e-02,-8.998642861843109131e-02,-1.485570520162582397e-01,1.117403805255889893e-01,1.509156972169876099e-01,-2.085169553756713867e-01,1.607186496257781982e-01
-2.936759591102600098e-01,-1.906457304954528809e+00,5.959675908088684082e-01,-3.597081638872623444e-03,8.850744925439357758e-03,7.265312075614929199e-01,6.870670318603515625e-01,-1.141530051827430725e-01,9.333958476781845093e-02,-9.330177307128906250e-02,1.423643082380294800e-01,-1.636428534984588623e-01,-8.110380172729492188e-02,-8.520960807800292969e-02,-1.503702849149703979e-01,1.072298288345336914e-01,1.471829116344451904e-01,-2.093513011932373047e-01,1.595978587865829468e-01
-2.948892712593078613e-01,-1.905708312988281250e+00,5.958707332611083984e-01,-4.893155768513679504e-03,7.571510039269924164e-03,7.278596758842468262e-01,6.856668591499328613e-01,-1.112601682543754578e-01,9.521986544132232666e-02,-9.486253559589385986e-02,1.422357112169265747e-01,-1.710007786750793457e-01,-8.317117393016815186e-02,-8.862939476966857910e-02,-1.491059362888336182e-01,1.017266660928726196e-01,1.561590433120727539e-01,-2.111788094043731689e-01,1.608837842941284180e-01
-2.957440614700317383e-01,-1.903929948806762695e+00,5.956265330314636230e-01,-7.093559950590133667e-03,8.420350030064582825e-03,7.268561124801635742e-01,6.867014765739440918e-01,-1.158789396286010742e-01,9.498751908540725708e-02,-9.265304356813430786e-02,1.477991342544555664e-01,-1.739767640829086304e-01,-8.560165017843246460e-02,-9.484104812145233154e-02,-1.489274352788925171e-01,1.010408550500869751e-01,1.663215905427932739e-01,-2.136748284101486206e-01,1.654586344957351685e-01
-2.973915338516235352e-01,-1.902307271957397461e+00,5.955699682235717773e-01,-7.816774770617485046e-03,7.920826785266399384e-03,7.290346026420593262e-01,6.843863725662231445e-01,-1.154154837131500244e-01,9.372557699680328369e-02,-9.519993513822555542e-02,1.562494784593582153e-01,-1.801030188798904419e-01,-9.208296984434127808e-02,-9.414742887020111084e-02,-1.510336995124816895e-01,9.345792233943939209e-02,1.669655293226242065e-01,-2.139940112829208374e-01,1.680561602115631104e-01
-2.984153628349304199e-01,-1.900652647018432617e+00,5.955765843391418457e-01,-9.300279431045055389e-03,8.310203440487384796e-03,7.294741272926330566e-01,6.838946342468261719e-01,-1.187744513154029846e-01,9.176699072122573853e-02,-1.049339473247528076e-01,1.635535657405853271e-01,-1.786068230867385864e-01,-9.765866398811340332e-02,-1.025662571191787720e-01,-1.493669599294662476e-01,1.058722510933876038e-01,1.807674169540405273e-01,-2.160040289163589478e-01,1.647883206605911255e-01
-2.994038760662078857e-01,-1.898905158042907715e+00,5.954887866973876953e-01,-1.040983106940984726e-02,7.898523472249507904e-03,7.300245165824890137e-01,6.832960247993469238e-01,-1.205441206693649292e-01,9.143604338169097900e-02,-1.089286580681800842e-01,1.681023836135864258e-01,-1.743949949741363525e-01,-9.430190920829772949e-02,-1.067152768373489380e-01,-1.480205506086349487e-01,1.186866611242294312e-01,1.916596889495849609e-01,-2.063903361558914185e-01,1.542560905218124390e-01
-3.009501993656158447e-01,-1.897542476654052734e+00,5.960136055946350098e-01,-1.197833474725484848e-02,8.269928395748138428e-03,7.305417656898498535e-01,6.827128529548645020e-01,-1.258364766836166382e-01,8.956352621316909790e-02,-1.162143126130104065e-01,1.749101281166076660e-01,-1.737450361251831055e-01,-9.972400218248367310e-02,-1.087661162018775940e-01,-1.484583020210266113e-01,1.188056096434593201e-01,1.919046789407730103e-01,-2.016613483428955078e-01,1.527861803770065308e-01
-3.019987046718597412e-01,-1.895989298820495605e+00,5.962332487106323242e-01,-1.299034524708986282e-02,9.245471097528934479e-03,7.299082279205322266e-01,6.833591461181640625e-01,-1.302849054336547852e-01,8.736187219619750977e-02,-1.190150231122970581e-01,1.819397509098052979e-01,-1.724289953708648682e-01,-9.412521868944168091e-02,-1.024752557277679443e-01,-1.511722952127456665e-01,1.198798939585685730e-01,1.784519255161285400e-01,-1.972105056047439575e-01,1.521081477403640747e-01
-3.029507100582122803e-01,-1.895314812660217285e+00,5.965077877044677734e-01,-1.474170852452516556e-02,1.045885495841503143e-02,7.313123941421508789e-01,6.818031072616577148e-01,-1.325078606605529785e-01,8.511194586753845215e-02,-1.282518059015274048e-01,1.831527799367904663e-01,-1.688066422939300537e-01,-9.480860829353332520e-02,-1.048950701951980591e-01,-1.524249762296676636e-01,1.165548339486122131e-01,1.751445680856704712e-01,-1.938400864601135254e-01,1.527797132730484009e-01
-3.038988411426544189e-01,-1.894423842430114746e+00,5.965707302093505859e-01,-1.554323546588420868e-02,1.032503973692655563e-02,7.309659719467163086e-01,6.821587681770324707e-01,-1.302789747714996338e-01,8.550230413675308228e-02,-1.271762847900390625e-01,1.806560456752777100e-01,-1.678735762834548950e-01,-9.238405525684356689e-02,-1.033194586634635925e-01,-1.529703140258789062e-01,1.158546805381774902e-01,1.734275370836257935e-01,-1.920231878757476807e-01,1.526866704225540161e-01
-3.043718338012695312e-01,-1.894633173942565918e+00,5.963334441184997559e-01,-1.661988906562328339e-02,1.100715342909097672e-02,7.270352244377136230e-01,6.863107085227966309e-01,-1.378239989280700684e-01,8.476069569587707520e-02,-1.217083483934402466e-01,1.843634694814682007e-01,-1.631038039922714233e-01,-9.068083018064498901e-02,-1.056119501590728760e-01,-1.532814055681228638e-01,1.202125474810600281e-01,1.746829152107238770e-01,-1.915849149227142334e-01,1.531380265951156616e-01
-3.048251569271087646e-01,-1.893810987472534180e+00,5.963576436042785645e-01,-1.774842478334903717e-02,1.144958380609750748e-02,7.261950373649597168e-01,6.871642470359802246e-01,-1.369789838790893555e-01,8.628407865762710571e-02,-1.168168708682060242e-01,1.798530220985412598e-01,-1.638583540916442871e-01,-8.617132157087326050e-02,-1.078145653009414673e-01,-1.522091627120971680e-01,1.222219318151473999e-01,1.775061488151550293e-01,-1.923942416906356812e-01,1.533550769090652466e-01
-3.047076165676116943e-01,-1.892469644546508789e+00,5.963790416717529297e-01,-1.591828465461730957e-02,1.000933442264795303e-02,7.267450094223022461e-01,6.866499185562133789e-01,-1.240065768361091614e-01,8.631170541048049927e-02,-1.182111203670501709e-01,1.704949885606765747e-01,-1.637105345726013184e-01,-8.730180561542510986e-02,-1.007981225848197937e-01,-1.527858674526214600e-01,1.187577247619628906e-01,1.784795820713043213e-01,-1.931489109992980957e-01,1.539143472909927368e-01
-3.052247464656829834e-01,-1.893491029739379883e+00,5.962545871734619141e-01,-1.734943687915802002e-02,1.137626357376575470e-02,7.222074270248413086e-01,6.913653016090393066e-01,-1.381333470344543457e-01,8.565379679203033447e-02,-1.089174374938011169e-01,1.795786470174789429e-01,-1.583642065525054932e-01,-8.598596602678298950e-02,-1.064985841512680054e-01,-1.523977518081665039e-01,1.301116943359375000e-01,1.814441680908203125e-01,-1.974451988935470581e-01,1.553646177053451538e-01
-3.056071698665618896e-01,-1.893327951431274414e+00,5.963705182075500488e-01,-1.798121258616447449e-02,1.092352811247110367e-02,7.212853431701660156e-01,6.923184394836425781e-01,-1.385810673236846924e-01,8.775092661380767822e-02,-1.038087159395217896e-01,1.792961508035659790e-01,-1.611330062150955200e-01,-8.588512241840362549e-02,-1.046892851591110229e-01,-1.521794050931930542e-01,1.298161596059799194e-01,1.787589937448501587e-01,-1.963139325380325317e-01,1.544565558433532715e-01
-3.057961165904998779e-01,-1.892936706542968750e+00,5.962208509445190430e-01,-1.802446320652961731e-02,1.125901471823453903e-02,7.209874987602233887e-01,6.926221251487731934e-01,-1.386349946260452271e-01,8.725740760564804077e-02,-1.033385023474693298e-01,1.790210008621215820e-01,-1.601124703884124756e-01,-8.134806901216506958e-02,-1.012371405959129333e-01,-1.536790281534194946e-01,1.297700256109237671e-01,1.725988090038299561e-01,-1.948781609535217285e-01,1.514518857002258301e-01
-3.063820898532867432e-01,-1.892967104911804199e+00,5.962900519371032715e-01,-1.783552765846252441e-02,1.158153917640447617e-02,7.208769917488098145e-01,6.927366852760314941e-01,-1.387763023376464844e-01,8.550848811864852905e-02,-1.054089367389678955e-01,1.794317513704299927e-01,-1.599396020174026489e-01,-8.108563721179962158e-02,-9.911800920963287354e-02,-1.545951962471008301e-01,1.290830969810485840e-01,1.675154864788055420e-01,-1.971607357263565063e-01,1.552185863256454468e-01
-3.063691258430480957e-01,-1.893029212951660156e+00,5.963360071182250977e-01,-1.767555624246597290e-02,1.139587350189685822e-02,7.215063571929931641e-01,6.920883655548095703e-01,-1.370307356119155884e-01,8.521836996078491211e-02,-1.065419465303421021e-01,1.783402860164642334e-01,-1.598634719848632812e-01,-8.241853117942810059e-02,-9.659979492425918579e-02,-1.548850685358047485e-01,1.281471699476242065e-01,1.630507260560989380e-01,-1.978726834058761597e-01,1.541586220264434814e-01
-3.063424229621887207e-01,-1.893032073974609375e+00,5.962542891502380371e-01,-1.806682348251342773e-02,1.127223856747150421e-02,7.225293517112731934e-01,6.910122036933898926e-01,-1.341700702905654907e-01,8.628657460212707520e-02,-1.106900572776794434e-01,1.741630285978317261e-01,-1.635098457336425781e-01,-8.162593096494674683e-02,-9.723015874624252319e-02,-1.548251956701278687e-01,1.208396926522254944e-01,1.619042307138442993e-01,-1.964301317930221558e-01,1.554739028215408325e-01
-3.059674203395843506e-01,-1.892956614494323730e+00,5.960145592689514160e-01,-1.783671975135803223e-02,1.162235718220472336e-02,7.231970429420471191e-01,6.903135180473327637e-01,-1.319936662912368774e-01,8.588867634534835815e-02,-1.105368956923484802e-01,1.701709628105163574e-01,-1.641665250062942505e-01,-7.966488599777221680e-02,-9.578718245029449463e-02,-1.547996848821640015e-01,1.250514239072799683e-01,1.611024737358093262e-01,-1.992821395397186279e-01,1.520580798387527466e-01
-3.061199784278869629e-01,-1.892810225486755371e+00,5.958329439163208008e-01,-1.718580536544322968e-02,1.069143321365118027e-02,7.242373824119567871e-01,6.892535686492919922e-01,-1.259291768074035645e-01,8.672447502613067627e-02,-1.036759912967681885e-01,1.660546511411666870e-01,-1.662618517875671387e-01,-8.094482868909835815e-02,-9.156273305416107178e-02,-1.558245420455932617e-01,1.219838336110115051e-01,1.590286493301391602e-01,-2.006103247404098511e-01,1.516502648591995239e-01
-3.057609796524047852e-01,-1.892446637153625488e+00,5.957149267196655273e-01,-1.791631057858467102e-02,1.176525838673114777e-02,7.251179218292236328e-01,6.882910728454589844e-01,-1.235789731144905090e-01,8.709053695201873779e-02,-1.010363996028900146e-01,1.583144664764404297e-01,-1.698744893074035645e-01,-7.941848039627075195e-02,-9.435331076383590698e-02,-1.555768102407455444e-01,1.171183660626411438e-01,1.595789790153503418e-01,-2.031890451908111572e-01,1.569819003343582153e-01
-3.057200610637664795e-01,-1.892924070358276367e+00,5.955282449722290039e-01,-1.843735761940479279e-02,1.250150613486766815e-02,7.244250774383544922e-01,6.889935135841369629e-01,-1.278497129678726196e-01,8.633440732955932617e-02,-1.005701795220375061e-01,1.610213667154312134e-01,-1.701642721891403198e-01,-7.973393052816390991e-02,-9.703949838876724243e-02,-1.561513543128967285e-01,1.196345090866088867e-01,1.602304577827453613e-01,-2.048777788877487183e-01,1.550545394420623779e-01
-3.056314587593078613e-01,-1.892588019371032715e+00,5.955495834350585938e-01,-1.877394877374172211e-02,1.271484233438968658e-02,7.259137034416198730e-01,6.874119043350219727e-01,-1.239120513200759888e-01,8.730868250131607056e-02,-1.049689799547195435e-01,1.558231115341186523e-01,-1.720381528139114380e-01,-7.971645146608352661e-02,-9.751816093921661377e-02,-1.552173048257827759e-01,1.171587854623794556e-01,1.589358448982238770e-01,-2.058538496494293213e-01,1.570683866739273071e-01
-3.054946959018707275e-01,-1.892535209655761719e+00,5.956175327301025391e-01,-1.821786165237426758e-02,1.199231483042240143e-02,7.261304855346679688e-01,6.872109174728393555e-01,-1.216955706477165222e-01,8.747859299182891846e-02,-1.058978587388992310e-01,1.542962342500686646e-01,-1.693424433469772339e-01,-7.948637008666992188e-02,-9.519892185926437378e-02,-1.555214971303939819e-01,1.147900372743606567e-01,1.581367105245590210e-01,-2.035731971263885498e-01,1.542272418737411499e-01
-3.051705956459045410e-01,-1.892551302909851074e+00,5.957089066505432129e-01,-1.783497072756290436e-02,1.181447692215442657e-02,7.259449958801269531e-01,6.874199509620666504e-01,-1.214950755238533020e-01,8.703505247831344604e-02,-1.122003644704818726e-01,1.565474271774291992e-01,-1.690133213996887207e-01,-8.145126700401306152e-02,-9.473804384469985962e-02,-1.546854972839355469e-01,1.157227382063865662e-01,1.580842584371566772e-01,-2.019644528627395630e-01,1.538429558277130127e-01
-3.050262033939361572e-01,-1.892865777015686035e+00,5.958217382431030273e-01,-1.813736371695995331e-02,1.134686078876256943e-02,7.266188859939575195e-01,6.867075562477111816e-01,-1.220612227916717529e-01,8.916042745113372803e-02,-1.104381605982780457e-01,1.567723155021667480e-01,-1.699002534151077271e-01,-8.168765902519226074e-02,-9.698994457721710205e-02,-1.533100157976150513e-01,1.152805835008621216e-01,1.607434302568435669e-01,-1.988960206508636475e-01,1.495801210403442383e-01
-3.046205043792724609e-01,-1.892752408981323242e+00,5.958425402641296387e-01,-1.794137991964817047e-02,1.127573847770690918e-02,7.270309329032897949e-01,6.862776279449462891e-01,-1.212486997246742249e-01,8.928073942661285400e-02,-1.115761846303939819e-01,1.563634425401687622e-01,-1.695995479822158813e-01,-8.362025767564773560e-02,-9.712228924036026001e-02,-1.528754085302352905e-01,1.148893013596534729e-01,1.619973629713058472e-01,-1.976703107357025146e-01,1.490517556667327881e-01
-3.044650852680206299e-01,-1.892897605895996094e+00,5.959994196891784668e-01,-1.789494417607784271e-02,1.164494175463914871e-02,7.271437048912048340e-01,6.861532330513000488e-01,-1.233371123671531677e-01,8.897683024406433105e-02,-1.115286499261856079e-01,1.593546420335769653e-01,-1.713177859783172607e-01,-8.671981096267700195e-02,-9.822275489568710327e-02,-1.526554822921752930e-01,1.152661889791488647e-01,1.633015573024749756e-01,-2.005306184291839600e-01,1.529993563890457153e-01
-3.040351569652557373e-01,-1.892854571342468262e+00,5.958240032196044922e-01,-1.757078617811203003e-02,1.218966208398342133e-02,7.263367176055908203e-01,6.870062947273254395e-01,-1.242837756872177124e-01,8.866557478904724121e-02,-1.073565259575843811e-01,1.588744521141052246e-01,-1.688381433486938477e-01,-8.614527434110641479e-02,-9.734434634447097778e-02,-1.536490470170974731e-01,1.160935536026954651e-01,1.621702164411544800e-01,-1.993489265441894531e-01,1.539446860551834106e-01
-3.033484518527984619e-01,-1.892752289772033691e+00,5.958665609359741211e-01,-1.730524934828281403e-02,1.200889237225055695e-02,7.268161177635192871e-01,6.865090131759643555e-01,-1.228258237242698669e-01,8.938602358102798462e-02,-1.092077419161796570e-01,1.585223823785781860e-01,-1.695755124092102051e-01,-8.606060594320297241e-02,-9.718499332666397095e-02,-1.527983099222183228e-01,1.176004037261009216e-01,1.637793332338333130e-01,-1.982475966215133667e-01,1.510339975357055664e-01
-3.029053211212158203e-01,-1.892909169197082520e+00,5.958774685859680176e-01,-1.662840135395526886e-02,1.221796497702598572e-02,7.263486981391906738e-01,6.870166063308715820e-01,-1.232581287622451782e-01,8.889796584844589233e-02,-1.073416545987129211e-01,1.594055593013763428e-01,-1.673710793256759644e-01,-8.766393363475799561e-02,-9.663074463605880737e-02,-1.531656831502914429e-01,1.168202236294746399e-01,1.635798662900924683e-01,-1.986261755228042603e-01,1.520943790674209595e-01
-3.021900951862335205e-01,-1.892693638801574707e+00,5.960212945938110352e-01,-1.592632010579109192e-02,1.209768094122409821e-02,7.256243824958801270e-01,6.878002882003784180e-01,-1.220985949039459229e-01,8.980035036802291870e-02,-1.038478612899780273e-01,1.588734537363052368e-01,-1.682028025388717651e-01,-8.777360618114471436e-02,-9.435693919658660889e-02,-1.519654691219329834e-01,1.198707893490791321e-01,1.635968834161758423e-01,-2.006229460239410400e-01,1.526418626308441162e-01
-3.017686009407043457e-01,-1.892881393432617188e+00,5.960642695426940918e-01,-1.560450997203588486e-02,1.163650397211313248e-02,7.259661555290222168e-01,6.874548792839050293e-01,-1.205659359693527222e-01,9.101081639528274536e-02,-1.039780229330062866e-01,1.575300246477127075e-01,-1.687233000993728638e-01,-8.677132427692413330e-02,-9.442007541656494141e-02,-1.509685963392257690e-01,1.209326982498168945e-01,1.649644970893859863e-01,-1.980634629726409912e-01,1.503695100545883179e-01
-3.012357950210571289e-01,-1.892775654792785645e+00,5.960358381271362305e-01,-1.500638388097286224e-02,1.152729894965887070e-02,7.251440882682800293e-01,6.883371472358703613e-01,-1.199994310736656189e-01,9.136765450239181519e-02,-1.029953584074974060e-01,1.580685973167419434e-01,-1.681357920169830322e-01,-8.631068468093872070e-02,-9.364834427833557129e-02,-1.516939550638198853e-01,1.179706603288650513e-01,1.654277592897415161e-01,-1.968066096305847168e-01,1.484977453947067261e-01
-3.006036877632141113e-01,-1.892623662948608398e+00,5.961161851882934570e-01,-1.434316392987966537e-02,1.159762777388095856e-02,7.248612046241760254e-01,6.886479854583740234e-01,-1.194716691970825195e-01,9.094014018774032593e-02,-1.047874689102172852e-01,1.598784327507019043e-01,-1.687869578599929810e-01,-8.545909821987152100e-02,-9.202667325735092163e-02,-1.504134535789489746e-01,1.249971762299537659e-01,1.663525402545928955e-01,-2.002327591180801392e-01,1.477234661579132080e-01
-3.002791702747344971e-01,-1.892900109291076660e+00,5.960552692413330078e-01,-1.408657617866992950e-02,1.159374695271253586e-02,7.248544096946716309e-01,6.886605024337768555e-01,-1.195951551198959351e-01,9.186467528343200684e-02,-1.023112908005714417e-01,1.592402011156082153e-01,-1.673569679260253906e-01,-8.523795753717422485e-02,-9.224399924278259277e-02,-1.508910804986953735e-01,1.202271059155464172e-01,1.652909070253372192e-01,-1.969262361526489258e-01,1.484100818634033203e-01
-2.995856702327728271e-01,-1.892829895019531250e+00,5.960220098495483398e-01,-1.339180208742618561e-02,1.166843436658382416e-02,7.249681353569030762e-01,6.885533332824707031e-01,-1.182603985071182251e-01,9.215338528156280518e-02,-1.014560163021087646e-01,1.586914807558059692e-01,-1.670275330543518066e-01,-8.269833028316497803e-02,-9.062837064266204834e-02,-1.504409164190292358e-01,1.209390088915824890e-01,1.643745750188827515e-01,-1.969261765480041504e-01,1.495231837034225464e-01
-2.990598976612091064e-01,-1.892945408821105957e+00,5.960677266120910645e-01,-1.240986585617065430e-02,1.181540451943874359e-02,7.253249287605285645e-01,6.881933808326721191e-01,-1.168395653367042542e-01,9.050084650516510010e-02,-1.053850725293159485e-01,1.588060408830642700e-01,-1.666542738676071167e-01,-8.311700075864791870e-02,-8.907726407051086426e-02,-1.507556736469268799e-01,1.229630708694458008e-01,1.638825386762619019e-01,-1.987948268651962280e-01,1.487384289503097534e-01
-2.986135482788085938e-01,-1.893146872520446777e+00,5.961374640464782715e-01,-1.202038209885358810e-02,1.167112868279218674e-02,7.254647612571716309e-01,6.880553960800170898e-01,-1.163411065936088562e-01,9.230563044548034668e-02,-1.013434827327728271e-01,1.581820845603942871e-01,-1.674667149782180786e-01,-8.262655138969421387e-02,-8.859129995107650757e-02,-1.511963605880737305e-01,1.176792159676551819e-01,1.628417968750000000e-01,-1.952103227376937866e-01,1.491518020629882812e-01
-2.980396449565887451e-01,-1.893409729003906250e+00,5.961109995841979980e-01,-1.166994031518697739e-02,1.155040971934795380e-02,7.256639003753662109e-01,6.878533959388732910e-01,-1.162955090403556824e-01,9.181333333253860474e-02,-1.032521799206733704e-01,1.592483669519424438e-01,-1.690378040075302124e-01,-8.295079320669174194e-02,-8.920409530401229858e-02,-1.503619104623794556e-01,1.185588538646697998e-01,1.644061207771301270e-01,-1.967643648386001587e-01,1.494600921869277954e-01
-2.977105379104614258e-01,-1.893802881240844727e+00,5.961204171180725098e-01,-1.115145348012447357e-02,1.206609234213829041e-02,7.262205481529235840e-01,6.872653961181640625e-01,-1.169246137142181396e-01,9.128526598215103149e-02,-1.018953323364257812e-01,1.597734540700912476e-01,-1.684836447238922119e-01,-8.369144052267074585e-02,-9.059526771306991577e-02,-1.504511386156082153e-01,1.206049099564552307e-01,1.657788604497909546e-01,-1.989566087722778320e-01,1.496599763631820679e-01
-2.972232103347778320e-01,-1.894116282463073730e+00,5.960870981216430664e-01,-1.131376903504133224e-02,1.215904578566551208e-02,7.259085178375244141e-01,6.875907182693481445e-01,-1.186527088284492493e-01,9.264653921127319336e-02,-9.931834042072296143e-02,1.602980643510818481e-01,-1.691334396600723267e-01,-8.462305366992950439e-02,-9.232057631015777588e-02,-1.500058919191360474e-01,1.184726879000663757e-01,1.665260195732116699e-01,-1.971311271190643311e-01,1.481267064809799194e-01
-2.963527739048004150e-01,-1.894152402877807617e+00,5.961705446243286133e-01,-1.020862627774477005e-02,1.189019065350294113e-02,7.259426712989807129e-01,6.875766515731811523e-01,-1.154768988490104675e-01,9.242226183414459229e-02,-1.008670479059219360e-01,1.584826558828353882e-01,-1.691655665636062622e-01,-8.385077863931655884e-02,-8.971605449914932251e-02,-1.488077044486999512e-01,1.220166087150573730e-01,1.663806140422821045e-01,-1.993866264820098877e-01,1.478622704744338989e-01
-2.961314320564270020e-01,-1.894532084465026855e+00,5.962394475936889648e-01,-1.074441708624362946e-02,1.257303170859813690e-02,7.263134121894836426e-01,6.871646642684936523e-01,-1.185206472873687744e-01,9.380837529897689819e-02,-9.760325402021408081e-02,1.591872572898864746e-01,-1.699899882078170776e-01,-8.501097559928894043e-02,-9.348333626985549927e-02,-1.487434059381484985e-01,1.201221421360969543e-01,1.678286939859390259e-01,-1.980813890695571899e-01,1.457888782024383545e-01
-2.955481410026550293e-01,-1.894544482231140137e+00,5.962542891502380371e-01,-9.775529615581035614e-03,1.202182844281196594e-02,7.258817553520202637e-01,6.876449584960937500e-01,-1.163173317909240723e-01,9.352447837591171265e-02,-9.903080761432647705e-02,1.597044616937637329e-01,-1.704753339290618896e-01,-8.547578006982803345e-02,-9.001180529594421387e-02,-1.483093649148941040e-01,1.219572871923446655e-01,1.664597541093826294e-01,-1.995737105607986450e-01,1.457374691963195801e-01
-2.950740456581115723e-01,-1.894509315490722656e+00,5.961602330207824707e-01,-9.649950079619884491e-03,1.288061309605836868e-02,7.250456809997558594e-01,6.885127425193786621e-01,-1.196121871471405029e-01,9.304153174161911011e-02,-9.702752530574798584e-02,1.627404093742370605e-01,-1.699641197919845581e-01,-8.281645178794860840e-02,-8.965624123811721802e-02,-1.489566564559936523e-01,1.254595518112182617e-01,1.647430956363677979e-01,-2.004333287477493286e-01,1.460153609514236450e-01
-2.946771383285522461e-01,-1.894819140434265137e+00,5.961699485778808594e-01,-9.879982098937034607e-03,1.445631682872772217e-02,7.244662046432495117e-01,6.890878677368164062e-01,-1.247250735759735107e-01,9.235746413469314575e-02,-9.511146694421768188e-02,1.650027185678482056e-01,-1.675745844841003418e-01,-7.948418706655502319e-02,-9.250804036855697632e-02,-1.501980572938919067e-01,1.271226555109024048e-01,1.643592864274978638e-01,-2.011017948389053345e-01,1.467810869216918945e-01
-2.937810420989990234e-01,-1.896498918533325195e+00,5.963490009307861328e-01,-9.791593998670578003e-03,1.440269686281681061e-02,7.225549221038818359e-01,6.910941600799560547e-01,-1.330856084823608398e-01,9.376937150955200195e-02,-9.070479124784469604e-02,1.713657826185226440e-01,-1.663991063833236694e-01,-7.698521763086318970e-02,-9.518343955278396606e-02,-1.491415947675704956e-01,1.309231519699096680e-01,1.646386384963989258e-01,-2.000425755977630615e-01,1.445889472961425781e-01
-2.932045161724090576e-01,-1.896009325981140137e+00,5.966605544090270996e-01,-7.970807142555713654e-03,1.388270501047372818e-02,7.210764884948730469e-01,6.926705241203308105e-01,-1.283372789621353149e-01,9.436116367578506470e-02,-8.555289357900619507e-02,1.679783463478088379e-01,-1.606079936027526855e-01,-7.494458556175231934e-02,-8.771868795156478882e-02,-1.498817503452301025e-01,1.342455148696899414e-01,1.594025790691375732e-01,-1.962898820638656616e-01,1.386033445596694946e-01
-2.941256165504455566e-01,-1.896797895431518555e+00,5.968315601348876953e-01,-4.690754227340221405e-03,1.178858987987041473e-02,7.198522090911865234e-01,6.940113902091979980e-01,-1.246561706066131592e-01,9.086354076862335205e-02,-8.385328203439712524e-02,1.724025607109069824e-01,-1.564922630786895752e-01,-7.241763919591903687e-02,-7.767644524574279785e-02,-1.540455967187881470e-01,1.357920020818710327e-01,1.531382501125335693e-01,-1.920628398656845093e-01,1.405569016933441162e-01
-2.952393293380737305e-01,-1.894759535789489746e+00,5.969399809837341309e-01,-5.208578892052173615e-03,1.110477000474929810e-02,7.285687923431396484e-01,6.848628520965576172e-01,-1.018685773015022278e-01,8.974546194076538086e-02,-1.097988784313201904e-01,1.487007737159729004e-01,-1.607588231563568115e-01,-5.272218212485313416e-02,-7.847055792808532715e-02,-1.543624848127365112e-01,1.168611496686935425e-01,1.583237200975418091e-01,-2.061803489923477173e-01,1.413102000951766968e-01
-2.911043167114257812e-01,-1.899653315544128418e+00,5.966684818267822266e-01,-9.362632408738136292e-03,1.880585029721260071e-02,7.187486290931701660e-01,6.949525475502014160e-01,-1.500715315341949463e-01,9.316160529851913452e-02,-8.025649935007095337e-02,1.754932254552841187e-01,-1.609976440668106079e-01,-7.212251424789428711e-02,-1.036664620041847229e-01,-1.509847491979598999e-01,1.431512683629989624e-01,1.616759151220321655e-01,-2.052230536937713623e-01,1.447368562221527100e-01
-2.903577387332916260e-01,-1.899670124053955078e+00,5.969282388687133789e-01,-9.959389455616474152e-03,2.129746787250041962e-02,7.153043150901794434e-01,6.984174847602844238e-01,-1.578408479690551758e-01,9.245074540376663208e-02,-7.214274257421493530e-02,1.767482459545135498e-01,-1.577913314104080200e-01,-7.302769273519515991e-02,-1.037759333848953247e-01,-1.516614705324172974e-01,1.526598781347274780e-01,1.564987450838088989e-01,-2.059554606676101685e-01,1.518500149250030518e-01
-2.897811532020568848e-01,-1.899177312850952148e+00,5.971811413764953613e-01,-8.509282022714614868e-03,2.040795795619487762e-02,7.133917808532714844e-01,7.004164457321166992e-01,-1.507867276668548584e-01,9.417676925659179688e-02,-6.598147004842758179e-02,1.694018542766571045e-01,-1.538355052471160889e-01,-7.154793292284011841e-02,-9.646024554967880249e-02,-1.512140482664108276e-01,1.568256467580795288e-01,1.519739329814910889e-01,-2.020264416933059692e-01,1.542208343744277954e-01
-2.888819277286529541e-01,-1.897951364517211914e+00,5.975041389465332031e-01,-8.182754740118980408e-03,2.034394256770610809e-02,7.115495800971984863e-01,7.022936940193176270e-01,-1.472190320491790771e-01,9.644746780395507812e-02,-6.070473045110702515e-02,1.661565601825714111e-01,-1.545316129922866821e-01,-7.259720563888549805e-02,-9.131360054016113281e-02,-1.494946181774139404e-01,1.602617204189300537e-01,1.494681239128112793e-01,-2.027387470006942749e-01,1.556339710950851440e-01
-2.874692678451538086e-01,-1.897261857986450195e+00,5.976084470748901367e-01,-5.807938054203987122e-03,1.943743601441383362e-02,7.091538310050964355e-01,7.047618627548217773e-01,-1.404130458831787109e-01,9.776783734560012817e-02,-5.437723547220230103e-02,1.631888449192047119e-01,-1.531100273132324219e-01,-7.584647089242935181e-02,-8.204879611730575562e-02,-1.483405530452728271e-01,1.678705513477325439e-01,1.462632566690444946e-01,-2.030100077390670776e-01,1.549302935600280762e-01
-2.863698303699493408e-01,-1.896693110466003418e+00,5.976062417030334473e-01,-5.937120877206325531e-03,1.946854218840599060e-02,7.069679498672485352e-01,7.069526314735412598e-01,-1.386388391256332397e-01,1.007586196064949036e-01,-4.731481522321701050e-02,1.586534380912780762e-01,-1.527269482612609863e-01,-8.056893944740295410e-02,-8.383030444383621216e-02,-1.460015028715133667e-01,1.720852404832839966e-01,1.538383662700653076e-01,-2.075240612030029297e-01,1.555078923702239990e-01
-2.849352955818176270e-01,-1.896316289901733398e+00,5.975678563117980957e-01,-5.066196899861097336e-03,2.018919773399829865e-02,7.056404948234558105e-01,7.082642316818237305e-01,-1.400666236877441406e-01,1.013291701674461365e-01,-4.491973668336868286e-02,1.619803756475448608e-01,-1.548098772764205933e-01,-8.035626262426376343e-02,-8.210244029760360718e-02,-1.452881395816802979e-01,1.757225394248962402e-01,1.546003818511962891e-01,-2.110504359006881714e-01,1.595847755670547485e-01
-2.847093641757965088e-01,-1.896056890487670898e+00,5.973536372184753418e-01,-5.195672158151865005e-03,2.029539272189140320e-02,7.065610885620117188e-01,7.073418498039245605e-01,-1.398533135652542114e-01,1.017042547464370728e-01,-4.625269398093223572e-02,1.634117364883422852e-01,-1.568184942007064819e-01,-8.221663534641265869e-02,-8.383452892303466797e-02,-1.441191434860229492e-01,1.782915890216827393e-01,1.581098884344100952e-01,-2.135690450668334961e-01,1.610878258943557739e-01
-2.842487096786499023e-01,-1.895832300186157227e+00,5.972619056701660156e-01,-5.607971455901861191e-03,1.955770328640937805e-02,7.075252532958984375e-01,7.063951492309570312e-01,-1.384036242961883545e-01,1.046962812542915344e-01,-4.471901804208755493e-02,1.635338068008422852e-01,-1.612286865711212158e-01,-8.838697522878646851e-02,-8.444534242153167725e-02,-1.423670202493667603e-01,1.730546504259109497e-01,1.592340022325515747e-01,-2.121973931789398193e-01,1.582645475864410400e-01
-2.840619087219238281e-01,-1.895736455917358398e+00,5.971716046333312988e-01,-5.219863262027502060e-03,1.968897506594657898e-02,7.092116475105285645e-01,7.047013044357299805e-01,-1.376556158065795898e-01,1.031100153923034668e-01,-4.941984638571739197e-02,1.655502319335937500e-01,-1.640930622816085815e-01,-8.899828791618347168e-02,-8.474697917699813843e-02,-1.429665088653564453e-01,1.687020510435104370e-01,1.602626144886016846e-01,-2.149142622947692871e-01,1.617307811975479126e-01
-2.821257114410400391e-01,-1.892246007919311523e+00,5.974075794219970703e-01,3.736362792551517487e-03,1.395409740507602692e-02,7.023912072181701660e-01,7.116445302963256836e-01,-1.109865009784698486e-01,1.038969531655311584e-01,-3.013134934008121490e-02,1.649856865406036377e-01,-1.691073626279830933e-01,-8.603078871965408325e-02,-3.788867220282554626e-02,-1.456211954355239868e-01,1.833664774894714355e-01,1.330465525388717651e-01,-2.095034867525100708e-01,1.581888496875762939e-01
-2.814107239246368408e-01,-1.891884565353393555e+00,5.973740816116333008e-01,5.661244969815015793e-03,1.334508508443832397e-02,7.006947398185729980e-01,7.133139371871948242e-01,-1.084480062127113342e-01,1.037500575184822083e-01,-2.728054299950599670e-02,1.676491647958755493e-01,-1.669994145631790161e-01,-8.602102845907211304e-02,-3.156295046210289001e-02,-1.462450474500656128e-01,1.876681298017501831e-01,1.319775581359863281e-01,-2.107731252908706665e-01,1.568733304738998413e-01
-2.830076813697814941e-01,-1.894729614257812500e+00,5.973338484764099121e-01,2.668215893208980560e-03,1.464435365051031113e-02,7.072902917861938477e-01,7.067664861679077148e-01,-1.187220290303230286e-01,1.018246635794639587e-01,-4.578825086355209351e-02,1.704781502485275269e-01,-1.670046299695968628e-01,-8.384945988655090332e-02,-5.439937114715576172e-02,-1.459905654191970825e-01,1.728553622961044312e-01,1.442593187093734741e-01,-2.029124200344085693e-01,1.554974317550659180e-01
-2.830794155597686768e-01,-1.896070837974548340e+00,5.974656939506530762e-01,4.525950644165277481e-04,1.638814993202686310e-02,7.116376161575317383e-01,7.023554444313049316e-01,-1.248461604118347168e-01,1.003856956958770752e-01,-5.921136215329170227e-02,1.705503314733505249e-01,-1.711543649435043335e-01,-8.475129306316375732e-02,-7.248721271753311157e-02,-1.449255049228668213e-01,1.630671471357345581e-01,1.586840599775314331e-01,-2.066343426704406738e-01,1.581796407699584961e-01
-2.830280959606170654e-01,-1.896303415298461914e+00,5.974003672599792480e-01,-6.842427537776529789e-04,1.750056073069572449e-02,7.143051028251647949e-01,6.996152400970458984e-01,-1.271438449621200562e-01,1.001335531473159790e-01,-6.475689262151718140e-02,1.701734364032745361e-01,-1.721844077110290527e-01,-8.618792146444320679e-02,-7.790749520063400269e-02,-1.456282585859298706e-01,1.551601588726043701e-01,1.576223969459533691e-01,-2.019972056150436401e-01,1.550396084785461426e-01
-2.826390266418457031e-01,-1.896771788597106934e+00,5.973591804504394531e-01,-1.007816637866199017e-03,1.770203374326229095e-02,7.162356376647949219e-01,6.976332664489746094e-01,-1.290323883295059204e-01,1.002559065818786621e-01,-6.977052986621856689e-02,1.719290614128112793e-01,-1.717236042022705078e-01,-8.882501721382141113e-02,-8.713766187429428101e-02,-1.434849500656127930e-01,1.536274552345275879e-01,1.702997833490371704e-01,-2.029179781675338745e-01,1.563272923231124878e-01
-2.813964784145355225e-01,-1.896914124488830566e+00,5.974912643432617188e-01,1.513929455541074276e-04,1.838379539549350739e-02,7.160862088203430176e-01,6.977697014808654785e-01,-1.306040287017822266e-01,9.928092360496520996e-02,-7.211126387119293213e-02,1.751980632543563843e-01,-1.725251078605651855e-01,-8.586326241493225098e-02,-8.728289604187011719e-02,-1.434370279312133789e-01,1.507055759429931641e-01,1.716065555810928345e-01,-2.014770656824111938e-01,1.605387181043624878e-01
-2.809304296970367432e-01,-1.897813796997070312e+00,5.974563360214233398e-01,8.304317598231136799e-04,1.838125102221965790e-02,7.165501117706298828e-01,6.972929239273071289e-01,-1.343471854925155640e-01,9.932158887386322021e-02,-7.658651471138000488e-02,1.814206093549728394e-01,-1.688914895057678223e-01,-8.319509029388427734e-02,-8.975045382976531982e-02,-1.437671929597854614e-01,1.483178436756134033e-01,1.728123575448989868e-01,-1.964735984802246094e-01,1.602432876825332642e-01
-2.800143957138061523e-01,-1.898905038833618164e+00,5.974980592727661133e-01,1.308776321820914745e-03,1.843333244323730469e-02,7.165758013725280762e-01,6.972643733024597168e-01,-1.385051161050796509e-01,9.876611828804016113e-02,-8.412749320268630981e-02,1.853820681571960449e-01,-1.669967770576477051e-01,-8.770503103733062744e-02,-9.103889763355255127e-02,-1.426748782396316528e-01,1.498667746782302856e-01,1.720304042100906372e-01,-1.938794851303100586e-01,1.638692170381546021e-01
-2.797739803791046143e-01,-1.900302410125732422e+00,5.977519750595092773e-01,1.095363753847777843e-03,1.843778975307941437e-02,7.168014049530029297e-01,6.970326900482177734e-01,-1.414262801408767700e-01,9.863817691802978516e-02,-9.335111081600189209e-02,1.848118305206298828e-01,-1.665648221969604492e-01,-8.464539051055908203e-02,-9.698965400457382202e-02,-1.422767490148544312e-01,1.474784761667251587e-01,1.756122559309005737e-01,-1.905176937580108643e-01,1.598877757787704468e-01
-2.797223031520843506e-01,-1.902375936508178711e+00,5.977302193641662598e-01,1.973818056285381317e-03,1.661382615566253662e-02,7.193922400474548340e-01,6.944025158882141113e-01,-1.414086967706680298e-01,9.858988970518112183e-02,-1.075991317629814148e-01,1.868340820074081421e-01,-1.601291298866271973e-01,-7.985605299472808838e-02,-1.017777919769287109e-01,-1.405648291110992432e-01,1.474026292562484741e-01,1.810205727815628052e-01,-1.772176027297973633e-01,1.545049250125885010e-01
-2.805913686752319336e-01,-1.905197978019714355e+00,5.985177159309387207e-01,3.959743306040763855e-03,1.690438948571681976e-02,7.227761149406433105e-01,6.908641457557678223e-01,-1.439427286386489868e-01,8.999242633581161499e-02,-1.246519535779953003e-01,1.903992146253585815e-01,-1.541437506675720215e-01,-7.530634850263595581e-02,-1.134082078933715820e-01,-1.443979740142822266e-01,1.421701014041900635e-01,1.913637518882751465e-01,-1.705753952264785767e-01,1.665859818458557129e-01
-2.822463214397430420e-01,-1.908999919891357422e+00,5.987676382064819336e-01,3.545649349689483643e-03,1.735056936740875244e-02,7.264738678932189941e-01,6.869658231735229492e-01,-1.547041088342666626e-01,8.396183699369430542e-02,-1.413110047578811646e-01,1.990963220596313477e-01,-1.510153561830520630e-01,-7.192600518465042114e-02,-1.306165903806686401e-01,-1.467415243387222290e-01,1.386255025863647461e-01,2.014936953783035278e-01,-1.606558412313461304e-01,1.692890524864196777e-01
-2.847057878971099854e-01,-1.914251327514648438e+00,5.989094376564025879e-01,2.024007728323340416e-03,1.671018265187740326e-02,7.298806905746459961e-01,6.833673119544982910e-01,-1.694181710481643677e-01,7.860285788774490356e-02,-1.491250395774841309e-01,2.089537531137466431e-01,-1.437589675188064575e-01,-6.998803466558456421e-02,-1.481018513441085815e-01,-1.486882865428924561e-01,1.367121487855911255e-01,2.072464972734451294e-01,-1.408768147230148315e-01,1.614497900009155273e-01
-2.862889468669891357e-01,-1.917728424072265625e+00,5.995365977287292480e-01,4.721547942608594894e-03,1.669856905937194824e-02,7.275262475013732910e-01,6.858603358268737793e-01,-1.755014359951019287e-01,6.996907293796539307e-02,-1.525054126977920532e-01,2.138582468032836914e-01,-1.456395238637924194e-01,-6.800808757543563843e-02,-1.434225887060165405e-01,-1.510773301124572754e-01,1.415835171937942505e-01,1.974294483661651611e-01,-1.374140679836273193e-01,1.569354385137557983e-01
-2.907475829124450684e-01,-1.925080537796020508e+00,5.997118949890136719e-01,7.603321573697030544e-04,2.487434074282646179e-02,7.364679574966430664e-01,6.760145425796508789e-01,-2.088266611099243164e-01,4.865366593003273010e-02,-1.735279262065887451e-01,2.256934046745300293e-01,-1.392336934804916382e-01,-5.518820136785507202e-02,-1.854369044303894043e-01,-1.608927696943283081e-01,1.189319565892219543e-01,2.183332741260528564e-01,-1.517731994390487671e-01,1.599327623844146729e-01
-2.944195568561553955e-01,-1.931440711021423340e+00,6.010178327560424805e-01,1.488104579038918018e-03,3.186794370412826538e-02,7.451819181442260742e-01,6.660976409912109375e-01,-2.282021492719650269e-01,2.086418122053146362e-02,-1.962216943502426147e-01,2.353723794221878052e-01,-1.368106603622436523e-01,-4.748975485563278198e-02,-1.965581327676773071e-01,-1.586457490921020508e-01,1.375473886728286743e-01,2.238018065690994263e-01,-1.820577681064605713e-01,1.601862609386444092e-01
-2.977943420410156250e-01,-1.937084913253784180e+00,6.023317575454711914e-01,3.960766363888978958e-03,3.661253675818443298e-02,7.543638944625854492e-01,6.554227471351623535e-01,-2.389929741621017456e-01,-4.992649890482425690e-03,-2.186739146709442139e-01,2.458371669054031372e-01,-1.349724233150482178e-01,-3.828478232026100159e-02,-1.912216991186141968e-01,-1.406801193952560425e-01,1.827962249517440796e-01,2.295979708433151245e-01,-2.036799043416976929e-01,1.525844782590866089e-01
-3.018866181373596191e-01,-1.942313313484191895e+00,6.032446026802062988e-01,3.477410878986120224e-03,4.237096384167671204e-02,7.672575116157531738e-01,6.399285197257995605e-01,-2.505219578742980957e-01,-3.204109892249107361e-02,-2.491995543241500854e-01,2.556134760379791260e-01,-1.405744850635528564e-01,-2.762339450418949127e-02,-1.962302774190902710e-01,-1.215832829475402832e-01,1.886160224676132202e-01,2.409573644399642944e-01,-2.109140008687973022e-01,1.413920819759368896e-01
-3.064104616641998291e-01,-1.948461055755615234e+00,6.036405563354492188e-01,1.496446435339748859e-03,4.785239696502685547e-02,7.774052023887634277e-01,6.271754503250122070e-01,-2.721008360385894775e-01,-6.216349825263023376e-02,-2.804816961288452148e-01,2.758061885833740234e-01,-1.483470648527145386e-01,-1.974634826183319092e-02,-2.086888104677200317e-01,-9.989951550960540771e-02,1.669460535049438477e-01,2.547587156295776367e-01,-2.022227495908737183e-01,1.298620849847793579e-01
-3.123773038387298584e-01,-1.955378055572509766e+00,6.036248803138732910e-01,3.723643894772976637e-04,5.304723232984542847e-02,7.874568700790405273e-01,6.140826940536499023e-01,-2.924095094203948975e-01,-9.283303469419479370e-02,-2.977836728096008301e-01,2.961405217647552490e-01,-1.471970528364181519e-01,-1.066655199974775314e-02,-2.160667479038238525e-01,-7.032655179500579834e-02,1.608639359474182129e-01,2.650188803672790527e-01,-1.929327398538589478e-01,1.228260174393653870e-01
-3.188958466053009033e-01,-1.962298512458801270e+00,6.032766103744506836e-01,2.469771075993776321e-03,5.716596916317939758e-02,7.966328859329223633e-01,6.017491221427917480e-01,-3.049516379833221436e-01,-1.268406808376312256e-01,-3.138493299484252930e-01,3.151087164878845215e-01,-1.491165608167648315e-01,4.751020576804876328e-03,-2.133532911539077759e-01,-3.595202043652534485e-02,1.670148968696594238e-01,2.653459608554840088e-01,-1.835558265447616577e-01,1.138389334082603455e-01
-3.269962072372436523e-01,-1.968675494194030762e+00,6.034696698188781738e-01,1.713601639494299889e-03,6.056004762649536133e-02,8.073140382766723633e-01,5.870038866996765137e-01,-3.119637966156005859e-01,-1.619221866130828857e-01,-3.394686877727508545e-01,3.317791521549224854e-01,-1.632530540227890015e-01,5.789532326161861420e-03,-2.178408950567245483e-01,9.014702402055263519e-03,1.816753000020980835e-01,2.664586007595062256e-01,-1.831936240196228027e-01,1.039329171180725098e-01
-3.359378576278686523e-01,-1.975556254386901855e+00,6.030725836753845215e-01,6.557420711033046246e-04,6.412439793348312378e-02,8.184437751770019531e-01,5.709968209266662598e-01,-3.194354474544525146e-01,-2.048663794994354248e-01,-3.809353709220886230e-01,3.529279232025146484e-01,-1.737046837806701660e-01,1.684615574777126312e-02,-2.284424155950546265e-01,5.509906634688377380e-02,2.079025655984878540e-01,2.655173242092132568e-01,-1.918038427829742432e-01,8.888991177082061768e-02
-3.464048206806182861e-01,-1.982195615768432617e+00,6.023390293121337891e-01,-8.192921523004770279e-04,6.674546003341674805e-02,8.305395841598510742e-01,5.529451370239257812e-01,-3.193026781082153320e-01,-2.424675673246383667e-01,-4.065763354301452637e-01,3.661076724529266357e-01,-1.758690923452377319e-01,2.852107957005500793e-02,-2.403186708688735962e-01,9.779883921146392822e-02,2.487995922565460205e-01,2.561162114143371582e-01,-1.993830949068069458e-01,6.811224669218063354e-02
-3.577125370502471924e-01,-1.989261150360107422e+00,6.010257005691528320e-01,-2.730450592935085297e-03,6.758740544319152832e-02,8.425261974334716797e-01,5.343913435935974121e-01,-3.153439760208129883e-01,-2.822160422801971436e-01,-4.412415027618408203e-01,3.819509148597717285e-01,-1.832647770643234253e-01,4.066569358110427856e-02,-2.538745403289794922e-01,1.429304927587509155e-01,3.063031136989593506e-01,2.528336942195892334e-01,-2.064311504364013672e-01,4.805067181587219238e-02
-3.695425689220428467e-01,-1.996852159500122070e+00,5.989335775375366211e-01,-6.687372457236051559e-03,6.732571870088577271e-02,8.536116480827331543e-01,5.164975523948669434e-01,-3.113150298595428467e-01,-3.215570747852325439e-01,-4.844382107257843018e-01,3.984413743019104004e-01,-1.906566023826599121e-01,5.144826695322990417e-02,-2.729030549526214600e-01,1.899035423994064331e-01,3.839383721351623535e-01,2.599005401134490967e-01,-2.121724188327789307e-01,2.948050387203693390e-02
-3.827379047870635986e-01,-2.004944801330566406e+00,5.964084267616271973e-01,-1.149624213576316833e-02,6.820172816514968872e-02,8.640162348747253418e-01,4.986905753612518311e-01,-3.093707859516143799e-01,-3.575360774993896484e-01,-5.074440240859985352e-01,4.099692106246948242e-01,-1.876965463161468506e-01,6.521406769752502441e-02,-2.931981682777404785e-01,2.262522876262664795e-01,4.765058159828186035e-01,2.743159234523773193e-01,-2.250220030546188354e-01,2.336922660470008850e-02
-3.971714377403259277e-01,-2.013325214385986328e+00,5.938187241554260254e-01,-1.736169122159481049e-02,6.490425020456314087e-02,8.725237250328063965e-01,4.839301407337188721e-01,-2.953762412071228027e-01,-3.836256563663482666e-01,-5.378580689430236816e-01,4.054203033447265625e-01,-1.811015009880065918e-01,7.228025794029235840e-02,-3.096794784069061279e-01,2.580693662166595459e-01,5.553777813911437988e-01,2.961478829383850098e-01,-2.258371114730834961e-01,1.769698783755302429e-02
-4.132572114467620850e-01,-2.021187305450439453e+00,5.915731787681579590e-01,-2.355300076305866241e-02,5.968806520104408264e-02,8.789339661598205566e-01,4.726073145866394043e-01,-2.737495005130767822e-01,-4.012106359004974365e-01,-5.614496469497680664e-01,3.863664269447326660e-01,-1.630909144878387451e-01,6.681908667087554932e-02,-3.204546570777893066e-01,2.769004702568054199e-01,6.175639629364013672e-01,3.250105381011962891e-01,-2.330618798732757568e-01,1.420970354229211807e-02
-4.316558241844177246e-01,-2.027996540069580078e+00,5.897338390350341797e-01,-3.061168827116489410e-02,5.074433982372283936e-02,8.835840821266174316e-01,4.645073711872100830e-01,-2.434108257293701172e-01,-4.040053486824035645e-01,-5.788717269897460938e-01,3.550631403923034668e-01,-1.526350229978561401e-01,5.714064463973045349e-02,-3.294703960418701172e-01,2.813037931919097900e-01,6.315359473228454590e-01,3.571607768535614014e-01,-2.398647069931030273e-01,1.177552808076143265e-02
-4.515387713909149170e-01,-2.034913778305053711e+00,5.900315046310424805e-01,-4.013564810156822205e-02,3.518801927566528320e-02,8.880837559700012207e-01,4.565722644329071045e-01,-2.153585553169250488e-01,-3.808341622352600098e-01,-5.682992935180664062e-01,3.285479247570037842e-01,-1.872158050537109375e-01,3.711364045739173889e-02,-3.597239255905151367e-01,2.906539142131805420e-01,5.852572917938232422e-01,3.969957530498504639e-01,-2.344055473804473877e-01,6.721254438161849976e-03
-4.742223918437957764e-01,-2.040268421173095703e+00,5.914514064788818359e-01,-4.987337440252304077e-02,1.303820032626390457e-02,8.941297531127929688e-01,4.448310434818267822e-01,-1.859432458877563477e-01,-3.347297310829162598e-01,-5.251963138580322266e-01,3.181694149971008301e-01,-2.704013288021087646e-01,2.600540872663259506e-03,-3.822338879108428955e-01,3.009143769741058350e-01,5.217769742012023926e-01,4.253833889961242676e-01,-2.057281732559204102e-01,1.082490291446447372e-02
-4.978880882263183594e-01,-2.045616388320922852e+00,5.926733613014221191e-01,-5.180298909544944763e-02,-5.629984661936759949e-04,9.039494395256042480e-01,4.244897365570068359e-01,-1.610609740018844604e-01,-2.879352867603302002e-01,-4.210795760154724121e-01,3.097798824310302734e-01,-3.233553767204284668e-01,-2.558608166873455048e-02,-3.888738453388214111e-01,2.807565331459045410e-01,4.767827391624450684e-01,4.481219053268432617e-01,-2.161379605531692505e-01,3.270711749792098999e-02
-5.202755928039550781e-01,-2.050282478332519531e+00,5.927251577377319336e-01,-5.021350085735321045e-02,3.253255737945437431e-03,9.128499031066894531e-01,4.051828086376190186e-01,-1.791434437036514282e-01,-2.638492584228515625e-01,-3.172974884510040283e-01,3.612263500690460205e-01,-3.247625529766082764e-01,-2.390884049236774445e-02,-3.838194906711578369e-01,2.190635055303573608e-01,4.467713832855224609e-01,4.479430913925170898e-01,-2.391932159662246704e-01,6.857428699731826782e-02
-5.423196554183959961e-01,-2.054431676864624023e+00,5.933393836021423340e-01,-4.271447286009788513e-02,6.504413671791553497e-03,9.237480163574218750e-01,3.805558979511260986e-01,-1.836894899606704712e-01,-2.150493413209915161e-01,-2.368409931659698486e-01,4.167656004428863525e-01,-2.953525185585021973e-01,-2.309656143188476562e-02,-3.585614264011383057e-01,1.482671648263931274e-01,4.081559777259826660e-01,4.302353560924530029e-01,-2.586686909198760986e-01,1.011556833982467651e-01
-5.637923479080200195e-01,-2.058791399002075195e+00,5.948682427406311035e-01,-3.612349554896354675e-02,1.053798943758010864e-02,9.322003722190856934e-01,3.599812984466552734e-01,-2.096268683671951294e-01,-1.608556658029556274e-01,-1.943384557962417603e-01,4.800656735897064209e-01,-2.697498500347137451e-01,-2.172255702316761017e-02,-3.210676312446594238e-01,8.025582879781723022e-02,3.773189187049865723e-01,3.973883688449859619e-01,-2.759386897087097168e-01,1.311127096414566040e-01
-5.849236249923706055e-01,-2.061265230178833008e+00,5.964075326919555664e-01,-3.146701678633689880e-02,1.255749724805355072e-02,9.393612742424011230e-01,3.412514030933380127e-01,-2.445562034845352173e-01,-1.142626255750656128e-01,-2.202616333961486816e-01,5.310041904449462891e-01,-2.545126974582672119e-01,-2.665871568024158478e-02,-2.762329280376434326e-01,2.469582110643386841e-02,3.481995761394500732e-01,3.553020358085632324e-01,-2.835947573184967041e-01,1.410719007253646851e-01
-6.055704355239868164e-01,-2.063835859298706055e+00,5.973577499389648438e-01,-3.077436983585357666e-02,1.320130471140146255e-02,9.461380243301391602e-01,3.220272660255432129e-01,-2.947200536727905273e-01,-7.584456354379653931e-02,-2.840383350849151611e-01,5.581306219100952148e-01,-2.539254426956176758e-01,-4.903241991996765137e-02,-2.390990704298019409e-01,-2.033650130033493042e-02,3.173621594905853271e-01,3.166187405586242676e-01,-2.865883111953735352e-01,1.430611461400985718e-01
-6.260887980461120605e-01,-2.065528631210327148e+00,5.969608426094055176e-01,-2.982196025550365448e-02,1.572765223681926727e-02,9.537935256958007812e-01,2.985651493072509766e-01,-3.506983220577239990e-01,-3.924230858683586121e-02,-3.467281162738800049e-01,5.559205412864685059e-01,-2.535080015659332275e-01,-6.284146010875701904e-02,-2.044382244348526001e-01,-6.539749354124069214e-02,2.762806713581085205e-01,2.837063968181610107e-01,-2.824721634387969971e-01,1.464530527591705322e-01
-6.473395824432373047e-01,-2.065389156341552734e+00,5.952656269073486328e-01,-2.276284806430339813e-02,2.051093243062496185e-02,9.624091982841491699e-01,2.698697149753570557e-01,-3.982068598270416260e-01,-4.780084826052188873e-03,-3.898746967315673828e-01,5.190492272377014160e-01,-2.419761121273040771e-01,-6.617312878370285034e-02,-1.563403308391571045e-01,-1.131300926208496094e-01,2.261074930429458618e-01,2.545231878757476807e-01,-2.863303422927856445e-01,1.489331424236297607e-01
-6.694048047065734863e-01,-2.064536809921264648e+00,5.921415090560913086e-01,-1.513800956308841705e-02,2.570391818881034851e-02,9.696088433265686035e-01,2.428349554538726807e-01,-4.481616914272308350e-01,2.399686910212039948e-02,-4.261205494403839111e-01,4.574069082736968994e-01,-2.252752035856246948e-01,-4.246944561600685120e-02,-1.043418347835540771e-01,-1.570735722780227661e-01,1.764533221721649170e-01,2.320354282855987549e-01,-2.918144166469573975e-01,1.470019072294235229e-01
-6.923331022262573242e-01,-2.063075780868530273e+00,5.877882242202758789e-01,-4.514190834015607834e-03,3.557017818093299866e-02,9.764647483825683594e-01,2.126758098602294922e-01,-4.915152192115783691e-01,2.739276178181171417e-02,-4.587075412273406982e-01,3.849448859691619873e-01,-1.726933121681213379e-01,-2.606165409088134766e-02,-4.798138141632080078e-02,-2.058164924383163452e-01,1.152582243084907532e-01,2.191204875707626343e-01,-3.031773865222930908e-01,1.540719866752624512e-01
-7.167577147483825684e-01,-2.060364484786987305e+00,5.821828842163085938e-01,6.897062994539737701e-03,5.004222691059112549e-02,9.823206067085266113e-01,1.802620291709899902e-01,-5.190172791481018066e-01,1.114734681323170662e-03,-5.196201801300048828e-01,3.108426332473754883e-01,-8.565359562635421753e-02,1.372973155230283737e-02,1.254040282219648361e-02,-2.523534893989562988e-01,6.281010806560516357e-02,2.136327177286148071e-01,-3.238106369972229004e-01,1.515914797782897949e-01
-7.415086627006530762e-01,-2.056511402130126953e+00,5.779546499252319336e-01,1.342505216598510742e-02,4.988794773817062378e-02,9.868487119674682617e-01,1.531683206558227539e-01,-5.262524485588073730e-01,6.571738776983693242e-05,-5.865170359611511230e-01,2.360453307628631592e-01,-3.903223946690559387e-02,4.552365466952323914e-02,6.545405834913253784e-02,-2.599990367889404297e-01,8.738613687455654144e-03,2.208176702260971069e-01,-3.375727236270904541e-01,1.445495784282684326e-01
-7.683308720588684082e-01,-2.053108930587768555e+00,5.741278529167175293e-01,1.616107299923896790e-02,4.749042168259620667e-02,9.894307255744934082e-01,1.360525339841842651e-01,-5.252360701560974121e-01,-1.107944524846971035e-03,-6.282107234001159668e-01,1.978854835033416748e-01,1.352149993181228638e-03,6.514884531497955322e-02,1.121425405144691467e-01,-2.599999904632568359e-01,-3.370676189661026001e-02,2.353910505771636963e-01,-3.422387242317199707e-01,1.288941651582717896e-01
-7.949991822242736816e-01,-2.049890279769897461e+00,5.696544647216796875e-01,1.655388809740543365e-02,4.480832815170288086e-02,9.907419085502624512e-01,1.270771473646163940e-01,-5.091688632965087891e-01,-3.082863520830869675e-03,-6.698866486549377441e-01,2.021803408861160278e-01,5.073242634534835815e-02,3.412893041968345642e-02,1.504266113042831421e-01,-2.599999904632568359e-01,-6.563559174537658691e-02,2.562960386276245117e-01,-3.265801668167114258e-01,1.112836599349975586e-01
-8.197380304336547852e-01,-2.046549320220947266e+00,5.678292512893676758e-01,8.624707348644733429e-03,3.996570408344268799e-02,9.896597862243652344e-01,1.374840438365936279e-01,-5.022234916687011719e-01,1.199903618544340134e-02,-6.725474596023559570e-01,2.420912832021713257e-01,-3.331161336973309517e-03,-4.818046092987060547e-02,1.616455167531967163e-01,-2.599999904632568359e-01,-5.620419234037399292e-02,2.879232764244079590e-01,-2.852141261100769043e-01,8.394303917884826660e-02
-8.449705839157104492e-01,-2.041825294494628906e+00,5.675399899482727051e-01,-4.883189219981431961e-03,3.467842563986778259e-02,9.888998270034790039e-01,1.443977802991867065e-01,-5.131557583808898926e-01,2.086323127150535583e-02,-6.157487034797668457e-01,2.916739583015441895e-01,-5.319944769144058228e-02,-1.030060499906539917e-01,1.401444673538208008e-01,-2.558629214763641357e-01,-3.293162584304809570e-02,3.486395776271820068e-01,-1.832662671804428101e-01,4.025639593601226807e-02
