-1.979926824569702148e+00,-1.788895130157470703e+00,6.042461395263671875e-01,1.073593366891145706e-02,1.229209243319928646e-03,4.259159862995147705e-01,9.046981930732727051e-01,-9.385119378566741943e-02,1.144795566797256470e-01,-9.876685589551925659e-02,1.011667251586914062e-01,-1.339478939771652222e-01,-7.075494527816772461e-02,-5.797833576798439026e-02,-1.556997299194335938e-01,1.185226291418075562e-01,6.716239452362060547e-02,-1.544361412525177002e-01,1.340916305780410767e-01
-1.979460835456848145e+00,-1.788766503334045410e+00,6.042593121528625488e-01,9.910180233418941498e-03,9.246795671060681343e-04,4.282212555408477783e-01,9.036191105842590332e-01,-9.506944566965103149e-02,1.146978065371513367e-01,-1.025790870189666748e-01,1.077844724059104919e-01,-1.497324556112289429e-01,-8.185336738824844360e-02,-5.883880704641342163e-02,-1.537328362464904785e-01,1.078153848648071289e-01,7.004496455192565918e-02,-1.589377522468566895e-01,1.393354833126068115e-01
-1.979693055152893066e+00,-1.788576126098632812e+00,6.039679050445556641e-01,1.132979616522789001e-02,2.153940964490175247e-03,4.284079968929290771e-01,9.035118222236633301e-01,-9.649157524108886719e-02,1.116225942969322205e-01,-9.550437331199645996e-02,1.103121191263198853e-01,-1.439595371484756470e-01,-7.419487088918685913e-02,-5.935892835259437561e-02,-1.580653339624404907e-01,1.079370379447937012e-01,6.868263334035873413e-02,-1.586526185274124146e-01,1.430555135011672974e-01
-1.978888392448425293e+00,-1.787894845008850098e+00,6.040261387825012207e-01,1.161773409694433212e-02,5.921452539041638374e-04,4.317318797111511230e-01,9.019269943237304688e-01,-8.723949640989303589e-02,1.159380525350570679e-01,-7.827114313840866089e-02,1.002234369516372681e-01,-1.448175907135009766e-01,-8.131330460309982300e-02,-5.489921942353248596e-02,-1.572366803884506226e-01,1.014925539493560791e-01,6.809704750776290894e-02,-1.570230871438980103e-01,1.413694322109222412e-01
-1.978300213813781738e+00,-1.787451982498168945e+00,6.040096282958984375e-01,1.181531511247158051e-02,9.239406062988564372e-05,4.310094714164733887e-01,9.022700190544128418e-01,-8.314429968595504761e-02,1.156408712267875671e-01,-8.120694011449813843e-02,9.888723492622375488e-02,-1.444390714168548584e-01,-7.956331968307495117e-02,-5.435418337583541870e-02,-1.558591872453689575e-01,1.070998832583427429e-01,7.247823476791381836e-02,-1.588879376649856567e-01,1.409084647893905640e-01
-1.978641986846923828e+00,-1.787176251411437988e+00,6.042740941047668457e-01,1.145025249570608139e-02,7.876275922171771526e-04,4.301069974899291992e-01,9.027049541473388672e-01,-8.596767485141754150e-02,1.138007119297981262e-01,-7.279150933027267456e-02,1.011759936809539795e-01,-1.448784321546554565e-01,-8.407745510339736938e-02,-5.813621357083320618e-02,-1.558986455202102661e-01,1.077192649245262146e-01,7.860002666711807251e-02,-1.636514067649841309e-01,1.469880342483520508e-01
-1.978741049766540527e+00,-1.787021279335021973e+00,6.042940616607666016e-01,1.019064430147409439e-02,3.780654398724436760e-03,4.292140007019042969e-01,9.031374454498291016e-01,-9.267178922891616821e-02,1.091470494866371155e-01,-7.585733383893966675e-02,1.040876433253288269e-01,-1.450151652097702026e-01,-8.495721966028213501e-02,-6.975398957729339600e-02,-1.557832658290863037e-01,1.143981814384460449e-01,8.982363343238830566e-02,-1.695902198553085327e-01,1.516698002815246582e-01
-1.978502035140991211e+00,-1.786118030548095703e+00,6.042264103889465332e-01,1.005781814455986023e-02,4.721421282738447189e-03,4.284381568431854248e-01,9.035027623176574707e-01,-9.280267357826232910e-02,1.076286137104034424e-01,-8.038827776908874512e-02,1.056108772754669189e-01,-1.466552764177322388e-01,-7.992185652256011963e-02,-7.575166970491409302e-02,-1.549963504076004028e-01,1.270291209220886230e-01,1.033691316843032837e-01,-1.796209663152694702e-01,1.526385694742202759e-01
-1.977870941162109375e+00,-1.784866809844970703e+00,6.044918298721313477e-01,8.913227356970310211e-03,3.637443063780665398e-03,4.285458326339721680e-01,9.034687280654907227e-01,-8.596550673246383667e-02,1.087258532643318176e-01,-7.841429859399795532e-02,1.001887694001197815e-01,-1.502528637647628784e-01,-8.579432219266891479e-02,-8.100414276123046875e-02,-1.505942791700363159e-01,1.320595145225524902e-01,1.218118518590927124e-01,-1.890951544046401978e-01,1.575510948896408081e-01
-1.977221965789794922e+00,-1.783728957176208496e+00,6.045559644699096680e-01,7.597918622195720673e-03,4.474397283047437668e-03,4.271593987941741943e-01,9.041333198547363281e-01,-8.426050841808319092e-02,1.098132506012916565e-01,-7.590723037719726562e-02,9.571667015552520752e-02,-1.500351577997207642e-01,-9.035209566354751587e-02,-9.040818363428115845e-02,-1.472427845001220703e-01,1.421238332986831665e-01,1.412197053432464600e-01,-1.973818540573120117e-01,1.636364012956619263e-01
-1.977102637290954590e+00,-1.781355023384094238e+00,6.045163869857788086e-01,6.337827537208795547e-03,4.697354044765233994e-03,4.260728955268859863e-01,9.046544432640075684e-01,-7.958312332630157471e-02,1.099436953663825989e-01,-7.035584747791290283e-02,8.999754488468170166e-02,-1.505984067916870117e-01,-9.010062366724014282e-02,-9.297456592321395874e-02,-1.464215368032455444e-01,1.474905312061309814e-01,1.534457057714462280e-01,-2.055329084396362305e-01,1.660663187503814697e-01
-1.977119445800781250e+00,-1.779660224914550781e+00,6.039647459983825684e-01,6.487010978162288666e-03,7.200417108833789825e-03,4.243001937866210938e-01,9.054697155952453613e-01,-8.494073897600173950e-02,1.078362092375755310e-01,-6.761299073696136475e-02,9.784728288650512695e-02,-1.490015089511871338e-01,-7.627629488706588745e-02,-1.053894087672233582e-01,-1.493973881006240845e-01,1.513020843267440796e-01,1.745341718196868896e-01,-2.167001366615295410e-01,1.757969260215759277e-01
-1.976458430290222168e+00,-1.776650190353393555e+00,6.044507026672363281e-01,1.492890412919223309e-03,7.276099175214767456e-03,4.247827827930450439e-01,9.052648544311523438e-01,-8.591378480195999146e-02,1.121069192886352539e-01,-6.556756794452667236e-02,9.710613638162612915e-02,-1.680346131324768066e-01,-9.684920310974121094e-02,-1.132798418402671814e-01,-1.422594487667083740e-01,1.444377452135086060e-01,1.913517266511917114e-01,-2.251755744218826294e-01,1.790481805801391602e-01
-1.976405620574951172e+00,-1.773380160331726074e+00,6.044905185699462891e-01,-2.167746890336275101e-03,8.869970217347145081e-03,4.212985336780548096e-01,9.068760275840759277e-01,-8.929560333490371704e-02,1.073765233159065247e-01,-1.040840744972229004e-01,1.131555140018463135e-01,-1.997710764408111572e-01,-8.078741282224655151e-02,-1.176379621028900146e-01,-1.388482898473739624e-01,1.519075632095336914e-01,2.020854353904724121e-01,-2.372482568025588989e-01,1.795311123132705688e-01
-1.974833369255065918e+00,-1.769350647926330566e+00,6.046406030654907227e-01,-4.595530219376087189e-03,7.483085151761770248e-03,4.221916794776916504e-01,9.064640402793884277e-01,-8.509844541549682617e-02,1.077163293957710266e-01,-1.142584457993507385e-01,1.261598318815231323e-01,-2.209715843200683594e-01,-8.835477381944656372e-02,-1.137047260999679565e-01,-1.365102827548980713e-01,1.411203742027282715e-01,2.110085636377334595e-01,-2.465678751468658447e-01,1.820636242628097534e-01
-1.974633097648620605e+00,-1.764535903930664062e+00,6.041501760482788086e-01,-6.453791167587041855e-03,8.533881045877933502e-03,4.275383353233337402e-01,9.039338827133178711e-01,-9.802662581205368042e-02,1.033495292067527771e-01,-1.203731372952461243e-01,1.632828265428543091e-01,-2.390571236610412598e-01,-9.979870915412902832e-02,-1.168226748704910278e-01,-1.412521004676818848e-01,1.216871812939643860e-01,2.202154248952865601e-01,-2.536700069904327393e-01,1.922143101692199707e-01
-1.974158167839050293e+00,-1.760522603988647461e+00,6.029178500175476074e-01,-6.826712749898433685e-03,1.284541096538305283e-02,4.322121441364288330e-01,9.016546010971069336e-01,-1.330974102020263672e-01,9.203745424747467041e-02,-1.377318501472473145e-01,2.265649735927581787e-01,-2.414227128028869629e-01,-1.033674031496047974e-01,-1.267977058887481689e-01,-1.516584753990173340e-01,9.936254471540451050e-02,2.320953905582427979e-01,-2.552030086517333984e-01,2.012698054313659668e-01
-1.973302245140075684e+00,-1.756938576698303223e+00,6.005471944808959961e-01,-5.505891516804695129e-03,1.572130247950553894e-02,4.342536926269531250e-01,9.006366133689880371e-01,-1.847318112850189209e-01,6.929084658622741699e-02,-2.023446708917617798e-01,3.306965529918670654e-01,-2.362442910671234131e-01,-9.478308260440826416e-02,-1.275153309106826782e-01,-1.628540307283401489e-01,1.138958707451820374e-01,2.443628013134002686e-01,-2.679997682571411133e-01,1.977406293153762817e-01
-1.972140192985534668e+00,-1.751448154449462891e+00,5.997176766395568848e-01,-5.375371314585208893e-03,1.742470264434814453e-02,4.441319704055786133e-01,8.957757949829101562e-01,-2.285482138395309448e-01,5.202187225222587585e-02,-2.123317867517471313e-01,4.217574596405029297e-01,-2.088057547807693481e-01,-1.030838117003440857e-01,-1.310495138168334961e-01,-1.727375090122222900e-01,6.617419421672821045e-02,2.548192143440246582e-01,-2.728439867496490479e-01,2.158642709255218506e-01
-1.970313906669616699e+00,-1.744887709617614746e+00,5.999305844306945801e-01,-8.441402576863765717e-03,1.564715802669525146e-02,4.558131992816925049e-01,8.898978829383850098e-01,-2.790936231613159180e-01,4.862646386027336121e-02,-2.305072695016860962e-01,4.986517727375030518e-01,-1.926501095294952393e-01,-1.110415607690811157e-01,-1.238076239824295044e-01,-1.727277338504791260e-01,3.683022037148475647e-02,2.593463063240051270e-01,-2.766071856021881104e-01,2.200736105442047119e-01
-1.966831326484680176e+00,-1.736882090568542480e+00,6.001840829849243164e-01,-9.164514020085334778e-03,1.416338980197906494e-02,4.719295799732208252e-01,8.814748525619506836e-01,-3.341892957687377930e-01,5.321379005908966064e-02,-2.284403741359710693e-01,5.351960062980651855e-01,-1.755547225475311279e-01,-9.597212821245193481e-02,-1.052333489060401917e-01,-1.765199303627014160e-01,3.131248289719223976e-03,2.500312626361846924e-01,-2.817623913288116455e-01,2.189966142177581787e-01
-1.962817788124084473e+00,-1.727361679077148438e+00,6.000338196754455566e-01,-6.631417665630578995e-03,1.012402400374412537e-02,4.879766404628753662e-01,8.727727532386779785e-01,-3.786601722240447998e-01,4.173065721988677979e-02,-2.436149120330810547e-01,5.250810384750366211e-01,-1.590530425310134888e-01,-7.900191098451614380e-02,-6.915023922920227051e-02,-1.814061105251312256e-01,-2.900723181664943695e-02,2.311197817325592041e-01,-2.847826480865478516e-01,2.140940427780151367e-01
-1.955834627151489258e+00,-1.716642260551452637e+00,5.995276570320129395e-01,-8.152071386575698853e-03,8.148834109306335449e-03,5.144528746604919434e-01,8.574411869049072266e-01,-4.110395014286041260e-01,2.313752658665180206e-02,-2.824950218200683594e-01,4.846893250942230225e-01,-1.593969017267227173e-01,-7.908412069082260132e-02,-4.575496166944503784e-02,-1.791180819272994995e-01,-9.713726490736007690e-02,2.213326543569564819e-01,-2.708941102027893066e-01,2.012923359870910645e-01
-1.948357105255126953e+00,-1.704841732978820801e+00,5.979372262954711914e-01,-2.643728628754615784e-03,8.425681851804256439e-03,5.299584269523620605e-01,8.479776382446289062e-01,-4.589867293834686279e-01,-9.839138947427272797e-03,-2.988682687282562256e-01,4.528717994689941406e-01,-1.393482387065887451e-01,-6.030378490686416626e-02,-8.322641253471374512e-03,-1.863041967153549194e-01,-1.323888897895812988e-01,2.036676108837127686e-01,-2.802023887634277344e-01,1.957401484251022339e-01
-1.939909338951110840e+00,-1.692666530609130859e+00,5.958111286163330078e-01,4.207308869808912277e-03,6.497316528111696243e-03,5.444390773773193359e-01,8.387646675109863281e-01,-4.987357258796691895e-01,-3.905211761593818665e-02,-3.054904043674468994e-01,4.143990576267242432e-01,-1.145121902227401733e-01,-4.710199311375617981e-02,3.864367306232452393e-02,-1.895936131477355957e-01,-1.687300354242324829e-01,1.852078884840011597e-01,-2.960107922554016113e-01,1.844051629304885864e-01
-1.930787086486816406e+00,-1.681318402290344238e+00,5.932962298393249512e-01,1.175628136843442917e-02,5.295675247907638550e-03,5.582398176193237305e-01,8.295794725418090820e-01,-5.414520502090454102e-01,-6.977391988039016724e-02,-3.062609434127807617e-01,3.764185309410095215e-01,-9.195644408464431763e-02,-2.445849776268005371e-02,7.769998908042907715e-02,-1.916134357452392578e-01,-2.044865489006042480e-01,1.787177771329879761e-01,-3.131475150585174561e-01,1.780784577131271362e-01
-1.921363115310668945e+00,-1.667911887168884277e+00,5.903561115264892578e-01,1.664449460804462433e-02,5.209077149629592896e-03,5.701299905776977539e-01,8.213693499565124512e-01,-5.784255266189575195e-01,-1.008494421839714050e-01,-3.121648132801055908e-01,3.386580646038055420e-01,-7.742914557456970215e-02,-1.362113282084465027e-02,1.151245981454849243e-01,-1.888679713010787964e-01,-2.387246042490005493e-01,1.738243401050567627e-01,-3.265332281589508057e-01,1.745712459087371826e-01
-1.910139441490173340e+00,-1.653636455535888672e+00,5.870648622512817383e-01,1.979885622859001160e-02,4.666745197027921677e-03,5.777185559272766113e-01,8.159825205802917480e-01,-6.078816652297973633e-01,-1.272817105054855347e-01,-3.335592448711395264e-01,3.088909387588500977e-01,-7.404952496290206909e-02,-1.013569906353950500e-02,1.534344106912612915e-01,-1.803465932607650757e-01,-2.628187835216522217e-01,1.718594580888748169e-01,-3.419825434684753418e-01,1.667142659425735474e-01
-1.898377895355224609e+00,-1.638368844985961914e+00,5.840698480606079102e-01,1.915181614458560944e-02,4.181202966719865799e-03,5.843016505241394043e-01,8.112997412681579590e-01,-6.252776980400085449e-01,-1.447276324033737183e-01,-3.586119711399078369e-01,2.876950204372406006e-01,-9.213338047266006470e-02,-1.417417824268341064e-02,1.880450099706649780e-01,-1.641014516353607178e-01,-2.877758443355560303e-01,1.703950315713882446e-01,-3.444041609764099121e-01,1.541898697614669800e-01
-1.885084271430969238e+00,-1.622361898422241211e+00,5.803419947624206543e-01,1.859636418521404266e-02,7.708710618317127228e-03,5.869667530059814453e-01,8.093607425689697266e-01,-6.423822045326232910e-01,-1.584191918373107910e-01,-3.909932971000671387e-01,2.971696555614471436e-01,-9.882581233978271484e-02,-1.330355461686849594e-02,2.160098105669021606e-01,-1.530672460794448853e-01,-3.118956685066223145e-01,1.702233552932739258e-01,-3.391257822513580322e-01,1.363756656646728516e-01
-1.870095133781433105e+00,-1.604816675186157227e+00,5.764235854148864746e-01,1.622578501701354980e-02,1.240646373480558395e-02,5.909301042556762695e-01,8.064641356468200684e-01,-6.426176428794860840e-01,-1.607777029275894165e-01,-4.049136042594909668e-01,3.290078938007354736e-01,-1.041995361447334290e-01,-2.189058065414428711e-02,2.352789491415023804e-01,-1.380341053009033203e-01,-3.301861584186553955e-01,1.812183856964111328e-01,-3.196092844009399414e-01,1.061602830886840820e-01
-1.853658080101013184e+00,-1.586503863334655762e+00,5.719385743141174316e-01,1.308857370167970657e-02,2.007304690778255463e-02,5.951651334762573242e-01,8.032460808753967285e-01,-6.373178362846374512e-01,-1.651445627212524414e-01,-4.277701377868652344e-01,3.698057234287261963e-01,-7.252479344606399536e-02,-3.944364562630653381e-02,2.415654659271240234e-01,-1.247575283050537109e-01,-3.316365182399749756e-01,2.088502943515777588e-01,-2.896026670932769775e-01,6.506229192018508911e-02
-1.836668848991394043e+00,-1.567276716232299805e+00,5.713382363319396973e-01,3.166049951687455177e-03,2.590999752283096313e-02,5.919249653816223145e-01,8.055703043937683105e-01,-6.389358043670654297e-01,-1.501045078039169312e-01,-4.376022517681121826e-01,4.108798503875732422e-01,-6.459435075521469116e-02,-6.211015582084655762e-02,2.314584702253341675e-01,-1.058214232325553894e-01,-3.125608265399932861e-01,2.576338946819305420e-01,-2.327370643615722656e-01,4.372021183371543884e-02
-1.817387700080871582e+00,-1.546176910400390625e+00,5.718259811401367188e-01,-8.355803787708282471e-03,2.435785345733165741e-02,5.884284973144531250e-01,8.081390857696533203e-01,-6.088043451309204102e-01,-1.076823323965072632e-01,-4.469303488731384277e-01,4.261986613273620605e-01,-6.953421235084533691e-02,-8.026978373527526855e-02,2.218103408813476562e-01,-7.731010019779205322e-02,-2.894381582736968994e-01,3.221930861473083496e-01,-1.261591762304306030e-01,1.455960050225257874e-02
-1.798184156417846680e+00,-1.526825428009033203e+00,5.721965432167053223e-01,-2.155015058815479279e-02,2.465967088937759399e-02,5.786524415016174316e-01,8.149164319038391113e-01,-5.886064767837524414e-01,-5.531203001737594604e-02,-4.419085979461669922e-01,4.392495751380920410e-01,-9.536641091108322144e-02,-1.244267299771308899e-01,1.875800490379333496e-01,-5.455562099814414978e-02,-2.411099225282669067e-01,4.054246544837951660e-01,4.483959823846817017e-02,-2.445122599601745605e-02
-1.778732419013977051e+00,-1.507987976074218750e+00,5.740353465080261230e-01,-2.478857338428497314e-02,2.686037123203277588e-02,5.610104799270629883e-01,8.270013928413391113e-01,-5.626130700111389160e-01,-6.280755624175071716e-03,-4.082785844802856445e-01,4.402139782905578613e-01,-1.145914644002914429e-01,-1.651234626770019531e-01,1.344017237424850464e-01,-4.917651042342185974e-02,-1.697472780942916870e-01,5.098862648010253906e-01,1.962079703807830811e-01,-8.446698077023029327e-03
-1.761648297309875488e+00,-1.488732457160949707e+00,5.806656479835510254e-01,-1.278326939791440964e-02,3.029544092714786530e-02,5.469686985015869141e-01,8.365070223808288574e-01,-5.167452692985534668e-01,4.571423865854740143e-03,-3.640584349632263184e-01,4.456167519092559814e-01,-1.510916054248809814e-01,-1.880095750093460083e-01,4.445131495594978333e-02,-4.877655580639839172e-02,-4.764031246304512024e-02,6.426480412483215332e-01,1.926535815000534058e-01,3.427832573652267456e-02
-1.741920471191406250e+00,-1.468585252761840820e+00,5.875155329704284668e-01,2.288765739649534225e-03,3.116901963949203491e-02,5.222073197364807129e-01,8.522456884384155273e-01,-4.566946327686309814e-01,2.398067153990268707e-02,-3.045892417430877686e-01,4.355968534946441650e-01,-1.867301017045974731e-01,-1.927766054868698120e-01,-4.474391043186187744e-02,-5.289196223020553589e-02,7.320176064968109131e-02,7.294621467590332031e-01,1.291279196739196777e-01,8.928566426038742065e-02
-1.723216295242309570e+00,-1.447282195091247559e+00,5.935543775558471680e-01,1.010560058057308197e-02,2.979415468871593475e-02,4.941337406635284424e-01,8.688164353370666504e-01,-3.894958496093750000e-01,5.473109707236289978e-02,-2.334979623556137085e-01,4.065915048122406006e-01,-2.187362462282180786e-01,-1.895367205142974854e-01,-1.342126131057739258e-01,-6.621134281158447266e-02,1.522106230258941650e-01,7.495145201683044434e-01,6.228780001401901245e-02,1.096983328461647034e-01
-1.705009818077087402e+00,-1.427958369255065918e+00,5.981486439704895020e-01,1.565156504511833191e-02,2.448574639856815338e-02,4.636339843273162842e-01,8.855501413345336914e-01,-3.110781908035278320e-01,8.142672479152679443e-02,-1.796278506517410278e-01,3.626279234886169434e-01,-2.316566705703735352e-01,-1.879497766494750977e-01,-2.227920293807983398e-01,-7.979798316955566406e-02,1.985461711883544922e-01,7.176347970962524414e-01,-3.155431244522333145e-03,1.155390143394470215e-01
-1.686950325965881348e+00,-1.407066702842712402e+00,6.004907488822937012e-01,1.976824365556240082e-02,1.601490005850791931e-02,4.361367225646972656e-01,8.995206952095031738e-01,-2.215666770935058594e-01,1.107491850852966309e-01,-9.965920448303222656e-02,3.080718815326690674e-01,-2.118048816919326782e-01,-1.795358657836914062e-01,-2.910761237144470215e-01,-8.584161102771759033e-02,2.321605533361434937e-01,6.311320662498474121e-01,-4.118971154093742371e-02,1.150638088583946228e-01
-1.668121099472045898e+00,-1.383700847625732422e+00,6.002167463302612305e-01,1.586661860346794128e-02,5.029596388339996338e-03,4.055042266845703125e-01,9.139416217803955078e-01,-1.291335374116897583e-01,1.395858377218246460e-01,-3.456594794988632202e-02,2.629210352897644043e-01,-2.297382056713104248e-01,-1.640664190053939819e-01,-3.467037975788116455e-01,-4.864737764000892639e-02,3.003772199153900146e-01,5.377625226974487305e-01,-8.708371222019195557e-02,9.367518126964569092e-02
-1.648688197135925293e+00,-1.361145496368408203e+00,5.995841622352600098e-01,1.495130360126495361e-02,-5.090293940156698227e-03,3.741627037525177002e-01,9.272285699844360352e-01,-3.848710283637046814e-02,1.540233492851257324e-01,3.509837388992309570e-02,2.218411415815353394e-01,-2.464684247970581055e-01,-1.399172097444534302e-01,-3.863411247730255127e-01,-1.261023432016372681e-02,3.597015142440795898e-01,4.134834110736846924e-01,-1.193350628018379211e-01,8.976659923791885376e-02
-1.630572795867919922e+00,-1.337911486625671387e+00,5.969621539115905762e-01,1.187133137136697769e-02,-1.352076791226863861e-02,3.449374735355377197e-01,9.384531974792480469e-01,4.453843086957931519e-02,1.571497470140457153e-01,9.703305363655090332e-02,1.844553053379058838e-01,-2.583447694778442383e-01,-1.228676885366439819e-01,-4.322115480899810791e-01,1.822694018483161926e-02,3.786894977092742920e-01,2.936076223850250244e-01,-1.267904043197631836e-01,6.889511644840240479e-02
-1.613083720207214355e+00,-1.315008044242858887e+00,5.943098664283752441e-01,1.422593463212251663e-02,-1.792882010340690613e-02,3.235436677932739258e-01,9.459363818168640137e-01,1.173088029026985168e-01,1.398035883903503418e-01,1.418024301528930664e-01,1.601524055004119873e-01,-2.763155698776245117e-01,-9.669321030378341675e-02,-4.813411831855773926e-01,3.599202632904052734e-02,3.775294721126556396e-01,2.100979238748550415e-01,-1.629024595022201538e-01,6.379619985818862915e-02
-1.596075057983398438e+00,-1.291537046432495117e+00,5.910959839820861816e-01,1.694613881409168243e-02,-1.917512528598308563e-02,3.060722053050994873e-01,9.516643285751342773e-01,1.701567620038986206e-01,1.150416582822799683e-01,1.724907904863357544e-01,1.635011285543441772e-01,-2.968756854534149170e-01,-8.281256258487701416e-02,-5.218358039855957031e-01,5.125842615962028503e-02,3.778318464756011963e-01,1.818508356809616089e-01,-1.959995180368423462e-01,6.527227163314819336e-02
-1.577716588973999023e+00,-1.269662261009216309e+00,5.860810279846191406e-01,1.406950876116752625e-02,-1.396955642849206924e-02,2.917247414588928223e-01,9.562968015670776367e-01,1.866780370473861694e-01,1.047133207321166992e-01,2.071970850229263306e-01,1.990322768688201904e-01,-3.003812432289123535e-01,-7.566036283969879150e-02,-5.501956939697265625e-01,7.308667898178100586e-02,3.942220807075500488e-01,1.995301693677902222e-01,-1.997755169868469238e-01,8.804097026586532593e-02
-1.559019684791564941e+00,-1.242674350738525391e+00,5.790528655052185059e-01,6.487300619482994080e-03,-1.381969731301069260e-02,2.807884216308593750e-01,9.596482515335083008e-01,2.145813107490539551e-01,9.781875461339950562e-02,2.275599241256713867e-01,2.370674461126327515e-01,-2.816880941390991211e-01,-5.865664780139923096e-02,-5.473418831825256348e-01,8.971872925758361816e-02,4.179341197013854980e-01,2.586714327335357666e-01,-1.761164814233779907e-01,8.994554728269577026e-02
-1.540271878242492676e+00,-1.215980052947998047e+00,5.748728513717651367e-01,3.328232327476143837e-03,-2.748864935711026192e-03,2.703544795513153076e-01,9.627511501312255859e-01,2.036631256341934204e-01,8.031794428825378418e-02,2.520674765110015869e-01,2.988673448562622070e-01,-2.044563144445419312e-01,-3.261511400341987610e-02,-5.557941794395446777e-01,9.890737384557723999e-02,4.369821548461914062e-01,3.201315701007843018e-01,-9.637561440467834473e-02,1.119555532932281494e-01
-1.520339369773864746e+00,-1.186372399330139160e+00,5.726291537284851074e-01,1.191191282123327255e-02,1.032365113496780396e-02,2.741895616054534912e-01,9.615464806556701660e-01,1.913038045167922974e-01,3.961132466793060303e-02,2.243030369281768799e-01,3.726479411125183105e-01,-5.165045335888862610e-02,6.328928284347057343e-04,-5.415123105049133301e-01,5.662996694445610046e-02,4.492466151714324951e-01,3.586776852607727051e-01,-6.521726399660110474e-02,1.257692426443099976e-01
-1.501483559608459473e+00,-1.158265590667724609e+00,5.714967250823974609e-01,2.565319463610649109e-02,2.536599710583686829e-02,2.882199287414550781e-01,9.568843841552734375e-01,1.612206846475601196e-01,-5.705966614186763763e-03,1.521579474210739136e-01,4.588969945907592773e-01,1.807644665241241455e-01,1.867177523672580719e-02,-5.269453525543212891e-01,-1.433111075311899185e-02,4.393195807933807373e-01,3.828935325145721436e-01,-8.421462029218673706e-02,1.719926446676254272e-01
-1.484709382057189941e+00,-1.129725813865661621e+00,5.750192999839782715e-01,2.490720525383949280e-02,3.347057849168777466e-02,3.040854334831237793e-01,9.517307281494140625e-01,9.466732293367385864e-02,-3.206389397382736206e-02,6.962269544601440430e-02,5.711104869842529297e-01,3.319094479084014893e-01,-7.373132975772023201e-04,-4.999670684337615967e-01,-6.295957416296005249e-02,4.046599864959716797e-01,3.913899064064025879e-01,-1.177382618188858032e-01,2.134888917207717896e-01
-1.466184020042419434e+00,-1.102173447608947754e+00,5.841090083122253418e-01,1.071547530591487885e-02,2.400379627943038940e-02,3.321397006511688232e-01,9.428638219833374023e-01,9.020900353789329529e-03,-8.013387210667133331e-03,-3.283528611063957214e-02,6.741399765014648438e-01,2.696291506290435791e-01,-5.456945672631263733e-02,-4.354714155197143555e-01,-8.112423121929168701e-02,3.387063145637512207e-01,3.802220523357391357e-01,-1.501508057117462158e-01,2.237193435430526733e-01
-1.447054624557495117e+00,-1.075399041175842285e+00,5.921344757080078125e-01,1.049892976880073547e-03,1.192117016762495041e-02,3.634650707244873047e-01,9.315309524536132812e-01,-8.052576333284378052e-02,8.873714134097099304e-03,-1.287987530231475830e-01,7.241144776344299316e-01,1.850675642490386963e-01,-1.036884263157844543e-01,-3.554552793502807617e-01,-1.002926155924797058e-01,2.616750299930572510e-01,3.539104759693145752e-01,-1.737345159053802490e-01,2.246263474225997925e-01
-1.428378582000732422e+00,-1.048750877380371094e+00,5.979351997375488281e-01,-3.319770330563187599e-03,4.499064758419990540e-03,3.974032402038574219e-01,9.176270365715026855e-01,-1.704756170511245728e-01,1.876155659556388855e-02,-2.071701139211654663e-01,7.171387672424316406e-01,1.039447188377380371e-01,-1.133265942335128784e-01,-2.770671844482421875e-01,-1.220006719231605530e-01,1.884946972131729126e-01,3.221296072006225586e-01,-1.904335469007492065e-01,2.196981757879257202e-01
-1.410382151603698730e+00,-1.023028969764709473e+00,6.009306311607360840e-01,-4.569621756672859192e-03,1.593277906067669392e-03,4.383969902992248535e-01,8.987684249877929688e-01,-2.560580968856811523e-01,1.681215316057205200e-02,-2.791035175323486328e-01,6.608349680900573730e-01,2.573911659419536591e-02,-9.632932394742965698e-02,-2.102099359035491943e-01,-1.454143673181533813e-01,1.063542217016220093e-01,2.920246720314025879e-01,-2.004651129245758057e-01,2.092796266078948975e-01
-1.388912081718444824e+00,-9.969883561134338379e-01,6.021569967269897461e-01,3.581875702366232872e-03,-3.692850237712264061e-03,4.724695980548858643e-01,8.813319802284240723e-01,-3.156781494617462158e-01,-7.504158653318881989e-03,-3.338388502597808838e-01,5.743087530136108398e-01,-3.418422117829322815e-02,-7.439915835857391357e-02,-1.131203919649124146e-01,-1.640591174364089966e-01,3.788644447922706604e-02,2.499136477708816528e-01,-2.159174680709838867e-01,1.917136609554290771e-01
-1.368297338485717773e+00,-9.719037413597106934e-01,6.013071537017822266e-01,1.167386770248413086e-02,-6.901227869093418121e-03,5.055983662605285645e-01,8.626623749732971191e-01,-3.723201155662536621e-01,-4.547461494803428650e-02,-3.893319368362426758e-01,4.720671474933624268e-01,-7.802834361791610718e-02,-4.945086687803268433e-02,-3.175762668251991272e-02,-1.747334301471710205e-01,-4.358288273215293884e-02,2.215096801519393921e-01,-2.265018075704574585e-01,1.759753823280334473e-01
-1.348191380500793457e+00,-9.468691945075988770e-01,5.984693765640258789e-01,1.965378038585186005e-02,-9.672306478023529053e-03,5.368395447731018066e-01,8.433999419212341309e-01,-4.324212968349456787e-01,-8.500751852989196777e-02,-4.088370800018310547e-01,3.674137592315673828e-01,-1.092141568660736084e-01,-1.471210364252328873e-02,4.933794960379600525e-02,-1.733069419860839844e-01,-1.082698330283164978e-01,1.961883902549743652e-01,-2.497337758541107178e-01,1.438850015401840210e-01
-1.326740264892578125e+00,-9.215284585952758789e-01,5.959221720695495605e-01,2.085218951106071472e-02,-1.124285534024238586e-02,5.627819895744323730e-01,8.262658119201660156e-01,-4.932971894741058350e-01,-1.097707450389862061e-01,-3.936755061149597168e-01,2.534849643707275391e-01,-1.366841197013854980e-01,1.561436522752046585e-02,1.189897730946540833e-01,-1.496973633766174316e-01,-1.592951416969299316e-01,1.751329004764556885e-01,-2.689409255981445312e-01,1.173871308565139771e-01
-1.305478692054748535e+00,-8.962721228599548340e-01,5.938404202461242676e-01,1.583756506443023682e-02,-1.281348243355751038e-02,5.789877176284790039e-01,8.150817155838012695e-01,-5.526635646820068359e-01,-1.242157891392707825e-01,-3.698285818099975586e-01,1.740405559539794922e-01,-1.656836867332458496e-01,1.613826863467693329e-02,1.735464036464691162e-01,-1.104742810130119324e-01,-1.867446601390838623e-01,1.699414700269699097e-01,-2.894070446491241455e-01,1.032846793532371521e-01
-1.283911108970642090e+00,-8.709557056427001953e-01,5.893673300743103027e-01,1.567863300442695618e-02,-1.279509626328945160e-02,5.907348990440368652e-01,8.066118955612182617e-01,-5.839608311653137207e-01,-1.449958533048629761e-01,-3.779911398887634277e-01,1.502668559551239014e-01,-1.901223659515380859e-01,3.457761183381080627e-02,2.215301543474197388e-01,-8.283681422472000122e-02,-2.167132347822189331e-01,1.800783276557922363e-01,-2.993707358837127686e-01,8.524795621633529663e-02
-1.260853528976440430e+00,-8.450523614883422852e-01,5.835542082786560059e-01,1.895880885422229767e-02,-9.725615382194519043e-03,6.023480892181396484e-01,7.979490756988525391e-01,-5.922941565513610840e-01,-1.764717847108840942e-01,-4.129275977611541748e-01,2.127529382705688477e-01,-1.998121440410614014e-01,1.471760869026184082e-02,2.550865709781646729e-01,-6.320638954639434814e-02,-2.586548030376434326e-01,2.101173996925354004e-01,-2.803327739238739014e-01,6.794013828039169312e-02
-1.235208511352539062e+00,-8.165421485900878906e-01,5.769384503364562988e-01,2.405520714819431305e-02,-3.078697249293327332e-03,6.134532094001770020e-01,7.893586158752441406e-01,-5.806853771209716797e-01,-1.964409649372100830e-01,-4.282106757164001465e-01,2.889553904533386230e-01,-1.471092402935028076e-01,-1.083409413695335388e-02,2.787338793277740479e-01,-4.888664931058883667e-02,-2.971444427967071533e-01,2.527941167354583740e-01,-2.263139784336090088e-01,4.574176669120788574e-02
-1.207577586174011230e+00,-7.879902124404907227e-01,5.718739628791809082e-01,1.902198232710361481e-02,4.734987858682870865e-03,6.203731894493103027e-01,7.840617299079895020e-01,-5.898305773735046387e-01,-1.836338490247726440e-01,-3.928192555904388428e-01,3.537797331809997559e-01,-5.101293697953224182e-02,-3.967569395899772644e-02,2.719464600086212158e-01,-2.549227327108383179e-02,-3.172881007194519043e-01,3.157581686973571777e-01,-1.054398790001869202e-01,1.095670089125633240e-02
-1.181024789810180664e+00,-7.594477534294128418e-01,5.688607096672058105e-01,7.263283710926771164e-03,-3.262610407546162605e-04,6.168166995048522949e-01,7.870732545852661133e-01,-5.620759725570678711e-01,-1.296421736478805542e-01,-3.989846706390380859e-01,4.026377797126770020e-01,-1.337708998471498489e-02,-7.019989192485809326e-02,2.593131363391876221e-01,1.528764516115188599e-02,-2.629258036613464355e-01,4.084058403968811035e-01,9.958083927631378174e-02,-1.195484865456819534e-02
-1.155720949172973633e+00,-7.343067526817321777e-01,5.703077912330627441e-01,-3.472041571512818336e-04,1.580512616783380508e-03,6.043899059295654297e-01,7.966870665550231934e-01,-5.407704114913940430e-01,-7.442954182624816895e-02,-3.819907307624816895e-01,4.311176538467407227e-01,-4.137669131159782410e-02,-1.344778388738632202e-01,2.033006250858306885e-01,3.548192977905273438e-02,-1.730119287967681885e-01,5.283392667770385742e-01,2.689686119556427002e-01,-4.714022856205701828e-03
-1.130609750747680664e+00,-7.093838453292846680e-01,5.772101283073425293e-01,6.221588701009750366e-03,8.461498655378818512e-03,5.851178169250488281e-01,8.108803033828735352e-01,-5.027545690536499023e-01,-3.658270463347434998e-02,-3.339640200138092041e-01,4.438807666301727295e-01,-8.395819365978240967e-02,-1.793724745512008667e-01,1.102169603109359741e-01,2.586138434708118439e-02,-5.506623163819313049e-02,6.669325828552246094e-01,2.840070426464080811e-01,5.380633100867271423e-02
-1.106589913368225098e+00,-6.837185621261596680e-01,5.858914852142333984e-01,1.889075338840484619e-02,1.013976614922285080e-02,5.569975972175598145e-01,8.302373290061950684e-01,-4.273955225944519043e-01,2.363876701565459371e-04,-2.740306854248046875e-01,4.165114164352416992e-01,-1.158933937549591064e-01,-1.945527791976928711e-01,1.909054443240165710e-02,-3.281183540821075439e-02,2.132041566073894501e-02,7.473003864288330078e-01,2.018540352582931519e-01,8.845755457878112793e-02
-1.083440065383911133e+00,-6.578640341758728027e-01,5.924985408782958984e-01,2.707706764340400696e-02,1.068641711026430130e-02,5.260102748870849609e-01,8.499798774719238281e-01,-3.534819185733795166e-01,3.739022836089134216e-02,-2.049313634634017944e-01,3.838459253311157227e-01,-1.340464949607849121e-01,-1.922809034585952759e-01,-7.195582240819931030e-02,-7.604496926069259644e-02,1.056457906961441040e-01,7.620636224746704102e-01,1.340305656194686890e-01,1.088917702436447144e-01
-1.059125542640686035e+00,-6.313393712043762207e-01,5.975835919380187988e-01,3.173710033297538757e-02,3.581939265131950378e-03,4.912762939929962158e-01,8.704180121421813965e-01,-2.554343044757843018e-01,8.123371750116348267e-02,-1.305263489484786987e-01,3.333049416542053223e-01,-1.545070409774780273e-01,-1.896273493766784668e-01,-1.458885520696640015e-01,-9.310705214738845825e-02,1.879874765872955322e-01,7.194042205810546875e-01,6.234864145517349243e-02,1.274272501468658447e-01
-1.035634756088256836e+00,-6.048652529716491699e-01,5.995990037918090820e-01,3.127042949199676514e-02,-4.129129461944103241e-03,4.540463089942932129e-01,8.904196023941040039e-01,-1.634464114904403687e-01,1.199381425976753235e-01,-5.809789150953292847e-02,2.888889908790588379e-01,-1.615813523530960083e-01,-1.772298961877822876e-01,-2.142276167869567871e-01,-9.570441395044326782e-02,2.576067149639129639e-01,6.328276395797729492e-01,-4.039631690829992294e-03,1.167031005024909973e-01
-1.013241648674011230e+00,-5.785429477691650391e-01,5.988004207611083984e-01,2.558277919888496399e-02,-1.172000821679830551e-02,4.173724949359893799e-01,9.082996845245361328e-01,-7.954119145870208740e-02,1.506051570177078247e-01,1.134637463837862015e-02,2.544040083885192871e-01,-1.770016551017761230e-01,-1.576910763978958130e-01,-2.823705673217773438e-01,-6.834770739078521729e-02,3.260806500911712646e-01,5.255944728851318359e-01,-5.823154747486114502e-02,1.059572845697402954e-01
-9.911088347434997559e-01,-5.514516830444335938e-01,5.969456434249877930e-01,2.268192544579505920e-02,-2.349178120493888855e-02,3.804904818534851074e-01,9.242081046104431152e-01,1.722170226275920868e-02,1.649013161659240723e-01,7.811671495437622070e-02,2.216712087392807007e-01,-1.960697770118713379e-01,-1.340017616748809814e-01,-3.244979083538055420e-01,-3.273293003439903259e-02,3.867508471012115479e-01,3.953150510787963867e-01,-1.100443303585052490e-01,7.677870243787765503e-02
-9.696749448776245117e-01,-5.250237584114074707e-01,5.940708518028259277e-01,2.024077065289020538e-02,-2.912064641714096069e-02,3.461800813674926758e-01,9.374975562095642090e-01,9.890517592430114746e-02,1.600181460380554199e-01,1.329913437366485596e-01,1.937680095434188843e-01,-2.114192098379135132e-01,-1.100393682718276978e-01,-3.818967044353485107e-01,9.482847526669502258e-03,4.129300713539123535e-01,2.770901322364807129e-01,-1.382159888744354248e-01,7.107164710760116577e-02
-9.485563635826110840e-01,-4.989309608936309814e-01,5.916572809219360352e-01,2.490191534161567688e-02,-2.822953462600708008e-02,3.171539902687072754e-01,9.476267099380493164e-01,1.635276079177856445e-01,1.286611109972000122e-01,1.795379072427749634e-01,1.801241785287857056e-01,-2.325843423604965210e-01,-8.263081312179565430e-02,-4.402557909488677979e-01,3.017829917371273041e-02,4.016429483890533447e-01,1.742923855781555176e-01,-1.779495328664779663e-01,7.439626753330230713e-02
-9.269453883171081543e-01,-4.724331796169281006e-01,5.873892307281494141e-01,2.922989614307880402e-02,-2.496836893260478973e-02,2.952686548233032227e-01,9.546405673027038574e-01,2.122287303209304810e-01,9.602568298578262329e-02,2.161649316549301147e-01,1.911327242851257324e-01,-2.470034956932067871e-01,-5.528738722205162048e-02,-4.849196374416351318e-01,4.522943496704101562e-02,3.910124897956848145e-01,1.198054626584053040e-01,-2.005844563245773315e-01,6.377448886632919312e-02
-9.051718115806579590e-01,-4.456758797168731689e-01,5.811997652053833008e-01,2.868460491299629211e-02,-2.123160287737846375e-02,2.762363851070404053e-01,9.604269266128540039e-01,2.443015873432159424e-01,7.366263866424560547e-02,2.620174288749694824e-01,2.223505824804306030e-01,-2.398234605789184570e-01,-3.514858335256576538e-02,-5.124858617782592773e-01,6.963623315095901489e-02,3.843418061733245850e-01,1.458279490470886230e-01,-2.143771797418594360e-01,7.717229425907135010e-02
-8.822906613349914551e-01,-4.161620736122131348e-01,5.730440020561218262e-01,2.459708787500858307e-02,-1.624913699924945831e-02,2.600728571414947510e-01,9.651388525962829590e-01,2.696959674358367920e-01,5.562677606940269470e-02,3.075519800186157227e-01,2.606228291988372803e-01,-1.958353966474533081e-01,-2.070448681479319930e-04,-5.209132432937622070e-01,8.485040068626403809e-02,3.868538737297058105e-01,2.236859202384948730e-01,-1.994144916534423828e-01,8.493737131357192993e-02
-8.585388064384460449e-01,-3.841255009174346924e-01,5.651947259902954102e-01,1.797272451221942902e-02,-6.841655354946851730e-03,2.464635819196701050e-01,9.689612388610839844e-01,2.678880095481872559e-01,4.214911162853240967e-02,3.374920189380645752e-01,3.218626976013183594e-01,-8.958749473094940186e-02,1.596338674426078796e-02,-5.276302695274353027e-01,8.983939886093139648e-02,3.850536942481994629e-01,2.758397161960601807e-01,-8.592429757118225098e-02,9.006012231111526489e-02
-8.361143469810485840e-01,-3.529246449470520020e-01,5.598450303077697754e-01,2.811698243021965027e-02,1.170059945434331894e-02,2.492300420999526978e-01,9.679653644561767578e-01,2.313596457242965698e-01,-6.341845146380364895e-04,2.801974415779113770e-01,4.199310839176177979e-01,1.219070702791213989e-01,3.668641671538352966e-02,-5.348618030548095703e-01,4.729526489973068237e-02,4.074259996414184570e-01,3.399229943752288818e-01,-3.094592876732349396e-02,1.193230450153350830e-01
-8.145077228546142578e-01,-3.245508968830108643e-01,5.588003396987915039e-01,3.760127723217010498e-02,2.249002084136009216e-02,2.628242969512939453e-01,9.638484120368957520e-01,1.851436644792556763e-01,-2.288043871521949768e-02,2.118821740150451660e-01,5.365081429481506348e-01,3.414366245269775391e-01,2.389621362090110779e-02,-5.200288891792297363e-01,-1.370381377637386322e-02,3.859362602233886719e-01,3.746078908443450928e-01,-3.404600545763969421e-02,1.671249121427536011e-01
-7.950829267501831055e-01,-2.962230145931243896e-01,5.652271509170532227e-01,2.837140671908855438e-02,2.486571110785007477e-02,2.804632186889648438e-01,9.591231346130371094e-01,8.839814364910125732e-02,-3.897859901189804077e-02,7.543808221817016602e-02,6.673967838287353516e-01,4.145149588584899902e-01,-3.750395029783248901e-02,-4.836415946483612061e-01,-4.209835082292556763e-02,3.485665917396545410e-01,3.864259421825408936e-01,-6.908065825700759888e-02,2.012086957693099976e-01
-7.740184068679809570e-01,-2.686651647090911865e-01,5.751990079879760742e-01,1.628789119422435760e-02,1.461578719317913055e-02,3.119149804115295410e-01,9.498579502105712891e-01,-1.482390705496072769e-02,1.365908537991344929e-03,-1.952893659472465515e-02,7.604529857635498047e-01,3.146117031574249268e-01,-9.865291416645050049e-02,-4.096258282661437988e-01,-6.628838926553726196e-02,2.799936532974243164e-01,3.646544516086578369e-01,-9.948565065860748291e-02,2.084346562623977661e-01
-7.515825033187866211e-01,-2.422919571399688721e-01,5.832144021987915039e-01,1.181185245513916016e-02,8.729281835258007050e-03,3.511133790016174316e-01,9.362177252769470215e-01,-1.166945472359657288e-01,4.394124448299407959e-02,-9.559033811092376709e-02,7.871211767196655273e-01,2.254048585891723633e-01,-1.155975908041000366e-01,-3.313789367675781250e-01,-9.925574064254760742e-02,2.044194787740707397e-01,3.261495530605316162e-01,-1.234986409544944763e-01,2.063392847776412964e-01
-7.288828492164611816e-01,-2.161851227283477783e-01,5.891808867454528809e-01,1.371085830032825470e-02,2.728172810748219490e-03,3.917773067951202393e-01,9.199538826942443848e-01,-2.102335542440414429e-01,7.700396329164505005e-02,-1.430984884500503540e-01,7.623048424720764160e-01,1.463624835014343262e-01,-1.101866587996482849e-01,-2.440727204084396362e-01,-1.312562972307205200e-01,1.279277503490447998e-01,2.831736207008361816e-01,-1.397220790386199951e-01,1.972740888595581055e-01
-7.060185074806213379e-01,-1.905506998300552368e-01,5.928051471710205078e-01,1.855958998203277588e-02,-2.135130111128091812e-03,4.342907667160034180e-01,9.005789756774902344e-01,-2.899203598499298096e-01,8.505057543516159058e-02,-1.933831721544265747e-01,6.836532354354858398e-01,5.940524116158485413e-02,-9.002327919006347656e-02,-1.541590243577957153e-01,-1.556866616010665894e-01,4.926916956901550293e-02,2.378719151020050049e-01,-1.476106047630310059e-01,1.887532919645309448e-01
-6.819878220558166504e-01,-1.653432250022888184e-01,5.938317179679870605e-01,2.774283476173877716e-02,-4.657599143683910370e-03,4.741728305816650391e-01,8.799822330474853516e-01,-3.548107743263244629e-01,5.585692077875137329e-02,-2.494884580373764038e-01,5.825362801551818848e-01,-7.840367965400218964e-03,-5.821677669882774353e-02,-6.233115866780281067e-02,-1.709038168191909790e-01,-1.236527971923351288e-02,1.927674859762191772e-01,-1.625631004571914673e-01,1.667482256889343262e-01
-6.577656865119934082e-01,-1.406698524951934814e-01,5.924417972564697266e-01,3.868209198117256165e-02,-6.161924451589584351e-03,5.065630078315734863e-01,8.613127470016479492e-01,-4.049303829669952393e-01,3.130199620500206947e-03,-3.198935389518737793e-01,4.634086787700653076e-01,-6.313878297805786133e-02,-3.362428396940231323e-02,2.784474194049835205e-02,-1.750738769769668579e-01,-6.778014451265335083e-02,1.536908298730850220e-01,-1.798269152641296387e-01,1.453890800476074219e-01
-6.331460475921630859e-01,-1.168559193611145020e-01,5.891227126121520996e-01,4.694385454058647156e-02,-5.105596967041492462e-03,5.324557423591613770e-01,8.451396822929382324e-01,-4.581675827503204346e-01,-4.800606518983840942e-02,-3.617566823959350586e-01,3.363754451274871826e-01,-9.327268600463867188e-02,-1.381804887205362320e-02,1.028978899121284485e-01,-1.651678234338760376e-01,-1.143934279680252075e-01,1.281609833240509033e-01,-2.008623778820037842e-01,1.187569200992584229e-01
-6.085768342018127441e-01,-9.288004040718078613e-02,5.850850939750671387e-01,4.982784762978553772e-02,-3.149951575323939323e-03,5.480113029479980469e-01,8.349795937538146973e-01,-5.128660798072814941e-01,-8.781852573156356812e-02,-4.208718836307525635e-01,2.261928170919418335e-01,-1.444132775068283081e-01,5.150952376425266266e-03,1.671239286661148071e-01,-1.439151167869567871e-01,-1.393410265445709229e-01,1.148336306214332581e-01,-2.318175286054611206e-01,8.948577195405960083e-02
-5.833311080932617188e-01,-7.037308812141418457e-02,5.798861980438232422e-01,4.681222513318061829e-02,1.861103955889120698e-04,5.518110394477844238e-01,8.326542377471923828e-01,-5.654642581939697266e-01,-9.691789001226425171e-02,-4.663241207599639893e-01,1.485648155212402344e-01,-1.947591304779052734e-01,2.573578432202339172e-02,2.134073376655578613e-01,-1.123447865247726440e-01,-1.538263261318206787e-01,1.206654980778694153e-01,-2.610349953174591064e-01,6.526829302310943604e-02
-5.578598976135253906e-01,-4.787289723753929138e-02,5.718685388565063477e-01,4.939666762948036194e-02,9.551647119224071503e-03,5.458201169967651367e-01,8.363905549049377441e-01,-6.053223013877868652e-01,-1.074226573109626770e-01,-5.143125653266906738e-01,1.569838672876358032e-01,-2.235019207000732422e-01,7.281707599759101868e-03,2.420172542333602905e-01,-1.048798710107803345e-01,-1.737025529146194458e-01,1.581610441207885742e-01,-2.779413759708404541e-01,4.985716566443443298e-02
-5.306814908981323242e-01,-2.394073456525802612e-02,5.620459318161010742e-01,5.830144509673118591e-02,1.393119897693395615e-02,5.373185873031616211e-01,8.412464261054992676e-01,-6.017477512359619141e-01,-1.144413799047470093e-01,-5.672287344932556152e-01,2.372727394104003906e-01,-2.277076691389083862e-01,-2.478689700365066528e-02,2.760586440563201904e-01,-1.080365478992462158e-01,-2.067373245954513550e-01,2.165514081716537476e-01,-2.488360553979873657e-01,1.760907471179962158e-02
-5.010116696357727051e-01,1.911063096486032009e-03,5.535711646080017090e-01,5.721390247344970703e-02,1.915687508881092072e-02,5.348520874977111816e-01,8.427886962890625000e-01,-6.026920676231384277e-01,-1.139435768127441406e-01,-5.807877779006958008e-01,3.117880225181579590e-01,-1.270053833723068237e-01,-9.758555144071578979e-02,2.753011286258697510e-01,-9.791319072246551514e-02,-2.534053325653076172e-01,3.010146021842956543e-01,-1.262604594230651855e-01,-4.783589392900466919e-02
-4.698857665061950684e-01,2.602261304855346680e-02,5.492373108863830566e-01,4.612611234188079834e-02,1.680974103510379791e-02,5.193632841110229492e-01,8.531422019004821777e-01,-6.126687526702880859e-01,-5.269512161612510681e-02,-5.043915510177612305e-01,3.843822479248046875e-01,-7.350927591323852539e-02,-1.435271799564361572e-01,2.503335773944854736e-01,-8.464512228965759277e-02,-2.896386086940765381e-01,4.184125065803527832e-01,9.998312592506408691e-02,-1.162729114294052124e-01
-4.404470324516296387e-01,4.705972224473953247e-02,5.486209988594055176e-01,4.554529488086700439e-02,1.500318106263875961e-02,4.860289990901947021e-01,8.726261258125305176e-01,-5.863365530967712402e-01,1.843559928238391876e-02,-4.498762488365173340e-01,4.224796295166015625e-01,-8.557744324207305908e-02,-2.022574990987777710e-01,2.029022127389907837e-01,-9.724291414022445679e-02,-2.714396417140960693e-01,5.553442835807800293e-01,2.961605489253997803e-01,-1.204202398657798767e-01
-4.099060297012329102e-01,6.420122087001800537e-02,5.563824176788330078e-01,6.807120889425277710e-02,2.819629572331905365e-02,4.445167481899261475e-01,8.927351832389831543e-01,-5.443726181983947754e-01,4.353038221597671509e-02,-3.636828660964965820e-01,4.266783595085144043e-01,-1.075242459774017334e-01,-2.505618631839752197e-01,7.515610754489898682e-02,-1.057779043912887573e-01,-1.217421665787696838e-01,7.146925330162048340e-01,2.802124619483947754e-01,-3.966344892978668213e-02
-3.783697783946990967e-01,8.037836849689483643e-02,5.644997954368591309e-01,9.416987001895904541e-02,3.544928506016731262e-02,3.905606865882873535e-01,9.150615930557250977e-01,-4.807456731796264648e-01,7.343751192092895508e-02,-2.429607063531875610e-01,4.109457731246948242e-01,-9.591467678546905518e-02,-2.635927200317382812e-01,-4.398292675614356995e-02,-1.137865632772445679e-01,9.389899671077728271e-03,8.170332908630371094e-01,2.236934751272201538e-01,5.002642422914505005e-02
-3.462667763233184814e-01,9.648416191339492798e-02,5.723071694374084473e-01,1.118384003639221191e-01,3.298427909612655640e-02,3.266505300998687744e-01,9.379251599311828613e-01,-3.852892816066741943e-01,1.134856641292572021e-01,-1.365586072206497192e-01,3.738638162612915039e-01,-9.598436206579208374e-02,-2.562480866909027100e-01,-1.363829076290130615e-01,-1.213229447603225708e-01,9.269309788942337036e-02,8.505315780639648438e-01,1.631185561418533325e-01,1.022921279072761536e-01
-3.145990967750549316e-01,1.111204177141189575e-01,5.798106789588928223e-01,1.230594664812088013e-01,2.813072130084037781e-02,2.561235427856445312e-01,9.583662152290344238e-01,-2.748912274837493896e-01,1.437753885984420776e-01,-4.413594678044319153e-02,3.162046074867248535e-01,-8.969163894653320312e-02,-2.387848496437072754e-01,-2.180874645709991455e-01,-1.246129050850868225e-01,1.543885320425033569e-01,8.223330974578857422e-01,9.621188044548034668e-02,1.415955126285552979e-01
-2.836301028728485107e-01,1.253608912229537964e-01,5.848928689956665039e-01,1.278966069221496582e-01,2.359738014638423920e-02,1.806181967258453369e-01,9.749167561531066895e-01,-1.745550483465194702e-01,1.604497581720352173e-01,5.734715610742568970e-02,2.760778665542602539e-01,-7.682374864816665649e-02,-2.029441893100738525e-01,-2.816126346588134766e-01,-1.199912652373313904e-01,2.091241627931594849e-01,7.356073856353759766e-01,2.597826346755027771e-02,1.673257946968078613e-01
-2.533032596111297607e-01,1.395943909883499146e-01,5.876417756080627441e-01,1.231235563755035400e-01,1.984931156039237976e-02,1.054316908121109009e-01,9.865752458572387695e-01,-8.426218479871749878e-02,1.726463288068771362e-01,1.623433679342269897e-01,2.380952537059783936e-01,-6.130388751626014709e-02,-1.628791987895965576e-01,-3.379526734352111816e-01,-1.076166033744812012e-01,2.438481003046035767e-01,6.139543652534484863e-01,-2.402176521718502045e-02,1.620587706565856934e-01
-2.223526388406753540e-01,1.533922702074050903e-01,5.874674320220947266e-01,1.106822043657302856e-01,1.559961494058370590e-02,3.607111424207687378e-02,9.930785298347473145e-01,1.266899751499295235e-03,1.770095229148864746e-01,2.511254847049713135e-01,2.082937955856323242e-01,-5.371046811342239380e-02,-1.259280145168304443e-01,-3.837326169013977051e-01,-6.692489981651306152e-02,2.909179627895355225e-01,4.834482967853546143e-01,-5.218478292226791382e-02,1.347931474447250366e-01
-1.909099221229553223e-01,1.658123433589935303e-01,5.861809849739074707e-01,1.001179367303848267e-01,1.073557138442993164e-02,-2.462205104529857635e-02,9.946129322052001953e-01,8.903259783983230591e-02,1.633811742067337036e-01,3.321938514709472656e-01,1.763019412755966187e-01,-5.649238079786300659e-02,-9.002009779214859009e-02,-4.319256246089935303e-01,-3.955073282122612000e-02,2.929989695549011230e-01,3.553370535373687744e-01,-9.801326692104339600e-02,1.088086068630218506e-01
-1.594264209270477295e-01,1.767225414514541626e-01,5.826423764228820801e-01,9.771101176738739014e-02,7.229409180581569672e-03,-7.735235244035720825e-02,9.921778440475463867e-01,1.637982130050659180e-01,1.234578564763069153e-01,4.044865369796752930e-01,1.561196595430374146e-01,-5.764415487647056580e-02,-3.078973107039928436e-02,-4.847722649574279785e-01,-2.260464616119861603e-02,2.766379415988922119e-01,2.478275597095489502e-01,-1.494753807783126831e-01,9.453861415386199951e-02
-1.283147931098937988e-01,1.864712536334991455e-01,5.781331062316894531e-01,9.898383915424346924e-02,6.326814647763967514e-03,-1.131427660584449768e-01,9.886156320571899414e-01,2.169857025146484375e-01,8.137065172195434570e-02,4.913187921047210693e-01,1.548928320407867432e-01,-6.311850249767303467e-02,-7.399789523333311081e-03,-5.330465435981750488e-01,-8.018440566956996918e-03,2.846477329730987549e-01,1.717524975538253784e-01,-1.928752213716506958e-01,9.265580028295516968e-02
-9.635005891323089600e-02,1.961825639009475708e-01,5.715630054473876953e-01,9.602944552898406982e-02,5.433492828160524368e-03,-1.390480548143386841e-01,9.856036305427551270e-01,2.628543972969055176e-01,5.122311413288116455e-02,5.508810877799987793e-01,1.718263030052185059e-01,-5.723428726196289062e-02,1.332396268844604492e-02,-5.613653063774108887e-01,9.090547449886798859e-03,3.304975032806396484e-01,1.450040787458419800e-01,-2.199505716562271118e-01,8.435719460248947144e-02
-6.197551637887954712e-02,2.047326713800430298e-01,5.638877153396606445e-01,9.054200351238250732e-02,8.702491410076618195e-03,-1.580129116773605347e-01,9.832386970520019531e-01,2.971301972866058350e-01,2.966132573783397675e-02,5.821886062622070312e-01,1.976743489503860474e-01,-2.537445910274982452e-02,3.543344885110855103e-02,-5.764853358268737793e-01,2.332372963428497314e-02,3.901682198047637939e-01,1.810058504343032837e-01,-2.312939465045928955e-01,9.862370789051055908e-02
-2.424795180559158325e-02,2.127437740564346313e-01,5.550634264945983887e-01,8.557883650064468384e-02,1.882191188633441925e-02,-1.741692572832107544e-01,9.808093905448913574e-01,3.141000568866729736e-01,1.068070251494646072e-02,5.970807671546936035e-01,2.327148914337158203e-01,5.438920482993125916e-02,7.218931615352630615e-02,-5.888989567756652832e-01,1.787788048386573792e-02,4.042101800441741943e-01,2.421799153089523315e-01,-1.915751397609710693e-01,1.066690608859062195e-01
1.625527255237102509e-02,2.194979041814804077e-01,5.455675125122070312e-01,8.983322978019714355e-02,3.068517707288265228e-02,-1.890105903148651123e-01,9.773757457733154297e-01,3.088811635971069336e-01,-1.374014560133218765e-02,5.926011204719543457e-01,2.958134114742279053e-01,2.293670773506164551e-01,1.358016729354858398e-01,-6.074011325836181641e-01,1.751969568431377411e-03,3.676804602146148682e-01,2.984439730644226074e-01,-4.711117967963218689e-02,1.232293322682380676e-01
5.484949797391891479e-02,2.240466475486755371e-01,5.412377119064331055e-01,1.030273586511611938e-01,3.840220719575881958e-02,-1.824062019586563110e-01,9.770560860633850098e-01,2.838582098484039307e-01,-2.746659331023693085e-02,5.254612565040588379e-01,4.003327190876007080e-01,4.403829872608184814e-01,2.021111249923706055e-01,-6.187711358070373535e-01,-4.689054191112518311e-02,3.728154897689819336e-01,3.871860504150390625e-01,-3.758370876312255859e-02,1.462027579545974731e-01
9.155040234327316284e-02,2.298455089330673218e-01,5.479993224143981934e-01,9.017641097307205200e-02,3.922107070684432983e-02,-1.701247543096542358e-01,9.805036783218383789e-01,1.806853413581848145e-01,-3.405023366212844849e-02,3.405628800392150879e-01,5.600848793983459473e-01,5.140159130096435547e-01,1.212341487407684326e-01,-5.811433196067810059e-01,-7.426252961158752441e-02,3.265742957592010498e-01,4.160427153110504150e-01,-6.673893332481384277e-02,1.998085975646972656e-01
1.294314563274383545e-01,2.358257174491882324e-01,5.622354149818420410e-01,5.960268154740333557e-02,3.452777490019798279e-02,-1.467014253139495850e-01,9.867796301841735840e-01,4.321321845054626465e-02,7.185195107012987137e-03,1.826665401458740234e-01,6.737931370735168457e-01,4.015728533267974854e-01,-2.648342866450548172e-03,-4.997649788856506348e-01,-8.029575645923614502e-02,2.613140940666198730e-01,4.070678949356079102e-01,-1.135552898049354553e-01,2.275139093399047852e-01
1.665725708007812500e-01,2.409106791019439697e-01,5.744714736938476562e-01,3.426615521311759949e-02,2.282770164310932159e-02,-1.178544908761978149e-01,9.921769499778747559e-01,-8.161070942878723145e-02,2.741884812712669373e-02,1.685179583728313446e-02,7.499202489852905273e-01,2.531863152980804443e-01,-8.574953675270080566e-02,-3.918355107307434082e-01,-9.023054689168930054e-02,1.922045201063156128e-01,3.682103753089904785e-01,-1.400148421525955200e-01,2.340264916419982910e-01
2.043143063783645630e-01,2.444644719362258911e-01,5.832330584526062012e-01,1.866963319480419159e-02,1.257879845798015594e-02,-8.381243050098419189e-02,9.962272047996520996e-01,-1.862821280956268311e-01,3.766578808426856995e-02,-1.258425861597061157e-01,7.551523447036743164e-01,1.212645247578620911e-01,-1.284162849187850952e-01,-2.910250425338745117e-01,-1.073802337050437927e-01,1.151549667119979858e-01,3.329474925994873047e-01,-1.631263345479965210e-01,2.183550596237182617e-01
2.409434020519256592e-01,2.469353526830673218e-01,5.892240405082702637e-01,1.194893941283226013e-02,1.383160939440131187e-03,-4.469881951808929443e-02,9.989280700683593750e-01,-2.657861709594726562e-01,3.225256130099296570e-02,-2.423416823148727417e-01,6.935927867889404297e-01,1.553187053650617599e-02,-1.361136883497238159e-01,-1.812241971492767334e-01,-1.275776624679565430e-01,3.900939598679542542e-02,2.782835662364959717e-01,-1.711984723806381226e-01,1.997503340244293213e-01
2.768207490444183350e-01,2.487323135137557983e-01,5.902998447418212891e-01,1.296475622802972794e-02,-4.359302110970020294e-03,-4.486502613872289658e-03,9.998964071273803711e-01,-3.415145576000213623e-01,5.276198498904705048e-03,-3.407292962074279785e-01,5.966962575912475586e-01,-4.563515260815620422e-02,-1.156295314431190491e-01,-9.218484908342361450e-02,-1.482855528593063354e-01,-2.568358555436134338e-02,2.377533912658691406e-01,-1.800441443920135498e-01,1.739710420370101929e-01
3.128622770309448242e-01,2.493656277656555176e-01,5.901467204093933105e-01,1.698786020278930664e-02,-1.385176926851272583e-02,3.872051090002059937e-02,9.990096688270568848e-01,-4.035204648971557617e-01,-2.421460673213005066e-02,-3.960743248462677002e-01,4.718338549137115479e-01,-1.072614490985870361e-01,-7.874128222465515137e-02,1.834584167227149010e-03,-1.572654545307159424e-01,-1.108213216066360474e-01,2.049897313117980957e-01,-1.921141296625137329e-01,1.537490040063858032e-01
3.485899269580841064e-01,2.494309842586517334e-01,5.876286029815673828e-01,2.048229053616523743e-02,-1.981955580413341522e-02,7.890495657920837402e-02,9.964746236801147461e-01,-4.655683040618896484e-01,-5.841581523418426514e-02,-4.143194556236267090e-01,3.294874727725982666e-01,-1.340527683496475220e-01,-3.043749555945396423e-02,8.551429212093353271e-02,-1.519775390625000000e-01,-1.971315890550613403e-01,1.764682531356811523e-01,-2.001662105321884155e-01,1.332083791494369507e-01
3.846047818660736084e-01,2.497535198926925659e-01,5.850163102149963379e-01,1.804808154702186584e-02,-2.338892035186290741e-02,1.185804903507232666e-01,9.925048351287841797e-01,-5.312582850456237793e-01,-9.005540609359741211e-02,-3.886219561100006104e-01,2.191166132688522339e-01,-1.642873883247375488e-01,4.962495528161525726e-03,1.535539925098419189e-01,-1.231789663434028625e-01,-2.603089511394500732e-01,1.653652787208557129e-01,-2.169100046157836914e-01,1.107390522956848145e-01
4.207396805286407471e-01,2.496534436941146851e-01,5.816346406936645508e-01,6.278313696384429932e-03,-2.407187968492507935e-02,1.437780708074569702e-01,9.892972111701965332e-01,-5.869483947753906250e-01,-9.587506204843521118e-02,-3.348761796951293945e-01,1.552939116954803467e-01,-2.148513346910476685e-01,-1.201756065711379051e-03,2.123217582702636719e-01,-7.335693389177322388e-02,-2.960786521434783936e-01,1.639122217893600464e-01,-2.281911224126815796e-01,8.007156848907470703e-02
4.568348526954650879e-01,2.495503574609756470e-01,5.750328898429870605e-01,6.873880513012409210e-03,-2.441907301545143127e-02,1.667482554912567139e-01,9.856731295585632324e-01,-6.165730953216552734e-01,-1.305301487445831299e-01,-3.218991458415985107e-01,1.829625070095062256e-01,-2.205812931060791016e-01,3.968885634094476700e-03,2.560026943683624268e-01,-4.773699119687080383e-02,-3.376398384571075439e-01,1.896173954010009766e-01,-2.346497923135757446e-01,6.646323204040527344e-02
4.959915578365325928e-01,2.485914528369903564e-01,5.675320029258728027e-01,8.229645900428295135e-03,-2.508376166224479675e-02,1.864528208971023560e-01,9.821091890335083008e-01,-6.084920763969421387e-01,-1.533798426389694214e-01,-3.247292637825012207e-01,2.626296877861022949e-01,-2.083793580532073975e-01,-1.307321619242429733e-02,2.905040383338928223e-01,-2.482797019183635712e-02,-3.858290910720825195e-01,2.372727543115615845e-01,-1.999953240156173706e-01,3.805303946137428284e-02
5.381820797920227051e-01,2.469585388898849487e-01,5.589495301246643066e-01,1.293584797531366348e-02,-1.776704192161560059e-02,1.988674402236938477e-01,9.797799587249755859e-01,-5.931413173675537109e-01,-1.738137453794479370e-01,-3.688365519046783447e-01,3.260924816131591797e-01,-1.117540299892425537e-01,-3.730045258998870850e-02,3.008752465248107910e-01,-1.525129564106464386e-02,-3.910468816757202148e-01,3.022503554821014404e-01,-1.086821332573890686e-01,1.360781304538249969e-02
5.797075033187866211e-01,2.440143823623657227e-01,5.532937645912170410e-01,5.227328743785619736e-03,-6.814709864556789398e-03,2.008625268936157227e-01,9.795817732810974121e-01,-6.012030839920043945e-01,-1.438458412885665894e-01,-3.496614396572113037e-01,3.920874595642089844e-01,-2.348780073225498199e-02,-5.916174873709678650e-02,2.763351202011108398e-01,7.661358453333377838e-03,-3.474838137626647949e-01,3.959472477436065674e-01,7.281007617712020874e-02,-7.688847836107015610e-03
6.192637681961059570e-01,2.416894882917404175e-01,5.519537329673767090e-01,-3.139657201245427132e-03,-4.422037862241268158e-03,1.882801502943038940e-01,9.821003675460815430e-01,-5.691952109336853027e-01,-9.417030215263366699e-02,-3.557959794998168945e-01,4.298519194126129150e-01,-7.673971820622682571e-03,-1.090792715549468994e-01,2.416295111179351807e-01,2.876294963061809540e-02,-2.394810318946838379e-01,5.121288895606994629e-01,2.695061564445495605e-01,-6.606931798160076141e-03
6.560468673706054688e-01,2.375622838735580444e-01,5.576971769332885742e-01,5.678119137883186340e-03,-2.948440145701169968e-03,1.654294729232788086e-01,9.862008690834045410e-01,-5.371218919754028320e-01,-5.935062095522880554e-02,-3.106424510478973389e-01,4.617157578468322754e-01,-4.450320824980735779e-02,-1.686506867408752441e-01,1.598149687051773071e-01,2.266931533813476562e-02,-1.001801192760467529e-01,6.505793333053588867e-01,3.151932060718536377e-01,4.861820861697196960e-02
6.926116943359375000e-01,2.354025393724441528e-01,5.678374767303466797e-01,1.787682995200157166e-02,-5.165955517441034317e-03,1.362546086311340332e-01,9.904990792274475098e-01,-4.664333164691925049e-01,-2.810708805918693542e-02,-2.604212164878845215e-01,4.445527791976928711e-01,-7.584708929061889648e-02,-1.965135484933853149e-01,5.206885188817977905e-02,-3.545175865292549133e-02,-2.131102420389652252e-02,7.543845176696777344e-01,2.263438403606414795e-01,9.103942662477493286e-02
7.285917401313781738e-01,2.340484559535980225e-01,5.765073895454406738e-01,2.491166442632675171e-02,-6.800319068133831024e-03,1.040674895048141479e-01,9.942349195480346680e-01,-3.901107311248779297e-01,7.674986496567726135e-03,-2.032065242528915405e-01,4.109245240688323975e-01,-9.877233207225799561e-02,-2.045206427574157715e-01,-5.407910421490669250e-02,-8.027832955121994019e-02,6.565392762422561646e-02,7.805969715118408203e-01,1.607618778944015503e-01,1.114336028695106506e-01
7.651622295379638672e-01,2.330591976642608643e-01,5.837130546569824219e-01,2.668706886470317841e-02,-1.389622874557971954e-02,6.547570973634719849e-02,9.974004626274108887e-01,-2.948000431060791016e-01,4.877463728189468384e-02,-1.375651210546493530e-01,3.621945083141326904e-01,-1.191599220037460327e-01,-1.983163505792617798e-01,-1.353738456964492798e-01,-1.052432730793952942e-01,1.529918313026428223e-01,7.363241910934448242e-01,8.169551938772201538e-02,1.237663999199867249e-01
8.028067946434020996e-01,2.315660566091537476e-01,5.882742404937744141e-01,2.213251031935214996e-02,-2.387562021613121033e-02,2.453635446727275848e-02,9.991686940193176270e-01,-1.856466978788375854e-01,9.284906834363937378e-02,-6.265851855278015137e-02,3.033931851387023926e-01,-1.300047338008880615e-01,-1.868764460086822510e-01,-1.936599165201187134e-01,-1.002524122595787048e-01,2.364375591278076172e-01,6.413065195083618164e-01,1.402919739484786987e-02,1.189352869987487793e-01
8.388388752937316895e-01,2.312621027231216431e-01,5.890633463859558105e-01,1.594112068414688110e-02,-3.084737621247768402e-02,-1.767209917306900024e-02,9.992406964302062988e-01,-9.050262719392776489e-02,1.210892349481582642e-01,4.152177367359399796e-03,2.554381489753723145e-01,-1.410526186227798462e-01,-1.498797535896301270e-01,-2.505787312984466553e-01,-7.838329672813415527e-02,3.243823647499084473e-01,5.170556902885437012e-01,-5.845394358038902283e-02,1.046961545944213867e-01
8.733630776405334473e-01,2.316883504390716553e-01,5.881947278976440430e-01,8.613518439233303070e-03,-3.552360087633132935e-02,-5.268959701061248779e-02,9.979417324066162109e-01,-4.261005204170942307e-03,1.357262432575225830e-01,6.244215741753578186e-02,2.206797599792480469e-01,-1.541624814271926880e-01,-1.215064823627471924e-01,-3.084836602210998535e-01,-4.610661044716835022e-02,3.960460722446441650e-01,3.731974959373474121e-01,-1.161176338791847229e-01,8.851960301399230957e-02
9.077979326248168945e-01,2.330366373062133789e-01,5.862241387367248535e-01,3.723175497725605965e-03,-3.951320797204971313e-02,-8.984826505184173584e-02,9.951643943786621094e-01,7.624772191047668457e-02,1.311230808496475220e-01,1.218516603112220764e-01,1.915745437145233154e-01,-1.764403879642486572e-01,-9.140349924564361572e-02,-3.637868165969848633e-01,-1.039762049913406372e-02,4.431727528572082520e-01,2.437111735343933105e-01,-1.702261567115783691e-01,6.732111424207687378e-02
9.416493177413940430e-01,2.343269288539886475e-01,5.837550163269042969e-01,7.009536027908325195e-03,-4.054497927427291870e-02,-1.193637698888778687e-01,9.919975996017456055e-01,1.408620029687881470e-01,1.021535396575927734e-01,1.661907583475112915e-01,1.779792904853820801e-01,-2.014816105365753174e-01,-6.511843204498291016e-02,-4.248091876506805420e-01,8.920017629861831665e-03,4.534649252891540527e-01,1.457645297050476074e-01,-2.155890315771102905e-01,6.641723215579986572e-02
9.763988852500915527e-01,2.351755350828170776e-01,5.791147947311401367e-01,7.461283821612596512e-03,-4.035825654864311218e-02,-1.444841325283050537e-01,9.886555671691894531e-01,1.943329423666000366e-01,7.722038775682449341e-02,2.133669257164001465e-01,1.840291321277618408e-01,-2.250983268022537231e-01,-4.700667783617973328e-02,-4.726960062980651855e-01,3.298173099756240845e-02,4.450326561927795410e-01,1.041926965117454529e-01,-2.306072860956192017e-01,4.951848462224006653e-02
1.011062622070312500e+00,2.355605661869049072e-01,5.725548863410949707e-01,5.222283303737640381e-03,-3.813343122601509094e-02,-1.640152931213378906e-01,9.857066273689270020e-01,2.332976609468460083e-01,5.977096036076545715e-02,2.667527198791503906e-01,2.068692743778228760e-01,-2.223423868417739868e-01,-3.717565163969993591e-02,-5.049042701721191406e-01,6.259927153587341309e-02,4.333431422710418701e-01,1.387292891740798950e-01,-2.353334873914718628e-01,6.163083016872406006e-02
1.048336029052734375e+00,2.371027320623397827e-01,5.652005672454833984e-01,1.355099957436323166e-03,-2.956747077405452728e-02,-1.758868396282196045e-01,9.839653372764587402e-01,2.563670873641967773e-01,5.192976444959640503e-02,3.139713108539581299e-01,2.446318566799163818e-01,-1.964572966098785400e-01,2.425160259008407593e-02,-5.255931615829467773e-01,8.770782500505447388e-02,4.487141370773315430e-01,2.310675978660583496e-01,-2.546019852161407471e-01,5.944436788558959961e-02
1.088574171066284180e+00,2.403232753276824951e-01,5.562443137168884277e-01,-2.299490151926875114e-03,-1.695328950881958008e-02,-1.912572383880615234e-01,9.813908338546752930e-01,2.561466395854949951e-01,3.580576553940773010e-02,3.309603333473205566e-01,3.009853065013885498e-01,-9.535600244998931885e-02,5.792347341775894165e-02,-5.272518396377563477e-01,9.266716986894607544e-02,4.486131966114044189e-01,2.767224907875061035e-01,-1.349400877952575684e-01,8.418189734220504761e-02
1.128932714462280273e+00,2.445661276578903198e-01,5.500271320343017578e-01,1.231688540428876877e-02,9.002254228107631207e-04,-1.900850832462310791e-01,9.816899299621582031e-01,2.208573520183563232e-01,-9.078691713511943817e-03,2.844437360763549805e-01,3.848082721233367920e-01,8.106892555952072144e-02,8.110038191080093384e-02,-5.392169356346130371e-01,4.948458075523376465e-02,4.380438625812530518e-01,3.120317161083221436e-01,-3.933716192841529846e-02,1.427340209484100342e-01
1.165416717529296875e+00,2.477852851152420044e-01,5.479179024696350098e-01,3.061830438673496246e-02,4.560781177133321762e-03,-1.763588339090347290e-01,9.838390350341796875e-01,1.991271376609802246e-01,-5.318843945860862732e-02,2.182893604040145874e-01,4.788187444210052490e-01,3.221241235733032227e-01,7.624544948339462280e-02,-5.260080099105834961e-01,-2.030063420534133911e-02,4.402342140674591064e-01,3.624775111675262451e-01,-5.060834810137748718e-02,1.843147277832031250e-01
1.200906753540039062e+00,2.528475821018218994e-01,5.531153678894042969e-01,2.502390742301940918e-02,9.252141229808330536e-03,-1.556038409471511841e-01,9.874591827392578125e-01,1.270232200622558594e-01,-6.634178012609481812e-02,1.088517755270004272e-01,6.012821197509765625e-01,4.316936433315277100e-01,1.728713326156139374e-02,-4.915692806243896484e-01,-6.021774932742118835e-02,3.967311084270477295e-01,3.783180415630340576e-01,-8.818158507347106934e-02,2.172744721174240112e-01
1.236166596412658691e+00,2.582668662071228027e-01,5.625951290130615234e-01,7.744757458567619324e-03,6.134865339845418930e-03,-1.280722320079803467e-01,9.917156100273132324e-01,2.873018756508827209e-02,-4.942685365676879883e-02,2.099215984344482422e-03,7.151467204093933105e-01,3.747303485870361328e-01,-5.499634891748428345e-02,-4.211232066154479980e-01,-8.511758595705032349e-02,3.315610885620117188e-01,3.647000789642333984e-01,-1.192656233906745911e-01,2.334078997373580933e-01
1.271042943000793457e+00,2.624462842941284180e-01,5.710986852645874023e-01,-5.693013314157724380e-03,2.824677620083093643e-03,-8.984692394733428955e-02,9.959353208541870117e-01,-6.932425498962402344e-02,-2.453635446727275848e-02,-9.324491024017333984e-02,7.715958356857299805e-01,2.966999411582946777e-01,-1.050977855920791626e-01,-3.427486121654510498e-01,-1.124671697616577148e-01,2.620601058006286621e-01,3.324202597141265869e-01,-1.351413130760192871e-01,2.316830307245254517e-01
1.305970072746276855e+00,2.643280625343322754e-01,5.779814720153808594e-01,-1.445448957383632660e-02,-7.407770957797765732e-03,-4.530991986393928528e-02,9.988409280776977539e-01,-1.366085559129714966e-01,3.648783313110470772e-03,-1.799130588769912720e-01,7.558574676513671875e-01,2.185607850551605225e-01,-1.239935308694839478e-01,-2.471164315938949585e-01,-1.368107944726943970e-01,1.788696944713592529e-01,2.928220331668853760e-01,-1.293747872114181519e-01,2.150263637304306030e-01
1.339517354965209961e+00,2.661464512348175049e-01,5.821093916893005371e-01,-1.451277732849121094e-02,-1.457152981311082840e-02,2.482573501765727997e-03,9.997854232788085938e-01,-2.080362588167190552e-01,7.767502684146165848e-03,-2.552446722984313965e-01,6.989037394523620605e-01,1.415104568004608154e-01,-1.141993403434753418e-01,-1.604880094528198242e-01,-1.652287989854812622e-01,9.140401333570480347e-02,2.557442188262939453e-01,-1.285852640867233276e-01,1.963834017515182495e-01
1.373181462287902832e+00,2.671583890914916992e-01,5.841030478477478027e-01,-1.171177159994840622e-02,-2.106387540698051453e-02,5.420671030879020691e-02,9.982388615608215332e-01,-2.717422246932983398e-01,2.128341235220432281e-03,-3.062248826026916504e-01,6.043341755867004395e-01,6.001118943095207214e-02,-1.017365083098411560e-01,-7.740031927824020386e-02,-1.838403493165969849e-01,-7.207647897303104401e-03,2.254393547773361206e-01,-1.281405240297317505e-01,1.688980907201766968e-01
1.407064795494079590e+00,2.683362364768981934e-01,5.836185812950134277e-01,-5.178456660360097885e-03,-2.785828709602355957e-02,1.012026742100715637e-01,9.944622516632080078e-01,-3.230708241462707520e-01,-2.358544990420341492e-02,-3.536980748176574707e-01,4.836392700672149658e-01,-7.810691837221384048e-03,-7.031579315662384033e-02,7.863672450184822083e-03,-1.937042474746704102e-01,-1.029533371329307556e-01,1.990257799625396729e-01,-1.303716599941253662e-01,1.444980204105377197e-01
1.440832972526550293e+00,2.689324915409088135e-01,5.823915600776672363e-01,-1.353517654933966696e-05,-3.243761137127876282e-02,1.460740715265274048e-01,9.887416958808898926e-01,-3.704761564731597900e-01,-4.919500648975372314e-02,-3.763115406036376953e-01,3.460907936096191406e-01,-7.280245423316955566e-02,-3.760744258761405945e-02,8.351324498653411865e-02,-1.867195069789886475e-01,-1.844756305217742920e-01,1.803311854600906372e-01,-1.438271999359130859e-01,1.175378113985061646e-01
1.474307537078857422e+00,2.698075175285339355e-01,5.808430910110473633e-01,-1.013252185657620430e-03,-3.408948704600334167e-02,1.789090782403945923e-01,9.832743406295776367e-01,-4.259727895259857178e-01,-6.742148846387863159e-02,-3.822354674339294434e-01,2.209703922271728516e-01,-1.467548310756683350e-01,-8.229075931012630463e-03,1.483570933341979980e-01,-1.587503254413604736e-01,-2.480635941028594971e-01,1.690747290849685669e-01,-1.673907935619354248e-01,9.687969088554382324e-02
1.507443904876708984e+00,2.704865336418151855e-01,5.780702233314514160e-01,-5.834427196532487869e-03,-3.192350268363952637e-02,1.971773952245712280e-01,9.798305630683898926e-01,-4.857473969459533691e-01,-7.417386025190353394e-02,-4.050564169883728027e-01,1.293388903141021729e-01,-2.105495482683181763e-01,3.162406012415885925e-02,1.980739980936050415e-01,-1.216746419668197632e-01,-2.944367229938507080e-01,1.675036996603012085e-01,-1.926604807376861572e-01,8.188370615243911743e-02
1.540913462638854980e+00,2.704431116580963135e-01,5.730202794075012207e-01,-9.041693992912769318e-03,-2.808763459324836731e-02,2.087127566337585449e-01,9.775317311286926270e-01,-5.273560285568237305e-01,-7.414089143276214600e-02,-4.175710678100585938e-01,9.747786074876785278e-02,-2.449106425046920776e-01,2.527004852890968323e-02,2.395405620336532593e-01,-8.945064246654510498e-02,-3.292065858840942383e-01,1.790847033262252808e-01,-2.043390125036239624e-01,5.739335715770721436e-02
1.575455307960510254e+00,2.704339921474456787e-01,5.651701688766479492e-01,4.490116552915424109e-04,-2.682171203196048737e-02,2.220006585121154785e-01,9.746774435043334961e-01,-5.443086028099060059e-01,-1.012248098850250244e-01,-4.458750486373901367e-01,1.587445586919784546e-01,-2.493188679218292236e-01,1.803542114794254303e-02,2.769256234169006348e-01,-8.309594541788101196e-02,-3.630321919918060303e-01,2.131516337394714355e-01,-1.974297016859054565e-01,3.431113064289093018e-02
1.612850785255432129e+00,2.706723213195800781e-01,5.564144849777221680e-01,1.062120497226715088e-02,-2.383123151957988739e-02,2.304757833480834961e-01,9.727281928062438965e-01,-5.410699844360351562e-01,-1.153333485126495361e-01,-4.534816443920135498e-01,2.315074652433395386e-01,-2.072499245405197144e-01,-6.787749938666820526e-03,3.085648119449615479e-01,-8.152745664119720459e-02,-3.931666612625122070e-01,2.572603225708007812e-01,-1.463621407747268677e-01,1.141343172639608383e-02
1.651236534118652344e+00,2.704156339168548584e-01,5.484664440155029297e-01,1.333340257406234741e-02,-1.010834425687789917e-02,2.399183213710784912e-01,9.706488847732543945e-01,-5.633807182312011719e-01,-1.260035485029220581e-01,-4.338291883468627930e-01,2.943573594093322754e-01,-6.986492127180099487e-02,-5.629728361964225769e-02,2.947117984294891357e-01,-7.404957711696624756e-02,-4.043094217777252197e-01,3.220694661140441895e-01,-2.980501204729080200e-02,-2.752143330872058868e-02
1.689905047416687012e+00,2.699823975563049316e-01,5.435217022895812988e-01,1.705343485809862614e-03,-9.706554003059864044e-03,2.363215684890747070e-01,9.716249108314514160e-01,-5.438058376312255859e-01,-8.042760938405990601e-02,-4.305691123008728027e-01,3.493840396404266357e-01,-9.597809985280036926e-03,-8.120332658290863037e-02,2.889605760574340820e-01,-5.072840675711631775e-02,-3.839897513389587402e-01,4.086033105850219727e-01,1.604813933372497559e-01,-8.535420149564743042e-02
1.724173665046691895e+00,2.691647410392761230e-01,5.431669354438781738e-01,-5.285019986331462860e-03,-8.805191144347190857e-03,2.186831384897232056e-01,9.757418632507324219e-01,-5.213649868965148926e-01,-2.298285625874996185e-02,-4.065516889095306396e-01,3.836935162544250488e-01,-2.896907925605773926e-02,-1.368571817874908447e-01,2.480306476354598999e-01,-4.085338860750198364e-02,-3.109459877014160156e-01,5.175181627273559570e-01,3.415437936782836914e-01,-8.287595212459564209e-02
1.756905317306518555e+00,2.669419944286346436e-01,5.497772097587585449e-01,8.219270966947078705e-03,-7.294987794011831284e-03,1.981148123741149902e-01,9.801172018051147461e-01,-4.795692563056945801e-01,-3.307045437395572662e-03,-3.665291965007781982e-01,3.988004624843597412e-01,-6.163560599088668823e-02,-1.799474805593490601e-01,1.568795740604400635e-01,-3.055322356522083282e-02,-1.519878804683685303e-01,6.435106992721557617e-01,3.766048550605773926e-01,-1.147440727800130844e-02
1.789748787879943848e+00,2.652976512908935547e-01,5.588445663452148438e-01,2.943194098770618439e-02,-9.330016560852527618e-03,1.636685281991958618e-01,9.860321283340454102e-01,-4.187270402908325195e-01,1.108073350042104721e-02,-2.999688684940338135e-01,3.856105804443359375e-01,-7.354029268026351929e-02,-1.971574574708938599e-01,5.852643772959709167e-02,-5.333928391337394714e-02,-7.428546436131000519e-03,7.374576926231384277e-01,2.700426280498504639e-01,7.468675076961517334e-02
1.822591662406921387e+00,2.648007273674011230e-01,5.663582682609558105e-01,4.157172515988349915e-02,-1.383581291884183884e-02,1.254843026399612427e-01,9.911276698112487793e-01,-3.525950312614440918e-01,3.928408026695251465e-02,-2.247690856456756592e-01,3.678852021694183350e-01,-8.697905391454696655e-02,-1.961186379194259644e-01,-2.603602409362792969e-02,-7.806818932294845581e-02,8.520261198282241821e-02,7.657089829444885254e-01,1.719544082880020142e-01,1.210591495037078857e-01
1.854130387306213379e+00,2.645376026630401611e-01,5.724417567253112793e-01,4.641756042838096619e-02,-2.422497048974037170e-02,8.134720474481582642e-02,9.953095912933349609e-01,-2.654003798961639404e-01,7.260619103908538818e-02,-1.596043109893798828e-01,3.325594067573547363e-01,-9.799294918775558472e-02,-1.729537397623062134e-01,-8.528073877096176147e-02,-9.690684825181961060e-02,1.591728329658508301e-01,7.254436612129211426e-01,9.115077555179595947e-02,1.408976465463638306e-01
1.885496497154235840e+00,2.651405334472656250e-01,5.765608549118041992e-01,4.548351094126701355e-02,-3.270421922206878662e-02,3.999371454119682312e-02,9.976282715797424316e-01,-1.812439113855361938e-01,1.024861335754394531e-01,-9.267590194940567017e-02,2.974161803722381592e-01,-9.527187049388885498e-02,-1.526655703783035278e-01,-1.418432295322418213e-01,-1.052083671092987061e-01,2.111633419990539551e-01,6.402060985565185547e-01,1.257957983762025833e-02,1.555420309305191040e-01
1.916876792907714844e+00,2.659707665443420410e-01,5.783551335334777832e-01,3.968267515301704407e-02,-3.987765312194824219e-02,4.088983405381441116e-03,9.984079003334045410e-01,-1.001098677515983582e-01,1.302280128002166748e-01,-2.176911756396293640e-02,2.664000988006591797e-01,-9.734793752431869507e-02,-1.280808299779891968e-01,-1.921375393867492676e-01,-9.462103247642517090e-02,2.575721144676208496e-01,5.249918103218078613e-01,-5.592295899987220764e-02,1.545841097831726074e-01
1.947531342506408691e+00,2.673169970512390137e-01,5.776359438896179199e-01,3.107703290879726410e-02,-4.500982910394668579e-02,-3.314441815018653870e-02,9.979528188705444336e-01,-2.516642212867736816e-02,1.529777497053146362e-01,4.880648106336593628e-02,2.407725155353546143e-01,-9.991355240345001221e-02,-1.099297851324081421e-01,-2.409448623657226562e-01,-7.601433247327804565e-02,3.023691773414611816e-01,3.981150090694427490e-01,-9.939990937709808350e-02,1.388810127973556519e-01
1.977661728858947754e+00,2.690138220787048340e-01,5.759821534156799316e-01,2.185855619609355927e-02,-5.014038458466529846e-02,-7.173684984445571899e-02,9.959226846694946289e-01,5.105454102158546448e-02,1.642760187387466431e-01,1.169699952006340027e-01,2.129048556089401245e-01,-1.170146390795707703e-01,-9.201780706644058228e-02,-2.869737744331359863e-01,-5.943532288074493408e-02,3.098206222057342529e-01,2.647880613803863525e-01,-1.223500221967697144e-01,1.079575270414352417e-01
2.008335351943969727e+00,2.701283395290374756e-01,5.743102431297302246e-01,2.029276639223098755e-02,-4.845908284187316895e-02,-1.025794968008995056e-01,9.933364987373352051e-01,1.110588684678077698e-01,1.560986191034317017e-01,1.843038499355316162e-01,1.934640258550643921e-01,-1.480707079172134399e-01,-5.632240325212478638e-02,-3.482118546962738037e-01,-4.572589322924613953e-02,3.375284671783447266e-01,1.652853935956954956e-01,-1.821914315223693848e-01,6.964977085590362549e-02
2.037453413009643555e+00,2.714294195175170898e-01,5.709087848663330078e-01,2.116682939231395721e-02,-4.482622072100639343e-02,-1.238951608538627625e-01,9.910562634468078613e-01,1.605980843305587769e-01,1.343260854482650757e-01,2.209099382162094116e-01,1.844865381717681885e-01,-1.836826801300048828e-01,-2.010000124573707581e-02,-4.045858979225158691e-01,-3.416004776954650879e-02,3.763962686061859131e-01,9.725530445575714111e-02,-2.241233736276626587e-01,4.431150481104850769e-02
2.067271471023559570e+00,2.726985216140747070e-01,5.653756856918334961e-01,1.603890024125576019e-02,-4.225495830178260803e-02,-1.357929706573486328e-01,9.897058010101318359e-01,2.080022692680358887e-01,1.288130730390548706e-01,2.587019801139831543e-01,1.873667389154434204e-01,-2.073259055614471436e-01,-8.066361770033836365e-03,-4.382894635200500488e-01,-1.096940040588378906e-02,4.382535815238952637e-01,8.890251815319061279e-02,-2.401321977376937866e-01,2.958009392023086548e-02
2.095918178558349609e+00,2.741257548332214355e-01,5.581341385841369629e-01,7.550690323114395142e-03,-3.856493160128593445e-02,-1.500307172536849976e-01,9.879000782966613770e-01,2.383409291505813599e-01,1.301793903112411499e-01,2.851145863533020020e-01,2.144097983837127686e-01,-2.117178589105606079e-01,1.414474379271268845e-02,-4.559993743896484375e-01,1.973692886531352997e-02,4.857632815837860107e-01,1.409806609153747559e-01,-2.414112538099288940e-01,4.278130084276199341e-02
2.127650260925292969e+00,2.757159173488616943e-01,5.503043532371520996e-01,1.436814200133085251e-03,-3.258442506194114685e-02,-1.633976995944976807e-01,9.860209822654724121e-01,2.584119439125061035e-01,1.249543279409408569e-01,3.046745359897613525e-01,2.566171884536743164e-01,-1.847750544548034668e-01,4.338251799345016479e-02,-4.573066234588623047e-01,3.228672593832015991e-02,4.946549832820892334e-01,1.932736933231353760e-01,-1.899940222501754761e-01,6.768022477626800537e-02
2.161095619201660156e+00,2.779637575149536133e-01,5.451040267944335938e-01,5.061779636889696121e-03,-1.953693293035030365e-02,-1.690464466810226440e-01,9.854014515876770020e-01,2.395249307155609131e-01,1.070872396230697632e-01,2.999976575374603271e-01,3.312258720397949219e-01,-9.765205532312393188e-02,6.138627976179122925e-02,-4.749419689178466797e-01,2.657923474907875061e-02,4.776472747325897217e-01,2.406578063964843750e-01,-8.689158409833908081e-02,1.193997114896774292e-01
2.194647550582885742e+00,2.793974280357360840e-01,5.415436029434204102e-01,2.159056812524795532e-02,-1.677972637116909027e-02,-1.664128899574279785e-01,9.856769442558288574e-01,2.317513227462768555e-01,6.759575009346008301e-02,2.693723142147064209e-01,4.075485467910766602e-01,9.737836569547653198e-02,9.219677746295928955e-02,-4.690796136856079102e-01,-2.844417840242385864e-02,4.442408382892608643e-01,2.942469120025634766e-01,-4.256570711731910706e-02,1.477844119071960449e-01
