-1.707034111022949219e-01,-2.299333810806274414e+00,5.959133505821228027e-01,5.565486103296279907e-02,5.150536075234413147e-02,9.171262383460998535e-01,3.913173079490661621e-01,-2.000215649604797363e-01,8.105213195085525513e-02,-6.523157656192779541e-02,2.421779185533523560e-01,-1.012796089053153992e-01,-1.079363152384757996e-01,1.539836544543504715e-02,-1.142407953739166260e-01,4.376923143863677979e-01,4.077835977077484131e-01,-3.255822136998176575e-02,1.046496704220771790e-01
-1.847839653491973877e-01,-2.292927980422973633e+00,5.961881279945373535e-01,5.069787055253982544e-02,4.568146541714668274e-02,9.363603591918945312e-01,3.443431258201599121e-01,-1.690158843994140625e-01,6.159961596131324768e-02,-2.066645473241806030e-01,2.782954871654510498e-01,-1.958545595407485962e-01,-1.019962877035140991e-01,-9.802624583244323730e-02,-2.362618595361709595e-02,3.897390067577362061e-01,4.871357977390289307e-01,-1.646635681390762329e-01,1.359783113002777100e-01
-1.971926391124725342e-01,-2.294400453567504883e+00,5.979107022285461426e-01,4.213472455739974976e-02,4.752375185489654541e-02,9.195054173469543457e-01,3.879122436046600342e-01,-1.965021640062332153e-01,6.687421351671218872e-02,-8.243294060230255127e-02,2.855660021305084229e-01,-1.711003929376602173e-01,-1.431929171085357666e-01,-1.541273742914199829e-01,-2.199680358171463013e-02,3.024308979511260986e-01,4.283710122108459473e-01,-1.853264868259429932e-01,1.623178571462631226e-01
-2.086492627859115601e-01,-2.295218229293823242e+00,5.988556146621704102e-01,4.134276136755943298e-02,4.425666481256484985e-02,8.974842429161071777e-01,4.368686079978942871e-01,-1.980443149805068970e-01,7.456620782613754272e-02,-3.937416244298219681e-03,2.879810929298400879e-01,-1.601211279630661011e-01,-1.388794332742691040e-01,-1.879364401102066040e-01,-4.078684747219085693e-02,1.540774405002593994e-01,3.710300624370574951e-01,-1.976829171180725098e-01,1.477729827165603638e-01
-2.201157212257385254e-01,-2.295565605163574219e+00,5.986447930335998535e-01,4.079711064696311951e-02,3.969610109925270081e-02,8.741337656974792480e-01,4.823380112648010254e-01,-1.943034976720809937e-01,8.234981447458267212e-02,6.629648059606552124e-02,2.783871293067932129e-01,-1.376674175262451172e-01,-1.245909407734870911e-01,-2.060369551181793213e-01,-7.156209647655487061e-02,-3.288587555289268494e-02,3.140490651130676270e-01,-1.810002028942108154e-01,1.283275336027145386e-01
-2.309490144252777100e-01,-2.296094417572021484e+00,5.982925891876220703e-01,4.029149934649467468e-02,3.181108459830284119e-02,8.534951806068420410e-01,5.185658931732177734e-01,-1.841499507427215576e-01,9.517513960599899292e-02,1.430967003107070923e-01,2.641827166080474854e-01,-1.228670626878738403e-01,-1.166539117693901062e-01,-2.048995494842529297e-01,-9.144730865955352783e-02,-1.770852506160736084e-01,2.722005248069763184e-01,-1.535472869873046875e-01,1.042744815349578857e-01
-2.424742728471755981e-01,-2.296688556671142578e+00,5.966044068336486816e-01,3.448218479752540588e-02,2.346319146454334259e-02,8.347789049148559570e-01,5.490032434463500977e-01,-1.893759518861770630e-01,1.102495044469833374e-01,2.050276100635528564e-01,2.653635144233703613e-01,-1.101544350385665894e-01,-1.024699136614799500e-01,-1.999664753675460815e-01,-8.741176128387451172e-02,-2.161899656057357788e-01,2.447436749935150146e-01,-1.115837544202804565e-01,8.686931431293487549e-02
-2.533525824546813965e-01,-2.298463821411132812e+00,5.956847667694091797e-01,2.804586477577686310e-02,1.807926408946514130e-02,8.231768012046813965e-01,5.668038129806518555e-01,-1.977450251579284668e-01,1.161651685833930969e-01,2.445638477802276611e-01,2.677022814750671387e-01,-1.052605435252189636e-01,-8.782793581485748291e-02,-1.899920850992202759e-01,-7.790882140398025513e-02,-1.824169456958770752e-01,2.427610307931900024e-01,-1.020807251334190369e-01,8.711466193199157715e-02
-2.630418241024017334e-01,-2.302745342254638672e+00,5.954605937004089355e-01,2.208677493035793304e-02,1.419530436396598816e-02,8.170922994613647461e-01,5.759086608886718750e-01,-2.123394608497619629e-01,1.160619258880615234e-01,2.660822272300720215e-01,2.714921832084655762e-01,-9.379118680953979492e-02,-8.431629091501235962e-02,-1.943937987089157104e-01,-8.062475919723510742e-02,-1.428855508565902710e-01,2.435243129730224609e-01,-9.652888774871826172e-02,1.120741739869117737e-01
-2.730662524700164795e-01,-2.307348966598510742e+00,5.955902934074401855e-01,1.850004121661186218e-02,1.424603350460529327e-02,8.057035207748413086e-01,5.918586254119873047e-01,-2.379829585552215576e-01,1.084073707461357117e-01,2.817740738391876221e-01,2.892096042633056641e-01,-8.105672150850296021e-02,-6.423538923263549805e-02,-1.940937787294387817e-01,-8.964034914970397949e-02,-1.074610576033592224e-01,2.453833967447280884e-01,-1.087930351495742798e-01,1.432629674673080444e-01
-2.805005908012390137e-01,-2.311494350433349609e+00,5.958206653594970703e-01,1.398073602467775345e-02,1.222380343824625015e-02,7.977237105369567871e-01,6.027370691299438477e-01,-2.630811631679534912e-01,1.086835935711860657e-01,2.839247882366180420e-01,3.104221224784851074e-01,-7.544421404600143433e-02,-7.023844122886657715e-02,-1.993552446365356445e-01,-9.377244114875793457e-02,-1.012480258941650391e-01,2.502382397651672363e-01,-1.195475831627845764e-01,1.393053233623504639e-01
-2.863564491271972656e-01,-2.314592361450195312e+00,5.961491465568542480e-01,1.359400060027837753e-02,9.730148129165172577e-03,7.897787094116210938e-01,6.131640672683715820e-01,-2.715375423431396484e-01,8.485382795333862305e-02,1.971986442804336548e-01,3.284926414489746094e-01,-7.475071400403976440e-02,-6.549553573131561279e-02,-1.892152130603790283e-01,-9.527613967657089233e-02,-7.968634366989135742e-02,2.461956143379211426e-01,-1.372534036636352539e-01,1.384011059999465942e-01
-2.915719449520111084e-01,-2.316974878311157227e+00,5.975493788719177246e-01,8.885931223630905151e-03,6.745094433426856995e-03,7.772526144981384277e-01,6.290897727012634277e-01,-2.829900681972503662e-01,6.576186418533325195e-02,8.483103662729263306e-02,3.510259985923767090e-01,-1.053000092506408691e-01,-8.491127938032150269e-02,-1.824381649494171143e-01,-8.862035721540451050e-02,-4.830123111605644226e-02,2.416282743215560913e-01,-1.508461982011795044e-01,1.427083611488342285e-01
-2.975994348526000977e-01,-2.319041252136230469e+00,5.992078781127929688e-01,5.049540661275386810e-03,4.565976560115814209e-03,7.649701237678527832e-01,6.440297961235046387e-01,-2.785913050174713135e-01,5.456034839153289795e-02,-1.457814127206802368e-02,3.720836341381072998e-01,-1.411228626966476440e-01,-9.364377707242965698e-02,-1.753119379281997681e-01,-8.418550342321395874e-02,-1.133976317942142487e-02,2.430600374937057495e-01,-1.664645820856094360e-01,1.526043415069580078e-01
-3.024699985980987549e-01,-2.321298837661743164e+00,5.997982621192932129e-01,1.716268016025424004e-03,2.890685107558965683e-03,7.509274482727050781e-01,6.603761315345764160e-01,-2.727511227130889893e-01,5.082650855183601379e-02,-9.849244356155395508e-02,3.935677409172058105e-01,-1.607643365859985352e-01,-9.903759509325027466e-02,-1.668946743011474609e-01,-8.085865527391433716e-02,2.482925541698932648e-02,2.318143844604492188e-01,-1.695304512977600098e-01,1.474284827709197998e-01
-3.066452443599700928e-01,-2.323266506195068359e+00,5.999828577041625977e-01,-1.411823322996497154e-04,4.284317139536142349e-03,7.411795258522033691e-01,6.712931990623474121e-01,-2.600558400154113770e-01,5.680252611637115479e-02,-1.418228894472122192e-01,3.980005681514739990e-01,-1.752641797065734863e-01,-1.020638272166252136e-01,-1.648188084363937378e-01,-8.447457849979400635e-02,4.298929497599601746e-02,2.248659431934356689e-01,-1.733400076627731323e-01,1.509990990161895752e-01
-3.101883828639984131e-01,-2.323854923248291016e+00,5.991533398628234863e-01,2.783771138638257980e-03,6.718157790601253510e-03,7.334830760955810547e-01,6.796688437461853027e-01,-2.345367372035980225e-01,6.311050802469253540e-02,-1.629573851823806763e-01,3.809656202793121338e-01,-1.624093502759933472e-01,-9.140270948410034180e-02,-1.502180248498916626e-01,-9.797947853803634644e-02,6.137342378497123718e-02,2.085408121347427368e-01,-1.763052493333816528e-01,1.497057676315307617e-01
-3.135623633861541748e-01,-2.324538469314575195e+00,5.976049900054931641e-01,5.918701644986867905e-03,1.221997942775487900e-02,7.285186648368835449e-01,6.848914027214050293e-01,-2.095663845539093018e-01,7.123441994190216064e-02,-1.561773866415023804e-01,3.552012741565704346e-01,-1.418826431035995483e-01,-7.915810495615005493e-02,-1.441590189933776855e-01,-1.156348139047622681e-01,8.037336915731430054e-02,1.968496292829513550e-01,-1.830802261829376221e-01,1.516069322824478149e-01
-3.159469366073608398e-01,-2.324768543243408203e+00,5.962209701538085938e-01,7.112743332982063293e-03,1.456713955849409103e-02,7.231454253196716309e-01,6.905055046081542969e-01,-1.900120228528976440e-01,7.815764844417572021e-02,-1.562432348728179932e-01,3.165014982223510742e-01,-1.478820294141769409e-01,-7.734356075525283813e-02,-1.403222680091857910e-01,-1.244048625230789185e-01,9.056653827428817749e-02,1.943849623203277588e-01,-1.890535205602645874e-01,1.519304662942886353e-01
-3.190452456474304199e-01,-2.322160243988037109e+00,5.965105295181274414e-01,7.512179668992757797e-03,1.417218707501888275e-02,7.147616147994995117e-01,6.991842389106750488e-01,-1.602376103401184082e-01,7.443425804376602173e-02,-1.671519428491592407e-01,2.687195241451263428e-01,-1.876314282417297363e-01,-8.341576159000396729e-02,-1.156079396605491638e-01,-1.293699443340301514e-01,1.064750850200653076e-01,1.728718727827072144e-01,-2.089760601520538330e-01,1.556136906147003174e-01
-3.202911019325256348e-01,-2.322847127914428711e+00,5.967410802841186523e-01,5.459384992718696594e-03,1.719653047621250153e-02,7.101487517356872559e-01,7.038204073905944824e-01,-1.489946544170379639e-01,7.419948279857635498e-02,-1.546408981084823608e-01,2.352332472801208496e-01,-2.094945758581161499e-01,-1.015168949961662292e-01,-1.202984079718589783e-01,-1.321933269500732422e-01,1.038271039724349976e-01,1.737046390771865845e-01,-2.257150262594223022e-01,1.588243395090103149e-01
-3.219635784626007080e-01,-2.322656631469726562e+00,5.972300767898559570e-01,4.800587426871061325e-03,1.994535513222217560e-02,7.017762660980224609e-01,7.121019363403320312e-01,-1.536463946104049683e-01,7.421017438173294067e-02,-1.182804554700851440e-01,2.250753045082092285e-01,-2.069159597158432007e-01,-1.046258732676506042e-01,-1.119904145598411560e-01,-1.386418491601943970e-01,1.142085716128349304e-01,1.604209095239639282e-01,-2.419896721839904785e-01,1.554377377033233643e-01
-3.243585824966430664e-01,-2.320814371109008789e+00,5.979717969894409180e-01,4.740489181131124496e-03,2.072466537356376648e-02,6.985327601432800293e-01,7.152621746063232422e-01,-1.466672420501708984e-01,6.844068318605422974e-02,-1.110363379120826721e-01,2.119978517293930054e-01,-1.996254473924636841e-01,-9.283002465963363647e-02,-1.003294438123703003e-01,-1.447508037090301514e-01,1.200094893574714661e-01,1.494825184345245361e-01,-2.558940649032592773e-01,1.556760370731353760e-01
-3.266304135322570801e-01,-2.319378376007080078e+00,5.983230471611022949e-01,4.702141042798757553e-03,2.151226438581943512e-02,6.961168050765991211e-01,7.175907492637634277e-01,-1.392197906970977783e-01,6.103182956576347351e-02,-1.147100180387496948e-01,2.009025365114212036e-01,-1.924940198659896851e-01,-8.437637984752655029e-02,-9.125372767448425293e-02,-1.499747186899185181e-01,1.292194128036499023e-01,1.416612863540649414e-01,-2.701348662376403809e-01,1.541776657104492188e-01
-3.291313350200653076e-01,-2.317259550094604492e+00,5.984271764755249023e-01,3.511638613417744637e-03,2.115697599947452545e-02,6.952795386314392090e-01,7.184193730354309082e-01,-1.310768276453018188e-01,5.995083227753639221e-02,-1.125017479062080383e-01,1.890473216772079468e-01,-1.897027194499969482e-01,-8.056389540433883667e-02,-8.764172345399856567e-02,-1.532226055860519409e-01,1.270242482423782349e-01,1.406861692667007446e-01,-2.715676128864288330e-01,1.568806022405624390e-01
-3.310127258300781250e-01,-2.315297365188598633e+00,5.977467894554138184e-01,2.912384516093879938e-04,1.947323232889175415e-02,6.958222389221191406e-01,7.179499268531799316e-01,-1.243522539734840393e-01,6.648520380258560181e-02,-1.089515313506126404e-01,1.783938109874725342e-01,-1.931532621383666992e-01,-7.922528684139251709e-02,-9.008483588695526123e-02,-1.479763388633728027e-01,1.304736435413360596e-01,1.460454165935516357e-01,-2.563768029212951660e-01,1.596405357122421265e-01
-3.328440189361572266e-01,-2.312681913375854492e+00,5.962317585945129395e-01,-5.367686506360769272e-03,1.437149755656719208e-02,6.968001127243041992e-01,7.171012759208679199e-01,-1.171198114752769470e-01,8.080010861158370972e-02,-1.099901497364044189e-01,1.688800156116485596e-01,-1.914302110671997070e-01,-8.463358134031295776e-02,-9.405669569969177246e-02,-1.358641237020492554e-01,1.483304500579833984e-01,1.485489457845687866e-01,-2.201093286275863647e-01,1.563185602426528931e-01
-3.339450955390930176e-01,-2.309528350830078125e+00,5.966836214065551758e-01,-6.916927639394998550e-03,1.594032905995845795e-02,6.973949670791625977e-01,7.164763212203979492e-01,-1.126872152090072632e-01,8.020155876874923706e-02,-1.098218187689781189e-01,1.621589511632919312e-01,-1.938565224409103394e-01,-8.628660440444946289e-02,-9.701078385114669800e-02,-1.354373544454574585e-01,1.531555801630020142e-01,1.558720767498016357e-01,-2.229677736759185791e-01,1.667588502168655396e-01
-3.353908658027648926e-01,-2.306628942489624023e+00,5.967623591423034668e-01,-8.909690193831920624e-03,1.631107926368713379e-02,6.980414986610412598e-01,7.158160805702209473e-01,-1.111336126923561096e-01,7.894574105739593506e-02,-1.164204925298690796e-01,1.602435857057571411e-01,-1.859784126281738281e-01,-8.907841145992279053e-02,-9.876536577939987183e-02,-1.370443403720855713e-01,1.442700326442718506e-01,1.571202427148818970e-01,-2.127524167299270630e-01,1.624072939157485962e-01
-3.356886804103851318e-01,-2.303024053573608398e+00,5.971241593360900879e-01,-1.080082450062036514e-02,1.716766506433486938e-02,6.985858082771301270e-01,7.152387499809265137e-01,-1.089496016502380371e-01,8.006262034177780151e-02,-1.198297813534736633e-01,1.601694077253341675e-01,-1.880352646112442017e-01,-8.719570934772491455e-02,-8.868868649005889893e-02,-1.368353813886642456e-01,1.586827337741851807e-01,1.390785425901412964e-01,-2.156054675579071045e-01,1.499107182025909424e-01
-3.359790146350860596e-01,-2.299723386764526367e+00,5.975206494331359863e-01,-1.193997170776128769e-02,2.083426527678966522e-02,6.990934014320373535e-01,7.146270275115966797e-01,-1.071334481239318848e-01,7.571195065975189209e-02,-1.189431622624397278e-01,1.549065709114074707e-01,-1.884505301713943481e-01,-7.985169440507888794e-02,-8.428425341844558716e-02,-1.401480138301849365e-01,1.456269919872283936e-01,1.321196407079696655e-01,-2.130346149206161499e-01,1.615231335163116455e-01
-3.366635739803314209e-01,-2.296329259872436523e+00,5.968379974365234375e-01,-1.544364728033542633e-02,2.422104589641094208e-02,7.000801563262939453e-01,7.134862542152404785e-01,-1.030347943305969238e-01,7.242964208126068115e-02,-1.228093057870864868e-01,1.462044566869735718e-01,-1.965766400098800659e-01,-7.236427068710327148e-02,-8.768472820520401001e-02,-1.404689699411392212e-01,1.487008482217788696e-01,1.357003599405288696e-01,-2.247831821441650391e-01,1.680675595998764038e-01
-3.371099829673767090e-01,-2.294537544250488281e+00,5.957254767417907715e-01,-1.903056167066097260e-02,2.346504107117652893e-02,7.026448845863342285e-01,7.108989953994750977e-01,-9.552477300167083740e-02,7.770759612321853638e-02,-1.181739568710327148e-01,1.397447735071182251e-01,-2.109507322311401367e-01,-7.230138033628463745e-02,-1.034049093723297119e-01,-1.344964355230331421e-01,1.507228761911392212e-01,1.651999950408935547e-01,-2.457395941019058228e-01,1.621564626693725586e-01
-3.378922939300537109e-01,-2.291923999786376953e+00,5.949843525886535645e-01,-2.283661998808383942e-02,2.634879201650619507e-02,7.017903327941894531e-01,7.115297317504882812e-01,-1.003364771604537964e-01,7.624613493680953979e-02,-1.156956776976585388e-01,1.436634361743927002e-01,-2.192461937665939331e-01,-7.985311746597290039e-02,-1.198200583457946777e-01,-1.347148865461349487e-01,1.312825530767440796e-01,1.934452205896377563e-01,-2.509768903255462646e-01,1.805419176816940308e-01
-3.382426202297210693e-01,-2.287034273147583008e+00,5.945981144905090332e-01,-2.457162924110889435e-02,2.631114982068538666e-02,7.026730179786682129e-01,7.106015682220458984e-01,-1.010689809918403625e-01,7.473199069499969482e-02,-1.275699436664581299e-01,1.647455841302871704e-01,-2.357918471097946167e-01,-8.725608885288238525e-02,-1.206685677170753479e-01,-1.316599398851394653e-01,1.314041167497634888e-01,2.070248425006866455e-01,-2.641900181770324707e-01,1.819826811552047729e-01
-3.396722078323364258e-01,-2.282848834991455078e+00,5.942659378051757812e-01,-2.403541840612888336e-02,2.907961234450340271e-02,7.033748626708984375e-01,7.098172307014465332e-01,-1.247652694582939148e-01,6.151303648948669434e-02,-1.405035704374313354e-01,2.201174944639205933e-01,-2.463535368442535400e-01,-9.264224022626876831e-02,-1.248889937996864319e-01,-1.392463892698287964e-01,1.115563288331031799e-01,2.191123664379119873e-01,-2.792005240917205811e-01,1.963012218475341797e-01
-3.410456478595733643e-01,-2.278223276138305664e+00,5.922753214836120605e-01,-2.493558079004287720e-02,2.982816472649574280e-02,7.087348699569702148e-01,7.044028639793395996e-01,-1.650369316339492798e-01,5.239335075020790100e-02,-1.662437468767166138e-01,3.097411692142486572e-01,-2.457640171051025391e-01,-9.384029358625411987e-02,-1.256018728017807007e-01,-1.434485167264938354e-01,1.373677551746368408e-01,2.287930995225906372e-01,-2.866724133491516113e-01,1.874960511922836304e-01
-3.424951136112213135e-01,-2.272995471954345703e+00,5.905577540397644043e-01,-2.363365702331066132e-02,3.139412030577659607e-02,7.147971987724304199e-01,6.982268691062927246e-01,-2.100763022899627686e-01,3.167999908328056335e-02,-2.040142863988876343e-01,4.144912362098693848e-01,-2.006188035011291504e-01,-9.043207764625549316e-02,-1.242363378405570984e-01,-1.524163931608200073e-01,1.181408241391181946e-01,2.392677068710327148e-01,-2.887984812259674072e-01,1.959036141633987427e-01
-3.440905511379241943e-01,-2.266492128372192383e+00,5.910886526107788086e-01,-2.249570004642009735e-02,3.637987747788429260e-02,7.236132025718688965e-01,6.888790726661682129e-01,-2.659912705421447754e-01,-5.689071622327901423e-05,-2.417031377553939819e-01,5.238297581672668457e-01,-1.317259669303894043e-01,-8.849930018186569214e-02,-1.125476807355880737e-01,-1.607585549354553223e-01,1.034164801239967346e-01,2.330107986927032471e-01,-3.195957839488983154e-01,2.458508908748626709e-01
-3.452820777893066406e-01,-2.256538629531860352e+00,5.925645232200622559e-01,-2.327127568423748016e-02,3.198388963937759399e-02,7.339426875114440918e-01,6.780586838722229004e-01,-3.210368454456329346e-01,-7.281251717358827591e-03,-2.697686553001403809e-01,5.951341986656188965e-01,-1.089773923158645630e-01,-8.313520997762680054e-02,-8.482287824153900146e-02,-1.559080928564071655e-01,6.757758557796478271e-02,2.196103930473327637e-01,-3.141963779926300049e-01,2.504270970821380615e-01
-3.450348675251007080e-01,-2.245712280273437500e+00,5.941441655158996582e-01,-2.726708725094795227e-02,2.811186388134956360e-02,7.460562586784362793e-01,6.647302508354187012e-01,-3.847201168537139893e-01,-6.807718891650438309e-03,-2.908969819545745850e-01,6.112464666366577148e-01,-1.196163743734359741e-01,-7.830653339624404907e-02,-6.065122410655021667e-02,-1.442769765853881836e-01,2.428822778165340424e-02,1.973058432340621948e-01,-3.042168319225311279e-01,2.373999059200286865e-01
-3.444803357124328613e-01,-2.240322589874267578e+00,5.942229032516479492e-01,-3.604454547166824341e-02,2.949946932494640350e-02,7.690091729164123535e-01,6.375386118888854980e-01,-4.624439477920532227e-01,-3.299039602279663086e-02,-3.376857042312622070e-01,5.800430774688720703e-01,-1.193534061312675476e-01,-7.933426648378372192e-02,-8.740521222352981567e-02,-1.358655244112014771e-01,-4.775073379278182983e-02,2.096882164478302002e-01,-2.883384227752685547e-01,2.271437197923660278e-01
-3.436449468135833740e-01,-2.221462249755859375e+00,5.941787362098693848e-01,-2.179393544793128967e-02,2.077920548617839813e-02,7.705837488174438477e-01,6.366270184516906738e-01,-4.822899997234344482e-01,-4.917105659842491150e-02,-3.254174888134002686e-01,5.327898263931274414e-01,-1.529665589332580566e-01,-6.228385865688323975e-02,1.805747486650943756e-02,-1.331912279129028320e-01,-7.433734089136123657e-02,1.661325395107269287e-01,-2.808484137058258057e-01,1.924552917480468750e-01
-3.420014083385467529e-01,-2.209034681320190430e+00,5.922471880912780762e-01,-1.912820152938365936e-02,2.105300687253475189e-02,7.860562801361083984e-01,6.175001263618469238e-01,-5.326703786849975586e-01,-8.306827396154403687e-02,-3.348565697669982910e-01,4.731409549713134766e-01,-1.548269540071487427e-01,-4.452940449118614197e-02,3.873652592301368713e-02,-1.240071207284927368e-01,-1.096560508012771606e-01,1.644135415554046631e-01,-2.968856096267700195e-01,1.806283444166183472e-01
-3.395963609218597412e-01,-2.192548513412475586e+00,5.889844298362731934e-01,-1.466761156916618347e-02,2.134984731674194336e-02,7.972344756126403809e-01,6.031138300895690918e-01,-5.747247934341430664e-01,-1.156127154827117920e-01,-3.262497484683990479e-01,4.223242402076721191e-01,-1.448599398136138916e-01,-3.477271646261215210e-02,7.251850515604019165e-02,-1.148455440998077393e-01,-1.481024771928787231e-01,1.605847626924514771e-01,-3.111358582973480225e-01,1.706697642803192139e-01
-3.371954858303070068e-01,-2.176352977752685547e+00,5.854204297065734863e-01,-9.584520012140274048e-03,2.165882661938667297e-02,8.043952584266662598e-01,5.936222076416015625e-01,-6.123951077461242676e-01,-1.502852588891983032e-01,-3.241096436977386475e-01,3.939487040042877197e-01,-1.327538490295410156e-01,-2.839473076164722443e-02,1.053095236420631409e-01,-1.058930009603500366e-01,-1.715534031391143799e-01,1.652845889329910278e-01,-3.316802382469177246e-01,1.645125299692153931e-01
-3.346042335033416748e-01,-2.158888816833496094e+00,5.816800594329833984e-01,-5.218891426920890808e-03,2.309287525713443756e-02,8.099204897880554199e-01,5.860616564750671387e-01,-6.397823691368103027e-01,-1.809184849262237549e-01,-3.274678587913513184e-01,3.882909119129180908e-01,-1.285427361726760864e-01,-2.370291762053966522e-02,1.312136948108673096e-01,-9.696613252162933350e-02,-1.918469667434692383e-01,1.842240095138549805e-01,-3.509959578514099121e-01,1.627843827009201050e-01
-3.316511511802673340e-01,-2.138351202011108398e+00,5.777690410614013672e-01,-2.755398629233241081e-03,2.331575937569141388e-02,8.125917911529541016e-01,5.823601484298706055e-01,-6.507668495178222656e-01,-1.942933350801467896e-01,-3.328537046909332275e-01,4.001920819282531738e-01,-1.355573236942291260e-01,-2.173366583883762360e-02,1.578564792871475220e-01,-8.342170715332031250e-02,-2.093342095613479614e-01,2.070389986038208008e-01,-3.579424321651458740e-01,1.542047262191772461e-01
-3.284932971000671387e-01,-2.117700576782226562e+00,5.698106288909912109e-01,-1.338134612888097763e-02,2.497806586325168610e-02,8.188546299934387207e-01,5.733010768890380859e-01,-6.727691888809204102e-01,-1.967961341142654419e-01,-3.479700088500976562e-01,4.513346552848815918e-01,-1.420873552560806274e-01,-2.035064436495304108e-02,1.599675863981246948e-01,-5.156368017196655273e-02,-8.165687322616577148e-02,2.202155292034149170e-01,-3.931970000267028809e-01,1.368992310017347336e-02
-3.236012756824493408e-01,-2.091043710708618164e+00,5.682334303855895996e-01,-9.579845704138278961e-03,2.574140764772891998e-02,8.096490502357482910e-01,5.862712264060974121e-01,-6.512975692749023438e-01,-1.807795464992523193e-01,-3.498418331146240234e-01,5.083276629447937012e-01,-1.530580073595046997e-01,-5.268469452857971191e-02,1.882124245166778564e-01,-4.829727485775947571e-02,-2.077521532773971558e-01,2.472783923149108887e-01,-3.398740887641906738e-01,7.355063408613204956e-02
-3.183523714542388916e-01,-2.064407110214233398e+00,5.661613941192626953e-01,-1.579952053725719452e-02,2.661299705505371094e-02,8.112150430679321289e-01,5.839283466339111328e-01,-6.283042430877685547e-01,-1.643584221601486206e-01,-3.724770545959472656e-01,5.308730006217956543e-01,-1.477985680103302002e-01,-5.554142966866493225e-02,1.815037429332733154e-01,-2.348288148641586304e-02,-2.067188918590545654e-01,3.059877753257751465e-01,-2.820916771888732910e-01,6.056175008416175842e-02
-3.123509883880615234e-01,-2.036270856857299805e+00,5.649749636650085449e-01,-2.388807944953441620e-02,2.574414014816284180e-02,8.081006407737731934e-01,5.879966020584106445e-01,-6.000571846961975098e-01,-1.266793012619018555e-01,-3.829578459262847900e-01,5.444164276123046875e-01,-1.631925851106643677e-01,-7.747451961040496826e-02,1.631882935762405396e-01,7.714185398072004318e-03,-1.556684821844100952e-01,3.874370455741882324e-01,-1.754622608423233032e-01,3.798244148492813110e-02
-3.057307898998260498e-01,-2.008693695068359375e+00,5.647584795951843262e-01,-3.564428165555000305e-02,2.173305116593837738e-02,8.019264340400695801e-01,5.959624052047729492e-01,-5.712860822677612305e-01,-7.392524182796478271e-02,-3.877602219581604004e-01,5.543833971023559570e-01,-1.969120204448699951e-01,-1.230418384075164795e-01,1.284400373697280884e-01,4.899324476718902588e-02,-8.104012906551361084e-02,4.813407659530639648e-01,7.009625900536775589e-03,3.203374147415161133e-02
-3.000235259532928467e-01,-1.982011198997497559e+00,5.679872632026672363e-01,-3.328196704387664795e-02,2.533533610403537750e-02,7.924899458885192871e-01,6.084489226341247559e-01,-5.333209633827209473e-01,-3.938660025596618652e-02,-3.553728163242340088e-01,5.551462769508361816e-01,-2.356150597333908081e-01,-1.485243439674377441e-01,6.029815226793289185e-02,6.338708102703094482e-02,1.456469297409057617e-02,6.134217977523803711e-01,9.086159616708755493e-02,8.457135409116744995e-02
-2.952094078063964844e-01,-1.954182028770446777e+00,5.734999179840087891e-01,-2.404608950018882751e-02,3.170501813292503357e-02,7.755767703056335449e-01,6.299978494644165039e-01,-4.837453067302703857e-01,-1.044913567602634430e-02,-2.990067005157470703e-01,5.405818223953247070e-01,-2.575148642063140869e-01,-1.686160862445831299e-01,-2.373344078660011292e-02,2.263795398175716400e-02,7.637142390012741089e-02,7.246620655059814453e-01,5.393048748373985291e-02,1.079638302326202393e-01
-2.908778488636016846e-01,-1.926297307014465332e+00,5.792189240455627441e-01,-1.413542218506336212e-02,3.367656096816062927e-02,7.597748637199401855e-01,6.491596102714538574e-01,-4.113507866859436035e-01,1.722900383174419403e-02,-2.490890771150588989e-01,5.042707920074462891e-01,-2.677815556526184082e-01,-1.863484829664230347e-01,-1.118464842438697815e-01,-1.799753680825233459e-02,1.365008950233459473e-01,7.732257843017578125e-01,1.512420549988746643e-02,1.199656724929809570e-01
-2.876106798648834229e-01,-1.897166609764099121e+00,5.847128629684448242e-01,-9.952200576663017273e-03,3.486619889736175537e-02,7.444003820419311523e-01,6.667484045028686523e-01,-3.304350674152374268e-01,4.780383035540580750e-02,-1.966552585363388062e-01,4.454544484615325928e-01,-2.838740646839141846e-01,-1.840336471796035767e-01,-2.076382786035537720e-01,-5.178279057145118713e-02,1.873432397842407227e-01,7.596097588539123535e-01,-3.245382010936737061e-02,1.202027425169944763e-01
-2.837688624858856201e-01,-1.867261171340942383e+00,5.888004899024963379e-01,-4.435322713106870651e-03,2.467373572289943695e-02,7.219727635383605957e-01,6.914672255516052246e-01,-2.210409939289093018e-01,9.062390029430389404e-02,-1.332177519798278809e-01,3.660413026809692383e-01,-2.790789008140563965e-01,-1.707432568073272705e-01,-2.626963257789611816e-01,-5.985175073146820068e-02,2.577611207962036133e-01,6.797563433647155762e-01,-5.842472985386848450e-02,1.050261333584785461e-01
-2.813558876514434814e-01,-1.836463689804077148e+00,5.905738472938537598e-01,-1.156934769824147224e-03,1.565211266279220581e-02,7.014015316963195801e-01,7.125935554504394531e-01,-1.192655116319656372e-01,1.176628395915031433e-01,-7.210662961006164551e-02,2.974610626697540283e-01,-2.704271674156188965e-01,-1.488261967897415161e-01,-3.156707584857940674e-01,-4.828277230262756348e-02,3.356149196624755859e-01,5.760402083396911621e-01,-9.582190215587615967e-02,9.459769725799560547e-02
-2.796860933303833008e-01,-1.807149529457092285e+00,5.906219482421875000e-01,-3.422878507990390062e-04,1.192658022046089172e-02,6.778700351715087891e-01,7.350849509239196777e-01,-4.310656711459159851e-02,1.271711438894271851e-01,-1.044537127017974854e-02,2.519236803054809570e-01,-2.642545104026794434e-01,-1.127708330750465393e-01,-3.817541003227233887e-01,-2.638876438140869141e-02,4.210307002067565918e-01,4.717958569526672363e-01,-1.585496664047241211e-01,9.750226140022277832e-02
-2.788013815879821777e-01,-1.778085112571716309e+00,5.873561501502990723e-01,-1.078843022696673870e-03,5.485297646373510361e-03,6.583269834518432617e-01,7.527113556861877441e-01,3.174599260091781616e-02,1.339003443717956543e-01,3.962164372205734253e-02,2.171089053153991699e-01,-2.559179067611694336e-01,-8.481701463460922241e-02,-4.359949231147766113e-01,8.639888255856931210e-04,4.949491620063781738e-01,3.511593937873840332e-01,-1.723222881555557251e-01,8.775640279054641724e-02
-2.784180939197540283e-01,-1.748798489570617676e+00,5.836922526359558105e-01,-6.273782346397638321e-04,-2.858231309801340103e-04,6.347112059593200684e-01,7.727491259574890137e-01,1.034060791134834290e-01,1.278604269027709961e-01,1.004123911261558533e-01,1.894854903221130371e-01,-2.632070779800415039e-01,-6.838697195053100586e-02,-4.938741624355316162e-01,2.453253790736198425e-02,4.974187016487121582e-01,2.472185641527175903e-01,-1.729099899530410767e-01,6.769894063472747803e-02
-2.778964042663574219e-01,-1.719379425048828125e+00,5.797684788703918457e-01,2.962000202387571335e-03,8.690167451277375221e-04,6.128228902816772461e-01,7.902142405509948730e-01,1.622700989246368408e-01,1.010700613260269165e-01,1.491024792194366455e-01,1.703039556741714478e-01,-2.592403292655944824e-01,-4.923794791102409363e-02,-5.470128059387207031e-01,3.923577815294265747e-02,4.722853302955627441e-01,1.798579096794128418e-01,-1.936540752649307251e-01,6.148516759276390076e-02
-2.770083546638488770e-01,-1.688747048377990723e+00,5.753828883171081543e-01,5.845386534929275513e-03,3.934149630367755890e-03,5.937488079071044922e-01,8.046196103096008301e-01,2.008714675903320312e-01,7.203580439090728760e-02,1.984523981809616089e-01,1.826966851949691772e-01,-2.537074983119964600e-01,-3.151175007224082947e-02,-5.789142847061157227e-01,5.516054853796958923e-02,4.447425901889801025e-01,1.638204753398895264e-01,-2.075399458408355713e-01,7.098945975303649902e-02
-2.768587172031402588e-01,-1.655954480171203613e+00,5.695528388023376465e-01,4.533271770924329758e-03,1.046202983707189560e-02,5.802090764045715332e-01,8.143877387046813965e-01,2.215671390295028687e-01,4.627610743045806885e-02,2.364475429058074951e-01,2.125979363918304443e-01,-2.040884941816329956e-01,3.941540606319904327e-03,-5.923040509223937988e-01,7.118645310401916504e-02,4.743476808071136475e-01,2.153735160827636719e-01,-2.075546681880950928e-01,8.945421129465103149e-02
-2.773860394954681396e-01,-1.620311975479125977e+00,5.648427605628967285e-01,-2.029794966802000999e-03,1.738547347486019135e-02,5.717771649360656738e-01,8.202221989631652832e-01,2.257623523473739624e-01,3.099018894135951996e-02,2.736464738845825195e-01,2.586575746536254883e-01,-1.134919673204421997e-01,9.669603779911994934e-03,-5.956516861915588379e-01,8.429188281297683716e-02,4.925729036331176758e-01,2.838809192180633545e-01,-1.231039166450500488e-01,1.163590475916862488e-01
-2.795211076736450195e-01,-1.583456158638000488e+00,5.617666244506835938e-01,-8.206128841266036034e-04,4.229175299406051636e-02,5.757074952125549316e-01,8.165608048439025879e-01,1.994943916797637939e-01,-1.289416290819644928e-02,2.462793737649917603e-01,3.268855214118957520e-01,5.451888591051101685e-02,5.751412361860275269e-02,-5.976902246475219727e-01,4.808166250586509705e-02,5.332542061805725098e-01,3.285342156887054443e-01,-8.376559615135192871e-02,1.340084969997406006e-01
-2.818875610828399658e-01,-1.546652674674987793e+00,5.612124204635620117e-01,5.747775081545114517e-03,5.901821702718734741e-02,5.878894925117492676e-01,8.067650198936462402e-01,1.804015189409255981e-01,-5.062679201364517212e-02,1.877191811800003052e-01,4.017367362976074219e-01,2.656608819961547852e-01,6.495253741741180420e-02,-5.779622793197631836e-01,-2.222831360995769501e-02,5.127905011177062988e-01,3.499899208545684814e-01,-9.245044738054275513e-02,1.657308191061019897e-01
-2.851653397083282471e-01,-1.510630130767822266e+00,5.657991170883178711e-01,-8.921624976210296154e-04,6.265772134065628052e-02,6.060903668403625488e-01,7.929235100746154785e-01,1.224277541041374207e-01,-5.147390067577362061e-02,1.036917865276336670e-01,5.122092962265014648e-01,3.942047357559204102e-01,3.828521817922592163e-02,-5.494406819343566895e-01,-6.632999330759048462e-02,4.629017114639282227e-01,3.639683723449707031e-01,-1.197193264961242676e-01,2.085981816053390503e-01
-2.886796891689300537e-01,-1.473360896110534668e+00,5.757975578308105469e-01,-1.343445014208555222e-02,4.572691395878791809e-02,6.334518194198608398e-01,7.723129987716674805e-01,3.518046438694000244e-02,-2.366924099624156952e-02,-1.604301109910011292e-02,6.151452064514160156e-01,3.159670531749725342e-01,-3.898493945598602295e-02,-4.783148169517517090e-01,-8.778455853462219238e-02,3.829564452171325684e-01,3.501599431037902832e-01,-1.412009596824645996e-01,2.172792702913284302e-01
-2.908682525157928467e-01,-1.435992717742919922e+00,5.847839117050170898e-01,-1.673745363950729370e-02,2.914193458855152130e-02,6.639686822891235352e-01,7.470048069953918457e-01,-6.043475493788719177e-02,1.130729448050260544e-02,-9.461676329374313354e-02,6.759148836135864258e-01,2.228024452924728394e-01,-7.648214697837829590e-02,-3.832779228687286377e-01,-1.139411553740501404e-01,2.914530932903289795e-01,3.168551027774810791e-01,-1.594776958227157593e-01,2.246468514204025269e-01
-2.933515906333923340e-01,-1.399221658706665039e+00,5.917956829071044922e-01,-1.791366003453731537e-02,1.769810356199741364e-02,6.938842535018920898e-01,7.196461558341979980e-01,-1.642062813043594360e-01,3.147480264306068420e-02,-1.730959117412567139e-01,6.829778552055358887e-01,1.248684674501419067e-01,-9.082596004009246826e-02,-2.924875319004058838e-01,-1.354402601718902588e-01,2.017856240272521973e-01,2.818088531494140625e-01,-1.709789037704467773e-01,2.229695916175842285e-01
-2.955448031425476074e-01,-1.363054633140563965e+00,5.962377786636352539e-01,-1.377121638506650925e-02,1.102196145802736282e-02,7.238622903823852539e-01,6.897189617156982422e-01,-2.582753300666809082e-01,3.045861050486564636e-02,-2.358557581901550293e-01,6.423065066337585449e-01,3.393911942839622498e-02,-8.494545519351959229e-02,-1.924882382154464722e-01,-1.571289002895355225e-01,1.208054646849632263e-01,2.353805601596832275e-01,-1.860507726669311523e-01,2.077426016330718994e-01
-2.961712777614593506e-01,-1.327242255210876465e+00,5.968478322029113770e-01,-9.084437973797321320e-03,7.756728213280439377e-03,7.556779384613037109e-01,6.548344492912292480e-01,-3.351211845874786377e-01,1.421523164026439190e-03,-3.237811326980590820e-01,5.620068311691284180e-01,-2.965707518160343170e-02,-8.024200052022933960e-02,-1.049560680985450745e-01,-1.662499159574508667e-01,5.587315559387207031e-02,2.034207433462142944e-01,-1.924854665994644165e-01,1.644940972328186035e-01
-2.966347932815551758e-01,-1.290871381759643555e+00,5.957557559013366699e-01,-7.480310159735381603e-04,7.586312014609575272e-03,7.820598483085632324e-01,6.231567263603210449e-01,-3.960034549236297607e-01,-4.986218363046646118e-02,-4.067535698413848877e-01,4.597650766372680664e-01,-8.298375457525253296e-02,-5.621786415576934814e-02,-1.576515473425388336e-02,-1.696106195449829102e-01,-2.711200341582298279e-02,1.716157793998718262e-01,-1.999366134405136108e-01,1.400706917047500610e-01
-2.966742515563964844e-01,-1.253673434257507324e+00,5.930462479591369629e-01,8.445508778095245361e-03,8.272279053926467896e-03,8.069455623626708984e-01,5.905074477195739746e-01,-4.470345079898834229e-01,-9.600287675857543945e-02,-4.537503421306610107e-01,3.357722759246826172e-01,-1.149072945117950439e-01,-1.241411734372377396e-02,7.228804379701614380e-02,-1.589553207159042358e-01,-1.038609743118286133e-01,1.439929157495498657e-01,-2.229966819286346436e-01,1.143121495842933655e-01
-2.970902323722839355e-01,-1.216686487197875977e+00,5.897031426429748535e-01,1.159884780645370483e-02,5.543511360883712769e-03,8.268794417381286621e-01,5.622322559356689453e-01,-5.070675611495971680e-01,-1.369330286979675293e-01,-4.772619307041168213e-01,2.315209954977035522e-01,-1.587550044059753418e-01,2.077928371727466583e-02,1.485307067632675171e-01,-1.272659599781036377e-01,-1.663581132888793945e-01,1.254768967628479004e-01,-2.448879778385162354e-01,9.065166115760803223e-02
-2.969466149806976318e-01,-1.180467009544372559e+00,5.859518647193908691e-01,5.467523820698261261e-03,1.700378255918622017e-03,8.390730619430541992e-01,5.439885854721069336e-01,-5.742204189300537109e-01,-1.581840217113494873e-01,-4.727112054824829102e-01,1.595425009727478027e-01,-2.053904533386230469e-01,3.254957124590873718e-02,1.994295567274093628e-01,-7.939504086971282959e-02,-1.972304880619049072e-01,1.256424486637115479e-01,-2.625724971294403076e-01,6.839860975742340088e-02
-2.963344454765319824e-01,-1.142942428588867188e+00,5.802160501480102539e-01,2.545627066865563393e-03,3.371101804077625275e-03,8.474669456481933594e-01,5.308313965797424316e-01,-6.170955896377563477e-01,-1.844740062952041626e-01,-4.884432554244995117e-01,1.473292112350463867e-01,-2.368803918361663818e-01,3.942307829856872559e-02,2.417990118265151978e-01,-4.254889488220214844e-02,-2.259957790374755859e-01,1.409988701343536377e-01,-2.708383202552795410e-01,4.669819399714469910e-02
-2.955059409141540527e-01,-1.103259921073913574e+00,5.733219981193542480e-01,4.736174829304218292e-03,5.126763600856065750e-03,8.576204776763916016e-01,5.142357945442199707e-01,-6.220285892486572266e-01,-2.144291847944259644e-01,-5.099433660507202148e-01,2.118635177612304688e-01,-2.530115842819213867e-01,2.745894156396389008e-02,2.755682170391082764e-01,-9.282086975872516632e-03,-2.796770930290222168e-01,1.808751374483108521e-01,-2.424878776073455811e-01,1.757307350635528564e-02
-2.941438853740692139e-01,-1.059184074401855469e+00,5.641176104545593262e-01,9.727988392114639282e-03,1.444666553288698196e-02,8.665071725845336914e-01,4.988606572151184082e-01,-6.119924783706665039e-01,-2.425493150949478149e-01,-5.194951891899108887e-01,2.872777581214904785e-01,-1.313920617103576660e-01,-5.637300666421651840e-03,3.022924363613128662e-01,1.001444924622774124e-02,-3.332427144050598145e-01,2.253952920436859131e-01,-1.566996723413467407e-01,-1.324522774666547775e-02
-2.922478914260864258e-01,-1.016212105751037598e+00,5.595147609710693359e-01,-3.114293795078992844e-03,1.613502763211727142e-02,8.687775731086730957e-01,4.949297308921813965e-01,-6.358945369720458984e-01,-2.172031700611114502e-01,-4.690889120101928711e-01,3.768003582954406738e-01,-4.530505836009979248e-02,-3.898304700851440430e-02,2.857135832309722900e-01,4.451384767889976501e-02,-3.444306552410125732e-01,2.981279492378234863e-01,-7.899909280240535736e-03,-3.411018103361129761e-02
-2.895641326904296875e-01,-9.734498262405395508e-01,5.580452680587768555e-01,-1.271339971572160721e-02,8.505737408995628357e-03,8.642469048500061035e-01,5.028352141380310059e-01,-6.034601926803588867e-01,-1.533884555101394653e-01,-4.764330387115478516e-01,4.174445867538452148e-01,-1.994059048593044281e-02,-7.682599127292633057e-02,2.679105401039123535e-01,8.341609686613082886e-02,-2.780545353889465332e-01,3.948124349117279053e-01,1.872029453516006470e-01,-5.857952311635017395e-02
-2.860629558563232422e-01,-9.345707893371582031e-01,5.629861354827880859e-01,-1.272846572101116180e-02,1.625841110944747925e-02,8.516187071800231934e-01,5.237548947334289551e-01,-5.751040577888488770e-01,-1.032066568732261658e-01,-4.366962015628814697e-01,4.383353590965270996e-01,-5.698157846927642822e-02,-1.452832370996475220e-01,2.025512456893920898e-01,8.488548547029495239e-02,-1.542178988456726074e-01,5.214217901229858398e-01,3.142336606979370117e-01,8.120263926684856415e-03
-2.835857570171356201e-01,-8.950973749160766602e-01,5.734321475028991699e-01,-2.235113410279154778e-03,2.817989699542522430e-02,8.304550051689147949e-01,5.563679933547973633e-01,-5.166763663291931152e-01,-5.808632448315620422e-02,-3.716071248054504395e-01,4.246895313262939453e-01,-8.902905136346817017e-02,-1.796385347843170166e-01,1.142428144812583923e-01,2.854791469871997833e-02,-5.589243397116661072e-02,6.436234116554260254e-01,2.364273965358734131e-01,6.246496737003326416e-02
-2.817529141902923584e-01,-8.556445837020874023e-01,5.825203657150268555e-01,6.595572456717491150e-03,3.441782295703887939e-02,8.058886528015136719e-01,5.910291075706481934e-01,-4.380476772785186768e-01,-7.041681092232465744e-03,-2.989495396614074707e-01,3.836134374141693115e-01,-1.076024025678634644e-01,-1.962602436542510986e-01,2.617212571203708649e-02,-3.364841639995574951e-02,1.884298585355281830e-02,6.956455707550048828e-01,1.808892786502838135e-01,9.050329774618148804e-02
-2.802138030529022217e-01,-8.161104321479797363e-01,5.895366668701171875e-01,1.577693037688732147e-02,3.284504264593124390e-02,7.773956060409545898e-01,6.279557347297668457e-01,-3.442565202713012695e-01,4.643736407160758972e-02,-2.142855077981948853e-01,3.382466733455657959e-01,-1.239167302846908569e-01,-1.933867931365966797e-01,-4.976840689778327942e-02,-7.643313705921173096e-02,1.022601127624511719e-01,6.867262125015258789e-01,1.213704869151115417e-01,1.029901355504989624e-01
-2.787341177463531494e-01,-7.763522267341613770e-01,5.946080088615417480e-01,2.385082282125949860e-02,2.582949399948120117e-02,7.463731169700622559e-01,6.645984649658203125e-01,-2.333690524101257324e-01,9.153377264738082886e-02,-1.329041570425033569e-01,2.820412218570709229e-01,-1.331497132778167725e-01,-1.827736645936965942e-01,-1.165998280048370361e-01,-9.285394102334976196e-02,1.863074451684951782e-01,6.308302283287048340e-01,4.174001142382621765e-02,1.122716739773750305e-01
-2.781923413276672363e-01,-7.380149364471435547e-01,5.960596203804016113e-01,2.600481733679771423e-02,1.801159791648387909e-02,7.142936587333679199e-01,6.991308331489562988e-01,-1.347391903400421143e-01,1.249254196882247925e-01,-5.889580771327018738e-02,2.374032139778137207e-01,-1.433519124984741211e-01,-1.630987077951431274e-01,-1.905264854431152344e-01,-8.053021878004074097e-02,2.722833454608917236e-01,5.519925951957702637e-01,-3.783002868294715881e-02,1.159324795007705688e-01
-2.780210375785827637e-01,-6.998527050018310547e-01,5.953705906867980957e-01,2.756356634199619293e-02,7.821527309715747833e-03,6.826366782188415527e-01,7.301959991455078125e-01,-2.701693400740623474e-02,1.450181901454925537e-01,1.159810367971658707e-02,1.862045973539352417e-01,-1.519867330789566040e-01,-1.316938549280166626e-01,-2.570776045322418213e-01,-6.048312783241271973e-02,3.275038599967956543e-01,4.505685865879058838e-01,-1.044183596968650818e-01,1.111164838075637817e-01
-2.775965332984924316e-01,-6.625846624374389648e-01,5.927186012268066406e-01,2.496861293911933899e-02,6.988961249589920044e-04,6.504479646682739258e-01,7.591400146484375000e-01,6.387200206518173218e-02,1.506978869438171387e-01,8.029274642467498779e-02,1.485072970390319824e-01,-1.731836050748825073e-01,-1.108076348900794983e-01,-3.340271711349487305e-01,-2.784814685583114624e-02,3.574850261211395264e-01,3.549427390098571777e-01,-1.571443974971771240e-01,8.916482329368591309e-02
-2.778616547584533691e-01,-6.256812810897827148e-01,5.878009796142578125e-01,2.248064242303371429e-02,-3.029766259714961052e-03,6.188275218009948730e-01,7.851992845535278320e-01,1.416774094104766846e-01,1.371980160474777222e-01,1.472949534654617310e-01,1.241637766361236572e-01,-1.961215138435363770e-01,-8.853364735841751099e-02,-4.158462285995483398e-01,6.905583199113607407e-03,3.551937341690063477e-01,2.693372666835784912e-01,-1.596758067607879639e-01,8.500137180089950562e-02
-2.773892581462860107e-01,-5.884423255920410156e-01,5.822721123695373535e-01,2.278929576277732849e-02,-4.258975852280855179e-03,5.905802845954895020e-01,8.066457509994506836e-01,2.065776288509368896e-01,1.096111088991165161e-01,2.220042347908020020e-01,1.181484609842300415e-01,-2.152209430932998657e-01,-6.832294911146163940e-02,-4.887211322784423828e-01,3.979153558611869812e-02,3.356017470359802246e-01,2.051256299018859863e-01,-1.553183645009994507e-01,7.643979787826538086e-02
-2.776015400886535645e-01,-5.515605807304382324e-01,5.761754512786865234e-01,2.484874613583087921e-02,5.379039212130010128e-04,5.646357536315917969e-01,8.249658942222595215e-01,2.501221299171447754e-01,6.706748157739639282e-02,2.921277284622192383e-01,1.310216039419174194e-01,-2.257967740297317505e-01,-3.903178125619888306e-02,-5.490826964378356934e-01,6.462468206882476807e-02,3.129596114158630371e-01,1.726573854684829712e-01,-1.693915277719497681e-01,7.246100902557373047e-02
-2.786359190940856934e-01,-5.131524801254272461e-01,5.695392489433288574e-01,2.514750882983207703e-02,5.326422397047281265e-03,5.447396636009216309e-01,8.382111787796020508e-01,2.833141088485717773e-01,2.750878408551216125e-02,3.577421307563781738e-01,1.584216952323913574e-01,-1.944870203733444214e-01,-7.636866532266139984e-03,-5.853249430656433105e-01,8.579319715499877930e-02,3.264334797859191895e-01,2.036201208829879761e-01,-1.767207980155944824e-01,7.995677739381790161e-02
-2.797346711158752441e-01,-4.711503982543945312e-01,5.623437166213989258e-01,2.033325284719467163e-02,1.426363084465265274e-02,5.337954759597778320e-01,8.452488183975219727e-01,3.018322885036468506e-01,-4.552565515041351318e-03,4.001804590225219727e-01,1.973816603422164917e-01,-1.215454488992691040e-01,2.948625572025775909e-02,-6.057096719741821289e-01,9.233445674180984497e-02,3.665340244770050049e-01,2.852800190448760986e-01,-1.629486680030822754e-01,8.415002375841140747e-02
-2.814341485500335693e-01,-4.270231127738952637e-01,5.558659434318542480e-01,1.905411295592784882e-02,3.453897312283515930e-02,5.278420448303222656e-01,8.484260439872741699e-01,2.846111357212066650e-01,-4.785547778010368347e-02,3.926174044609069824e-01,2.715547978878021240e-01,4.068404808640480042e-02,6.578274071216583252e-02,-6.142179965972900391e-01,6.356929987668991089e-02,4.052890539169311523e-01,3.676169812679290771e-01,-1.233320087194442749e-01,1.105821505188941956e-01
-2.824788391590118408e-01,-3.820799291133880615e-01,5.499361157417297363e-01,2.471679449081420898e-02,6.260263919830322266e-02,5.297052264213562012e-01,8.455071449279785156e-01,2.319159507751464844e-01,-9.076695889234542847e-02,3.388502895832061768e-01,4.003239870071411133e-01,3.265862166881561279e-01,1.252381354570388794e-01,-6.317929625511169434e-01,2.306939335539937019e-03,4.237788617610931396e-01,4.479131102561950684e-01,-1.089639216661453247e-01,1.331973969936370850e-01
-2.829756736755371094e-01,-3.357566297054290771e-01,5.486470460891723633e-01,1.957489922642707825e-02,6.162032485008239746e-02,5.537868142127990723e-01,8.301445245742797852e-01,1.639366000890731812e-01,-9.579466283321380615e-02,1.777802705764770508e-01,5.642482042312622070e-01,5.129259824752807617e-01,5.409402027726173401e-02,-6.120965480804443359e-01,-4.623085260391235352e-02,3.830772638320922852e-01,5.116470456123352051e-01,-1.246183514595031738e-01,1.928657740354537964e-01
-2.856078445911407471e-01,-2.881952524185180664e-01,5.528417825698852539e-01,7.323514670133590698e-03,4.514508694410324097e-02,5.976607799530029297e-01,8.004435300827026367e-01,1.084960717707872391e-02,-6.368515640497207642e-02,-1.838421449065208435e-02,7.691614031791687012e-01,3.911637961864471436e-01,-6.218709424138069153e-02,-5.731878280639648438e-01,-9.404373168945312500e-02,2.878465056419372559e-01,5.735574960708618164e-01,-1.852206587791442871e-01,2.476440668106079102e-01
-2.876088023185729980e-01,-2.436094433069229126e-01,5.577073097229003906e-01,4.046014975756406784e-03,2.514491975307464600e-02,6.444495916366577148e-01,7.642225623130798340e-01,-1.884576231241226196e-01,-6.113454326987266541e-02,-1.889797598123550415e-01,9.668762087821960449e-01,2.372919172048568726e-01,-1.454229801893234253e-01,-4.999431967735290527e-01,-1.461308002471923828e-01,1.759753525257110596e-01,6.089363098144531250e-01,-2.451938539743423462e-01,2.688511312007904053e-01
-2.885821759700775146e-01,-2.037800252437591553e-01,5.639832615852355957e-01,-5.047592334449291229e-03,5.896633956581354141e-03,6.873753666877746582e-01,7.262608408927917480e-01,-4.347570240497589111e-01,-6.329126656055450439e-02,-3.151410222053527832e-01,1.123986244201660156e+00,1.399002522230148315e-01,-1.757580786943435669e-01,-4.228332638740539551e-01,-1.641139835119247437e-01,6.575869023799896240e-02,6.246694326400756836e-01,-2.974791526794433594e-01,2.529422342777252197e-01
-2.889531552791595459e-01,-1.629213690757751465e-01,5.765735507011413574e-01,-1.544483099132776260e-02,-1.870909333229064941e-02,7.215788960456848145e-01,6.919070482254028320e-01,-6.502552032470703125e-01,-1.209392473101615906e-01,-4.240865707397460938e-01,1.227817296981811523e+00,9.462658315896987915e-02,-2.021569907665252686e-01,-3.032757639884948730e-01,-1.438582390546798706e-01,-3.511939942836761475e-02,5.788541436195373535e-01,-3.203670382499694824e-01,2.053520381450653076e-01
-2.905375659465789795e-01,-1.145652458071708679e-01,6.002464294433593750e-01,-2.550468593835830688e-02,-5.520009249448776245e-02,7.514156699180603027e-01,6.570212841033935547e-01,-7.881586551666259766e-01,-1.625666767358779907e-01,-4.904300868511199951e-01,1.258926868438720703e+00,1.036617457866668701e-01,-1.986793130636215210e-01,-1.136364713311195374e-01,-7.599222660064697266e-02,-1.574321985244750977e-01,4.362772405147552490e-01,-2.514466941356658936e-01,1.456355899572372437e-01
-2.895283401012420654e-01,-6.467968225479125977e-02,6.275022029876708984e-01,-5.150033161044120789e-02,-9.139619022607803345e-02,7.721896767616271973e-01,6.266717910766601562e-01,-8.793164491653442383e-01,-1.673217862844467163e-01,-5.806118249893188477e-01,1.217227339744567871e+00,1.350740194320678711e-01,-1.660933196544647217e-01,1.370906271040439606e-02,4.949733614921569824e-02,-2.126682549715042114e-01,3.236483335494995117e-01,-5.231565237045288086e-02,3.648864477872848511e-02
-2.859306931495666504e-01,-1.888154633343219757e-02,6.552643179893493652e-01,-6.140951067209243774e-02,-1.212842091917991638e-01,7.952273488044738770e-01,5.908743739128112793e-01,-8.502589464187622070e-01,-1.753814518451690674e-01,-6.986467838287353516e-01,1.106039404869079590e+00,1.693306863307952881e-01,-8.210383355617523193e-02,8.034807443618774414e-02,1.557498276233673096e-01,-1.955997943878173828e-01,2.945379912853240967e-01,2.360368818044662476e-01,-8.551296591758728027e-02
-2.819838225841522217e-01,2.386722527444362640e-02,6.875151395797729492e-01,-2.609717473387718201e-02,-9.227206557989120483e-02,8.149931430816650391e-01,5.714813470840454102e-01,-8.077238798141479492e-01,-2.235658764839172363e-01,-6.665576696395874023e-01,9.460154175758361816e-01,2.430068999528884888e-01,-2.046004682779312134e-02,5.550801753997802734e-02,1.046193465590476990e-01,-1.019418612122535706e-01,4.402941465377807617e-01,2.652341127395629883e-01,1.996466657146811485e-03
-2.776608765125274658e-01,7.015216350555419922e-02,7.142922878265380859e-01,3.067418187856674194e-02,-4.528039693832397461e-02,8.172569870948791504e-01,5.736721754074096680e-01,-7.489358782768249512e-01,-2.407329380512237549e-01,-5.194675922393798828e-01,7.595617771148681641e-01,3.045520186424255371e-01,3.357419371604919434e-02,-5.575547460466623306e-03,-3.258080407977104187e-02,-2.423881739377975464e-02,7.005631923675537109e-01,1.981661617755889893e-01,9.121321886777877808e-02
-2.724643647670745850e-01,1.193464547395706177e-01,7.321099638938903809e-01,8.969748765230178833e-02,-3.864091355353593826e-03,8.055757284164428711e-01,5.856510400772094727e-01,-6.493984460830688477e-01,-2.563705742359161377e-01,-3.573387265205383301e-01,5.722664594650268555e-01,3.248915672302246094e-01,7.082544267177581787e-02,-9.197254478931427002e-02,-1.866355538368225098e-01,4.432096704840660095e-02,9.735731482505798340e-01,1.348037570714950562e-01,1.206109523773193359e-01
-2.667539417743682861e-01,1.700042635202407837e-01,7.389492392539978027e-01,1.293007433414459229e-01,1.643487066030502319e-02,7.870351672172546387e-01,6.029816269874572754e-01,-5.243102312088012695e-01,-2.473904043436050415e-01,-2.551322877407073975e-01,3.898621499538421631e-01,3.346637487411499023e-01,7.990945875644683838e-02,-1.966834366321563721e-01,-2.599999904632568359e-01,1.402309834957122803e-01,1.208028435707092285e+00,8.665715157985687256e-02,1.163131296634674072e-01
-2.622247636318206787e-01,2.227096706628799438e-01,7.333970069885253906e-01,1.529463529586791992e-01,2.042985521256923676e-02,7.652424573898315430e-01,6.249752044677734375e-01,-4.085398316383361816e-01,-2.023579478263854980e-01,-1.473662108182907104e-01,2.583517730236053467e-01,4.105404317378997803e-01,1.177930682897567749e-01,-3.004500269889831543e-01,-2.599999904632568359e-01,2.330418527126312256e-01,1.379574894905090332e+00,-3.044262528419494629e-03,1.249159649014472961e-01
-2.582176327705383301e-01,2.747287452220916748e-01,7.204905748367309570e-01,1.719311326742172241e-01,3.426232561469078064e-02,7.420696616172790527e-01,6.469918489456176758e-01,-3.306509554386138916e-01,-1.909480243921279907e-01,-6.910452246665954590e-02,1.851814240217208862e-01,4.733829498291015625e-01,1.659621596336364746e-01,-3.889006972312927246e-01,-2.599999904632568359e-01,3.104037046432495117e-01,1.407683014869689941e+00,-5.937334895133972168e-02,1.278964132070541382e-01
-2.549447119235992432e-01,3.239435553550720215e-01,7.033954858779907227e-01,1.883582770824432373e-01,5.143723636865615845e-02,7.122179269790649414e-01,6.742558479309082031e-01,-2.641139924526214600e-01,-2.198369652032852173e-01,-9.819585829973220825e-02,1.491694450378417969e-01,4.913761317729949951e-01,1.704067587852478027e-01,-4.377106726169586182e-01,-2.599999904632568359e-01,3.778914213180541992e-01,1.295806884765625000e+00,-8.155931532382965088e-02,1.268415153026580811e-01
-2.525974512100219727e-01,3.729347884654998779e-01,6.788018345832824707e-01,1.987284123897552490e-01,6.420121341943740845e-02,6.842846870422363281e-01,6.986699104309082031e-01,-1.958402246236801147e-01,-2.414768487215042114e-01,-1.254260838031768799e-01,1.419620513916015625e-01,5.072726011276245117e-01,1.721721440553665161e-01,-4.613303840160369873e-01,-2.599999904632568359e-01,4.252599179744720459e-01,1.119584202766418457e+00,-1.060185581445693970e-01,1.173627302050590515e-01
-2.521282732486724854e-01,4.211525022983551025e-01,6.479419469833374023e-01,1.996921747922897339e-01,6.614232063293457031e-02,6.626528501510620117e-01,7.187763452529907227e-01,-1.208391785621643066e-01,-2.134722471237182617e-01,-8.547180145978927612e-02,1.487006843090057373e-01,4.775180220603942871e-01,1.938739866018295288e-01,-4.628219902515411377e-01,-2.599919140338897705e-01,4.455836117267608643e-01,9.010121226310729980e-01,-1.188243180513381958e-01,8.801768720149993896e-02
-2.512823641300201416e-01,4.671845138072967529e-01,6.212457418441772461e-01,1.695074737071990967e-01,2.545481733977794647e-02,6.318309903144836426e-01,7.559158802032470703e-01,-6.537695974111557007e-02,-8.256861567497253418e-02,-1.366984285414218903e-02,2.548759579658508301e-01,1.344881951808929443e-01,1.054816767573356628e-01,-4.275365173816680908e-01,-1.502838134765625000e-01,4.459353685379028320e-01,7.079420685768127441e-01,-1.670564115047454834e-01,5.383415892720222473e-02
-2.494201064109802246e-01,5.099565982818603516e-01,5.965217351913452148e-01,1.297424584627151489e-01,-1.980986446142196655e-02,6.070891022682189941e-01,7.837201356887817383e-01,-2.769549004733562469e-02,5.272038653492927551e-02,3.306797146797180176e-02,3.783194124698638916e-01,-1.345197707414627075e-01,-1.197172794491052628e-02,-4.208625257015228271e-01,-2.540984563529491425e-02,4.180878102779388428e-01,5.366016030311584473e-01,-2.233346551656723022e-01,2.098117768764495850e-02
-2.480795681476593018e-01,5.533005595207214355e-01,5.796508789062500000e-01,9.083650261163711548e-02,-4.318097233772277832e-02,5.855736136436462402e-01,8.043554425239562988e-01,2.032159268856048584e-02,1.365028470754623413e-01,4.423873499035835266e-02,4.375406801700592041e-01,-3.355946242809295654e-01,-1.013507619500160217e-01,-4.402352571487426758e-01,5.803523585200309753e-02,3.867688775062561035e-01,3.680423796176910400e-01,-2.564176917076110840e-01,-1.885913126170635223e-02
-2.438972890377044678e-01,5.989664793014526367e-01,5.689569115638732910e-01,7.432029396295547485e-02,-5.926847457885742188e-02,5.824964642524719238e-01,8.072556257247924805e-01,1.087412238121032715e-01,1.740065366029739380e-01,7.186718285083770752e-02,4.582303166389465332e-01,-4.036372303962707520e-01,-1.227001398801803589e-01,-4.285040199756622314e-01,8.103162795305252075e-02,3.685835003852844238e-01,2.324064075946807861e-01,-2.542197406291961670e-01,-4.533897340297698975e-02
-2.388772517442703247e-01,6.470260620117187500e-01,5.616226792335510254e-01,6.138844043016433716e-02,-5.485241860151290894e-02,5.905039310455322266e-01,8.028248548507690430e-01,1.919261217117309570e-01,1.774754375219345093e-01,8.125139027833938599e-02,4.334486126899719238e-01,-3.942989706993103027e-01,-7.940904796123504639e-02,-4.427021443843841553e-01,5.782243981957435608e-02,3.511944413185119629e-01,1.726830154657363892e-01,-2.167590856552124023e-01,-4.913178086280822754e-02
-2.331231236457824707e-01,6.966913938522338867e-01,5.543857216835021973e-01,5.219344049692153931e-02,-4.812492430210113525e-02,5.754004120826721191e-01,8.147847652435302734e-01,2.514139413833618164e-01,1.652344912290573120e-01,1.360531449317932129e-01,4.331991672515869141e-01,-2.931671142578125000e-01,-2.019559592008590698e-02,-4.433899521827697754e-01,3.099126741290092468e-02,2.572566568851470947e-01,1.867649257183074951e-01,-1.206744909286499023e-01,-5.715603753924369812e-02
-2.287620455026626587e-01,7.432422637939453125e-01,5.482420921325683594e-01,4.559423029422760010e-02,-3.346570581197738647e-02,5.627901554107666016e-01,8.246626257896423340e-01,2.635953724384307861e-01,1.375123709440231323e-01,1.736408621072769165e-01,4.679562151432037354e-01,-9.888113290071487427e-02,2.314127795398235321e-02,-4.569253623485565186e-01,1.351244188845157623e-02,2.068875581026077271e-01,2.632048726081848145e-01,1.701879128813743591e-02,-8.534044958651065826e-03
-2.247044891119003296e-01,7.868230342864990234e-01,5.496219396591186523e-01,5.378780514001846313e-02,-1.701156049966812134e-02,5.659896135330200195e-01,8.224799036979675293e-01,2.535959184169769287e-01,9.237571060657501221e-02,1.727471351623535156e-01,5.329602360725402832e-01,1.183095276355743408e-01,3.883503377437591553e-02,-4.349558651447296143e-01,-3.849188983440399170e-02,2.328070104122161865e-01,3.298832774162292480e-01,3.225003555417060852e-02,7.078094035387039185e-02
-2.201742231845855713e-01,8.263635635375976562e-01,5.581532120704650879e-01,4.504281654953956604e-02,-1.631276682019233704e-02,5.807061791419982910e-01,8.127025365829467773e-01,1.953741312026977539e-01,5.928654223680496216e-02,5.665126442909240723e-02,6.288957595825195312e-01,1.804135441780090332e-01,-1.557658240199089050e-02,-3.943573236465454102e-01,-5.958369374275207520e-02,1.964785903692245483e-01,3.558599650859832764e-01,-1.884196139872074127e-02,1.272712349891662598e-01
-2.160255163908004761e-01,8.657600879669189453e-01,5.697879195213317871e-01,3.237460926175117493e-02,-1.984209939837455750e-02,5.976984500885009766e-01,8.008213043212890625e-01,9.709287434816360474e-02,3.336878120899200439e-02,-7.278798520565032959e-02,7.223606109619140625e-01,1.330207437276840210e-01,-8.096572756767272949e-02,-3.377111554145812988e-01,-6.263293325901031494e-02,1.752905696630477905e-01,3.597653508186340332e-01,-6.700599938631057739e-02,1.465443372726440430e-01
-2.096246033906936646e-01,9.036895036697387695e-01,5.802960991859436035e-01,2.964448370039463043e-02,-2.683867886662483215e-02,6.182183027267456055e-01,7.849885225296020508e-01,2.378573827445507050e-02,4.552990943193435669e-02,-1.513650119304656982e-01,7.339455485343933105e-01,1.083577945828437805e-01,-9.505091607570648193e-02,-2.490516602993011475e-01,-7.448562979698181152e-02,1.346222013235092163e-01,3.296979367733001709e-01,-8.781880885362625122e-02,1.280912011861801147e-01
-2.032907158136367798e-01,9.399119615554809570e-01,5.887624621391296387e-01,2.745202183723449707e-02,-2.803135849535465240e-02,6.436491608619689941e-01,7.643143534660339355e-01,-6.190345063805580139e-02,7.055196166038513184e-02,-2.068112790584564209e-01,6.956476569175720215e-01,6.819555908441543579e-02,-6.941829621791839600e-02,-1.705259233713150024e-01,-8.865094929933547974e-02,7.876877486705780029e-02,2.863204181194305420e-01,-8.477590233087539673e-02,1.035920158028602600e-01
-1.970608383417129517e-01,9.752650856971740723e-01,5.953542590141296387e-01,2.880135551095008850e-02,-2.121237479150295258e-02,6.687349081039428711e-01,7.426399588584899902e-01,-1.605454385280609131e-01,4.384335875511169434e-02,-2.831134200096130371e-01,6.463723182678222656e-01,2.895543165504932404e-02,-1.082999333739280701e-01,-1.038735657930374146e-01,-1.065998524427413940e-01,2.762475423514842987e-02,2.446511238813400269e-01,-7.587620615959167480e-02,1.380373984575271606e-01
-1.893203258514404297e-01,1.010958075523376465e+00,5.977280139923095703e-01,3.306762501597404480e-02,-2.025995403528213501e-02,6.927962899208068848e-01,7.200898528099060059e-01,-2.296283096075057983e-01,1.066476572304964066e-02,-3.698353767395019531e-01,5.653766989707946777e-01,-2.407401241362094879e-02,-9.529469162225723267e-02,-1.970493048429489136e-02,-1.114398613572120667e-01,-1.838570833206176758e-02,2.039308547973632812e-01,-7.098609954118728638e-02,1.074426099658012390e-01
-1.819216012954711914e-01,1.046418070793151855e+00,5.972326397895812988e-01,3.900942578911781311e-02,-1.586817391216754913e-02,7.188929915428161621e-01,6.938439011573791504e-01,-2.936551868915557861e-01,-2.991756424307823181e-02,-4.322811663150787354e-01,4.618286788463592529e-01,-7.814358174800872803e-02,-5.026899278163909912e-02,5.190394818782806396e-02,-1.130250021815299988e-01,-7.504630088806152344e-02,1.744303703308105469e-01,-8.543287217617034912e-02,8.966216444969177246e-02
-1.741820424795150757e-01,1.080800056457519531e+00,5.938822031021118164e-01,4.231166094541549683e-02,-1.272817235440015793e-02,7.390197515487670898e-01,6.722332239151000977e-01,-3.657615184783935547e-01,-7.538406550884246826e-02,-4.682455658912658691e-01,3.613637983798980713e-01,-1.228215843439102173e-01,-2.076528593897819519e-02,1.168510690331459045e-01,-1.023701205849647522e-01,-1.336110979318618774e-01,1.559468656778335571e-01,-1.002016291022300720e-01,7.393382489681243896e-02
-1.654720157384872437e-01,1.115770339965820312e+00,5.894537568092346191e-01,4.146191850304603577e-02,-1.192870084196329117e-02,7.515996098518371582e-01,6.582071185111999512e-01,-4.326527118682861328e-01,-1.151718422770500183e-01,-4.988628923892974854e-01,2.616598308086395264e-01,-1.875346899032592773e-01,-9.743856266140937805e-03,1.770832687616348267e-01,-7.191003859043121338e-02,-1.728628277778625488e-01,1.479847282171249390e-01,-1.370217502117156982e-01,5.616358295083045959e-02
-1.560684293508529663e-01,1.150501251220703125e+00,5.842995643615722656e-01,3.371119499206542969e-02,-1.266486477106809616e-02,7.618033885955810547e-01,6.468065977096557617e-01,-5.000879764556884766e-01,-1.339895427227020264e-01,-4.976812899112701416e-01,1.833758056163787842e-01,-2.479809522628784180e-01,-3.020287025719881058e-03,2.220246940851211548e-01,-2.817042171955108643e-02,-2.153975516557693481e-01,1.487690061330795288e-01,-1.578811705112457275e-01,3.244451805949211121e-02
-1.454560458660125732e-01,1.186683654785156250e+00,5.760930776596069336e-01,3.138868510723114014e-02,-6.074458360671997070e-03,7.688265442848205566e-01,6.386576294898986816e-01,-5.564532279968261719e-01,-1.602100729942321777e-01,-4.874207973480224609e-01,1.763032972812652588e-01,-2.614983916282653809e-01,5.412672180682420731e-04,2.604747712612152100e-01,-1.659980975091457367e-03,-2.571316957473754883e-01,1.608415544033050537e-01,-1.669524610042572021e-01,1.340687647461891174e-02
-1.339545398950576782e-01,1.225154876708984375e+00,5.662246942520141602e-01,3.351680189371109009e-02,-4.313231620471924543e-04,7.761254906654357910e-01,6.296870112419128418e-01,-5.793056488037109375e-01,-1.804996430873870850e-01,-4.640455842018127441e-01,2.382533997297286987e-01,-2.518994212150573730e-01,-1.755614206194877625e-02,2.980542182922363281e-01,2.259124070405960083e-02,-3.134302496910095215e-01,1.898500025272369385e-01,-1.408804804086685181e-01,-9.245303459465503693e-03
-1.215299218893051147e-01,1.266436457633972168e+00,5.540587902069091797e-01,4.006132110953330994e-02,1.342571154236793518e-02,7.789635658264160156e-01,6.256442070007324219e-01,-5.866371989250183105e-01,-2.170184254646301270e-01,-4.921834468841552734e-01,3.200771510601043701e-01,-1.021999865770339966e-01,-4.007637500762939453e-02,3.203578591346740723e-01,1.945317909121513367e-02,-3.535089790821075439e-01,2.436767816543579102e-01,-6.216163188219070435e-02,-2.695103175938129425e-02
-1.072142198681831360e-01,1.306442499160766602e+00,5.473572611808776855e-01,2.376537397503852844e-02,1.370495744049549103e-02,7.767401933670043945e-01,6.292234063148498535e-01,-6.014567017555236816e-01,-1.780371367931365967e-01,-4.787759482860565186e-01,4.009266793727874756e-01,-1.785094663500785828e-02,-7.165200263261795044e-02,2.975946962833404541e-01,5.522095784544944763e-02,-3.326107561588287354e-01,3.399123847484588623e-01,1.136075556278228760e-01,-5.333316326141357422e-02
-9.329082816839218140e-02,1.343210577964782715e+00,5.469198822975158691e-01,1.299544051289558411e-02,9.794319048523902893e-03,7.606061100959777832e-01,6.490097045898437500e-01,-5.768895149230957031e-01,-1.013913080096244812e-01,-4.692401587963104248e-01,4.288076162338256836e-01,-4.422763735055923462e-02,-1.224690750241279602e-01,2.668811082839965820e-01,7.320517301559448242e-02,-2.470046132802963257e-01,4.528428018093109131e-01,3.028728365898132324e-01,-4.645151272416114807e-02
-7.717193663120269775e-02,1.377509593963623047e+00,5.539470911026000977e-01,1.894260570406913757e-02,2.010887488722801208e-02,7.383674979209899902e-01,6.738324761390686035e-01,-5.418240427970886230e-01,-5.326771363615989685e-02,-4.149189591407775879e-01,4.383885264396667480e-01,-8.633311837911605835e-02,-1.689958423376083374e-01,1.793828457593917847e-01,5.564463138580322266e-02,-1.181141510605812073e-01,6.023710966110229492e-01,3.613815009593963623e-01,9.894779883325099945e-03
-6.205115839838981628e-02,1.411433458328247070e+00,5.654775500297546387e-01,3.549397364258766174e-02,2.989986352622509003e-02,7.078061699867248535e-01,7.048805356025695801e-01,-4.702166318893432617e-01,-1.156665664166212082e-02,-3.311003744602203369e-01,4.047012329101562500e-01,-9.582003206014633179e-02,-1.913400441408157349e-01,6.623092293739318848e-02,-2.448908239603042603e-02,-4.675378277897834778e-02,7.304185628890991211e-01,2.831075191497802734e-01,5.723191425204277039e-02
-4.736023768782615662e-02,1.445488691329956055e+00,5.758984088897705078e-01,4.935567080974578857e-02,3.769502043724060059e-02,6.732685565948486328e-01,7.367852926254272461e-01,-3.867643475532531738e-01,2.554153278470039368e-02,-2.480272948741912842e-01,3.536080420017242432e-01,-1.029153317213058472e-01,-1.913364529609680176e-01,-5.367656797170639038e-02,-8.751258254051208496e-02,4.566996172070503235e-02,7.914138436317443848e-01,2.179731279611587524e-01,8.511300384998321533e-02
-3.218781948089599609e-02,1.478880524635314941e+00,5.845612287521362305e-01,6.309024244546890259e-02,3.838000446557998657e-02,6.334475874900817871e-01,7.702536582946777344e-01,-2.877230942249298096e-01,5.738049000501632690e-02,-1.706712394952774048e-01,2.948128879070281982e-01,-9.554634988307952881e-02,-1.854631006717681885e-01,-1.612442731857299805e-01,-1.137519776821136475e-01,1.612028926610946655e-01,7.956421971321105957e-01,1.418419480323791504e-01,1.164411827921867371e-01
-1.800936087965965271e-02,1.511700391769409180e+00,5.906283259391784668e-01,7.264419645071029663e-02,3.584193065762519836e-02,5.873708128929138184e-01,8.052538037300109863e-01,-1.945897042751312256e-01,8.278829604387283325e-02,-8.163542300462722778e-02,2.468079328536987305e-01,-8.308637887239456177e-02,-1.554627567529678345e-01,-2.640230655670166016e-01,-1.251530796289443970e-01,2.540070414543151855e-01,7.419616580009460449e-01,5.697716772556304932e-02,1.244172081351280212e-01
-5.888927262276411057e-03,1.543842434883117676e+00,5.937128663063049316e-01,7.624611258506774902e-02,3.272659704089164734e-02,5.403155088424682617e-01,8.373616933822631836e-01,-1.182333678007125854e-01,9.895136207342147827e-02,1.931990124285221100e-02,2.162249386310577393e-01,-6.449822336435317993e-02,-1.152883023023605347e-01,-3.630318343639373779e-01,-1.167100369930267334e-01,3.213853240013122559e-01,6.412380933761596680e-01,-5.549951922148466110e-03,1.355159729719161987e-01
6.798977963626384735e-03,1.575905919075012207e+00,5.939049720764160156e-01,7.340036332607269287e-02,2.396620623767375946e-02,4.897311627864837646e-01,8.684477210044860840e-01,-3.965490683913230896e-02,1.154282167553901672e-01,1.135053634643554688e-01,1.921734809875488281e-01,-6.377808004617691040e-02,-8.719050139188766479e-02,-4.431938230991363525e-01,-7.978458702564239502e-02,3.586689233779907227e-01,5.087057948112487793e-01,-4.392142593860626221e-02,1.123137027025222778e-01
1.955037936568260193e-02,1.608323693275451660e+00,5.926225781440734863e-01,7.153398543596267700e-02,1.561256125569343567e-02,4.413146972656250000e-01,8.943603634834289551e-01,4.140815138816833496e-02,1.119193658232688904e-01,1.965226531028747559e-01,1.681105941534042358e-01,-7.319876551628112793e-02,-5.537807568907737732e-02,-5.064589977264404297e-01,-3.821739926934242249e-02,3.623324334621429443e-01,3.622562587261199951e-01,-7.802265137434005737e-02,7.816758006811141968e-02
3.266983479261398315e-02,1.640817642211914062e+00,5.905218720436096191e-01,7.199951261281967163e-02,1.010964252054691315e-02,4.018480181694030762e-01,9.128154516220092773e-01,1.182241961359977722e-01,8.842682838439941406e-02,2.724940776824951172e-01,1.497515141963958740e-01,-8.791828900575637817e-02,-2.816279232501983643e-02,-5.619489550590515137e-01,1.171827875077724457e-02,3.662099242210388184e-01,2.475267201662063599e-01,-1.121210902929306030e-01,7.398783415555953979e-02
4.631062597036361694e-02,1.673272013664245605e+00,5.859404802322387695e-01,7.211153954267501831e-02,8.035539649426937103e-03,3.756684064865112305e-01,9.239094257354736328e-01,1.843423396348953247e-01,5.894165858626365662e-02,3.300932049751281738e-01,1.417124718427658081e-01,-1.113818660378456116e-01,-5.990081001073122025e-03,-6.059061884880065918e-01,4.899796098470687866e-02,3.781276941299438477e-01,1.839282959699630737e-01,-1.390159130096435547e-01,6.633844226598739624e-02
6.067680194973945618e-02,1.706961274147033691e+00,5.793623924255371094e-01,6.927003711462020874e-02,1.047400664538145065e-02,3.550364077091217041e-01,9.322237372398376465e-01,2.248526215553283691e-01,3.285796567797660828e-02,3.780096173286437988e-01,1.643601208925247192e-01,-1.252905279397964478e-01,8.553975261747837067e-03,-6.294268369674682617e-01,7.306572049856185913e-02,4.053668081760406494e-01,1.813523322343826294e-01,-1.711176931858062744e-01,7.112706452608108521e-02
7.581306248903274536e-02,1.740384459495544434e+00,5.709317326545715332e-01,6.100911274552345276e-02,1.054218877106904984e-02,3.331336975097656250e-01,9.408446550369262695e-01,2.539145946502685547e-01,2.116467431187629700e-02,4.248655140399932861e-01,2.035505026578903198e-01,-9.679003059864044189e-02,2.963550761342048645e-02,-6.224666833877563477e-01,9.619223326444625854e-02,4.230217337608337402e-01,2.278231680393218994e-01,-1.496532559394836426e-01,6.987117975950241089e-02
9.207126498222351074e-02,1.778991937637329102e+00,5.631779432296752930e-01,4.991664364933967590e-02,1.820165105164051056e-02,3.199350833892822266e-01,9.459484815597534180e-01,2.709537148475646973e-01,6.056492682546377182e-03,4.626173675060272217e-01,2.360796928405761719e-01,-1.922202110290527344e-02,4.625670611858367920e-02,-6.141257882118225098e-01,9.007982164621353149e-02,4.016833305358886719e-01,2.686380743980407715e-01,-7.214476168155670166e-02,8.631817251443862915e-02
1.079319566488265991e-01,1.815771222114562988e+00,5.572732686996459961e-01,5.553229153156280518e-02,4.393793269991874695e-02,3.250062763690948486e-01,9.430570006370544434e-01,2.480698525905609131e-01,-3.116891719400882721e-02,4.320688545703887939e-01,3.057913184165954590e-01,1.426131278276443481e-01,1.042066216468811035e-01,-6.282758712768554688e-01,4.513189569115638733e-02,4.338189661502838135e-01,3.191615939140319824e-01,-4.718461632728576660e-02,1.319464296102523804e-01
1.247749030590057373e-01,1.851860284805297852e+00,5.556377172470092773e-01,7.019170373678207397e-02,6.715214252471923828e-02,3.389159739017486572e-01,9.357882738113403320e-01,2.207076847553253174e-01,-7.329992204904556274e-02,3.704607486724853516e-01,3.929286897182464600e-01,3.577963113784790039e-01,1.577700823545455933e-01,-6.344962120056152344e-01,-3.473864868283271790e-02,4.334341883659362793e-01,3.781138360500335693e-01,-9.942968189716339111e-02,1.626244783401489258e-01
1.390359848737716675e-01,1.884502530097961426e+00,5.613047480583190918e-01,6.245559453964233398e-02,6.861003488302230835e-02,3.596080839633941650e-01,9.284793734550476074e-01,1.512714177370071411e-01,-9.046317636966705322e-02,2.215155959129333496e-01,5.198130607604980469e-01,4.953282475471496582e-01,8.392657339572906494e-02,-6.086171269416809082e-01,-7.485975325107574463e-02,3.863124847412109375e-01,4.034714698791503906e-01,-1.443517208099365234e-01,2.019186168909072876e-01
1.534763872623443604e-01,1.919058918952941895e+00,5.745940804481506348e-01,3.464692831039428711e-02,4.850507900118827820e-02,3.874655365943908691e-01,9.199550747871398926e-01,3.250186145305633545e-02,-6.963422149419784546e-02,4.131336137652397156e-02,6.806852221488952637e-01,3.712067306041717529e-01,-5.229263007640838623e-02,-5.372699499130249023e-01,-7.382187992334365845e-02,3.064433932304382324e-01,4.027286469936370850e-01,-1.791809499263763428e-01,2.164895236492156982e-01
1.690937429666519165e-01,1.951739072799682617e+00,5.888481140136718750e-01,1.426480244845151901e-02,2.806499414145946503e-02,4.223844408988952637e-01,9.058699011802673340e-01,-8.923748135566711426e-02,-4.237706586718559265e-02,-1.066528856754302979e-01,8.131208419799804688e-01,1.907756775617599487e-01,-1.308798640966415405e-01,-4.538187682628631592e-01,-7.806314527988433838e-02,2.213045954704284668e-01,3.866097927093505859e-01,-2.140023410320281982e-01,2.128230333328247070e-01
1.851728707551956177e-01,1.982323646545410156e+00,6.005395054817199707e-01,-1.157359103672206402e-03,1.366514805704355240e-02,4.568377733230590820e-01,8.894442915916442871e-01,-2.143282145261764526e-01,-5.331052467226982117e-03,-2.137630879878997803e-01,8.776230216026306152e-01,4.408792033791542053e-02,-1.616709381341934204e-01,-3.729574978351593018e-01,-8.065570890903472900e-02,1.386826932430267334e-01,3.567385971546173096e-01,-2.317400425672531128e-01,1.930441111326217651e-01
2.009478211402893066e-01,2.012382507324218750e+00,6.092407107353210449e-01,-8.237263187766075134e-03,5.422916729003190994e-03,4.877992868423461914e-01,8.729001283645629883e-01,-3.288133442401885986e-01,2.061351668089628220e-03,-3.052080571651458740e-01,8.759658932685852051e-01,-5.094596743583679199e-02,-1.523481458425521851e-01,-2.896538972854614258e-01,-8.908466994762420654e-02,7.076164335012435913e-02,3.146564066410064697e-01,-2.360638082027435303e-01,1.708166152238845825e-01
2.173858880996704102e-01,2.042040348052978516e+00,6.149609088897705078e-01,-5.815782584249973297e-03,-2.077306620776653290e-03,5.148030519485473633e-01,8.572862148284912109e-01,-4.123000800609588623e-01,-2.449808642268180847e-02,-3.890839517116546631e-01,8.163319230079650879e-01,-1.108346208930015564e-01,-1.377104371786117554e-01,-1.947714686393737793e-01,-1.024073287844657898e-01,1.411488186568021774e-02,2.690921723842620850e-01,-2.420720607042312622e-01,1.486254036426544189e-01
2.357632517814636230e-01,2.071452140808105469e+00,6.171718835830688477e-01,8.208859071601182222e-05,-7.689848542213439941e-03,5.458199977874755859e-01,8.378672003746032715e-01,-4.758059084415435791e-01,-5.750554800033569336e-02,-4.526219666004180908e-01,7.095753550529479980e-01,-1.397112309932708740e-01,-1.148468255996704102e-01,-1.065665185451507568e-01,-1.105133816599845886e-01,-5.124772340059280396e-02,2.355575710535049438e-01,-2.497546523809432983e-01,1.164961159229278564e-01
2.552483081817626953e-01,2.101090192794799805e+00,6.166341304779052734e-01,1.288213115185499191e-02,-1.369240786880254745e-02,5.742731094360351562e-01,8.184478878974914551e-01,-5.123969316482543945e-01,-8.985080569982528687e-02,-4.736924469470977783e-01,5.511823892593383789e-01,-1.433931887149810791e-01,-6.355146318674087524e-02,-5.727010313421487808e-03,-1.168923974037170410e-01,-1.178082600235939026e-01,1.958458572626113892e-01,-2.385215908288955688e-01,1.169974803924560547e-01
2.741920053958892822e-01,2.130162954330444336e+00,6.132456660270690918e-01,2.080872841179370880e-02,-1.609469577670097351e-02,6.038764119148254395e-01,7.966437339782714844e-01,-5.600332021713256836e-01,-1.341627836227416992e-01,-4.821085929870605469e-01,3.991290330886840820e-01,-1.706607639789581299e-01,-6.242600735276937485e-03,7.293812185525894165e-02,-1.076968163251876831e-01,-1.815978884696960449e-01,1.690719127655029297e-01,-2.397598773241043091e-01,8.630890399217605591e-02
2.930375933647155762e-01,2.160009860992431641e+00,6.096231341361999512e-01,2.075283788144588470e-02,-1.872186549007892609e-02,6.241760849952697754e-01,7.807835936546325684e-01,-6.115408539772033691e-01,-1.610104143619537354e-01,-4.534567892551422119e-01,2.719216644763946533e-01,-2.091399878263473511e-01,1.961486972868442535e-02,1.409004926681518555e-01,-7.750032097101211548e-02,-2.306984812021255493e-01,1.508855372667312622e-01,-2.556036412715911865e-01,5.816860869526863098e-02
