-3.541691601276397705e-01,-2.280954360961914062e+00,5.743078589439392090e-01,2.470425516366958618e-02,3.673737403005361557e-03,8.129292130470275879e-01,5.818266272544860840e-01,-5.702493190765380859e-01,-1.291734278202056885e-01,-4.295262396335601807e-01,2.249385416507720947e-01,-1.190899163484573364e-01,4.954065009951591492e-02,2.530593872070312500e-01,-1.328815817832946777e-01,-1.314209252595901489e-01,1.346590667963027954e-01,-3.793734312057495117e-01,9.622929990291595459e-02
-3.533513247966766357e-01,-2.260391473770141602e+00,5.731173157691955566e-01,1.031893491744995117e-02,1.415934413671493530e-02,8.346608281135559082e-01,5.504855513572692871e-01,-6.084087491035461426e-01,-1.804454624652862549e-01,-4.700987040996551514e-01,2.618189454078674316e-01,-1.539453715085983276e-01,5.117163434624671936e-02,2.126595973968505859e-01,-1.053539738059043884e-01,-2.061315178871154785e-01,1.752889752388000488e-01,-3.701750934123992920e-01,7.893478125333786011e-02
-3.529440164566040039e-01,-2.236008167266845703e+00,5.689781904220581055e-01,9.135859087109565735e-03,1.746525429189205170e-02,8.386516571044921875e-01,5.443113446235656738e-01,-6.083816885948181152e-01,-1.864624321460723877e-01,-4.607626199722290039e-01,2.964511811733245850e-01,-1.252441555261611938e-01,5.198322609066963196e-02,2.410370111465454102e-01,-8.776294440031051636e-02,-2.100877761840820312e-01,1.783472746610641479e-01,-3.309162259101867676e-01,2.720445580780506134e-02
-3.505599200725555420e-01,-2.212395668029785156e+00,5.674507617950439453e-01,3.274423070251941681e-03,2.592583373188972473e-02,8.405775427818298340e-01,5.410605669021606445e-01,-6.101587414741516113e-01,-1.963225901126861572e-01,-4.884875714778900146e-01,3.469672501087188721e-01,-9.215593338012695312e-02,2.937139011919498444e-02,2.321297973394393921e-01,-7.794561982154846191e-02,-2.239012420177459717e-01,2.159351110458374023e-01,-2.955251634120941162e-01,2.044228464365005493e-02
-3.484033048152923584e-01,-2.185912370681762695e+00,5.687122344970703125e-01,-4.926429130136966705e-03,2.552101574838161469e-02,8.390974998474121094e-01,5.433597564697265625e-01,-5.893127918243408203e-01,-1.739087402820587158e-01,-5.055766701698303223e-01,3.688600957393646240e-01,-8.279783278703689575e-02,1.587730646133422852e-02,2.306328713893890381e-01,-5.158353224396705627e-02,-2.197453528642654419e-01,2.533193528652191162e-01,-2.206391096115112305e-01,1.151591818779706955e-02
-3.458372056484222412e-01,-2.156455755233764648e+00,5.691193342208862305e-01,-1.808285899460315704e-02,2.285500615835189819e-02,8.351947665214538574e-01,5.491815209388732910e-01,-5.648226737976074219e-01,-1.270038038492202759e-01,-5.081174969673156738e-01,3.772917389869689941e-01,-8.455377817153930664e-02,-1.286277547478675842e-02,2.236363142728805542e-01,-1.529467664659023285e-02,-1.779439300298690796e-01,2.940211296081542969e-01,-8.863680064678192139e-02,-2.782709151506423950e-02
-3.404224812984466553e-01,-2.134633779525756836e+00,5.709738135337829590e-01,-3.684239462018013000e-02,2.815921604633331299e-02,8.346760272979736328e-01,5.487855672836303711e-01,-5.705806612968444824e-01,-8.864945918321609497e-02,-5.101977586746215820e-01,3.780631124973297119e-01,-9.263339638710021973e-02,-7.177000492811203003e-02,1.244579404592514038e-01,1.038101967424154282e-02,-1.423316746950149536e-01,4.212871193885803223e-01,5.408896505832672119e-02,-2.633364498615264893e-02
-3.389923274517059326e-01,-2.103005170822143555e+00,5.743997693061828613e-01,-3.873149305582046509e-02,2.763941511511802673e-02,8.209704160690307617e-01,5.689846277236938477e-01,-5.369531512260437012e-01,-3.379018604755401611e-02,-4.596814215183258057e-01,3.870586454868316650e-01,-1.354032307863235474e-01,-1.080679595470428467e-01,1.207454130053520203e-01,3.847879543900489807e-02,-2.344714850187301636e-02,4.757570326328277588e-01,1.899774670600891113e-01,8.458813652396202087e-03
-3.359381556510925293e-01,-2.073828935623168945e+00,5.808706283569335938e-01,-2.843394689261913300e-02,3.446679189801216125e-02,8.037961125373840332e-01,5.932245850563049316e-01,-4.835451245307922363e-01,-2.973174443468451500e-03,-4.003804028034210205e-01,3.727616667747497559e-01,-1.654589176177978516e-01,-1.217776238918304443e-01,7.760009169578552246e-02,2.291141450405120850e-02,7.516968995332717896e-02,5.648896694183349609e-01,1.782593280076980591e-01,5.424774810671806335e-02
-3.340740799903869629e-01,-2.045653581619262695e+00,5.877109169960021973e-01,-1.809645630419254303e-02,4.138867557048797607e-02,7.825158238410949707e-01,6.209899783134460449e-01,-4.272952973842620850e-01,2.244731970131397247e-02,-3.294675648212432861e-01,3.486172556877136230e-01,-1.817338019609451294e-01,-1.358478665351867676e-01,3.228094428777694702e-03,-2.392168156802654266e-02,1.333798319101333618e-01,6.349387764930725098e-01,1.065392196178436279e-01,8.691843599081039429e-02
-3.322369456291198730e-01,-2.016533851623535156e+00,5.929192304611206055e-01,-1.479494944214820862e-02,4.734554141759872437e-02,7.575817704200744629e-01,6.508527994155883789e-01,-3.749678432941436768e-01,5.253886058926582336e-02,-2.515619099140167236e-01,3.151375651359558105e-01,-1.918188184499740601e-01,-1.726170331239700317e-01,-8.381230384111404419e-02,-6.163892149925231934e-02,1.865160614252090454e-01,6.499595642089843750e-01,4.994685575366020203e-02,1.069871783256530762e-01
-3.304039537906646729e-01,-1.986462473869323730e+00,5.961908698081970215e-01,-3.347334684804081917e-03,4.095151647925376892e-02,7.327228784561157227e-01,6.792856454849243164e-01,-2.793961465358734131e-01,8.377625048160552979e-02,-1.729747802019119263e-01,2.656332552433013916e-01,-1.938335746526718140e-01,-1.648124903440475464e-01,-1.394965946674346924e-01,-7.995512336492538452e-02,2.405612617731094360e-01,6.239799857139587402e-01,-1.567905768752098083e-02,1.103120297193527222e-01
-3.284613192081451416e-01,-1.956137537956237793e+00,5.970451235771179199e-01,2.893465338274836540e-03,3.478316590189933777e-02,7.066209316253662109e-01,7.067309021949768066e-01,-1.932643055915832520e-01,1.089590638875961304e-01,-1.022532433271408081e-01,2.223368734121322632e-01,-1.930078268051147461e-01,-1.519843488931655884e-01,-2.049048244953155518e-01,-8.713450282812118530e-02,2.846339643001556396e-01,5.696460604667663574e-01,-7.743580639362335205e-02,1.068345382809638977e-01
-3.282159566879272461e-01,-1.927199482917785645e+00,5.960699915885925293e-01,2.516399370506405830e-03,3.016089275479316711e-02,6.809247732162475586e-01,7.317277193069458008e-01,-1.257177442312240601e-01,1.247794777154922485e-01,-3.728665784001350403e-02,1.927517205476760864e-01,-2.011987715959548950e-01,-1.436788886785507202e-01,-2.894896268844604492e-01,-8.311629295349121094e-02,3.072495162487030029e-01,5.006675124168395996e-01,-1.240238845348358154e-01,1.031097099184989929e-01
-3.274767994880676270e-01,-1.897932767868041992e+00,5.942274928092956543e-01,2.431901637464761734e-03,2.309968881309032440e-02,6.554897427558898926e-01,7.548468112945556641e-01,-5.058223381638526917e-02,1.361623257398605347e-01,2.776016667485237122e-02,1.625066995620727539e-01,-2.230744510889053345e-01,-1.297756433486938477e-01,-3.682684600353240967e-01,-5.964302271604537964e-02,3.197790980339050293e-01,4.272049367427825928e-01,-1.586450785398483276e-01,1.014795526862144470e-01
-3.272604644298553467e-01,-1.868110895156860352e+00,5.903103351593017578e-01,1.149233547039330006e-03,1.461227145045995712e-02,6.323796510696411133e-01,7.745199203491210938e-01,2.066850475966930389e-02,1.408473104238510132e-01,8.370489627122879028e-02,1.478123217821121216e-01,-2.467114627361297607e-01,-1.193439811468124390e-01,-4.373375177383422852e-01,-2.212353423237800598e-02,3.282067477703094482e-01,3.449359536170959473e-01,-1.611198186874389648e-01,8.444873988628387451e-02
-3.265710473060607910e-01,-1.837725758552551270e+00,5.857608318328857422e-01,1.540352124720811844e-03,7.460737135261297226e-03,6.116755604743957520e-01,7.910720109939575195e-01,9.240299463272094727e-02,1.337382197380065918e-01,1.288943588733673096e-01,1.329727768898010254e-01,-2.638110816478729248e-01,-1.083784624934196472e-01,-4.974273443222045898e-01,2.351586520671844482e-02,3.423847556114196777e-01,2.682655155658721924e-01,-1.466513872146606445e-01,7.721997797489166260e-02
-3.260386884212493896e-01,-1.807388544082641602e+00,5.820466876029968262e-01,4.733813926577568054e-03,7.014815695583820343e-03,5.942496657371520996e-01,8.042361140251159668e-01,1.495900750160217285e-01,1.088528931140899658e-01,1.617747992277145386e-01,1.314245015382766724e-01,-2.807727456092834473e-01,-8.953732997179031372e-02,-5.497328042984008789e-01,5.687410384416580200e-02,3.632330894470214844e-01,1.990665346384048462e-01,-1.581606715917587280e-01,7.424707710742950439e-02
-3.272857964038848877e-01,-1.776743769645690918e+00,5.787536501884460449e-01,8.652549237012863159e-03,1.298119220882654190e-02,5.801649093627929688e-01,8.143495917320251465e-01,1.873047649860382080e-01,7.018802314996719360e-02,1.822184473276138306e-01,1.442772001028060913e-01,-2.935046851634979248e-01,-6.444336473941802979e-02,-5.906767845153808594e-01,7.349830120801925659e-02,3.911562561988830566e-01,1.448496282100677490e-01,-1.960951536893844604e-01,6.709241867065429688e-02
-3.263511657714843750e-01,-1.744467973709106445e+00,5.751724243164062500e-01,1.103827450424432755e-02,2.019385248422622681e-02,5.632917881011962891e-01,8.259374499320983887e-01,2.083136737346649170e-01,3.284210711717605591e-02,2.065190076828002930e-01,1.772481352090835571e-01,-2.748180329799652100e-01,-3.163399547338485718e-02,-6.087799072265625000e-01,1.018596515059471130e-01,4.509088993072509766e-01,1.439702957868576050e-01,-2.287890762090682983e-01,5.810932815074920654e-02
-3.289727270603179932e-01,-1.709402084350585938e+00,5.718701481819152832e-01,1.141875330358743668e-02,2.948948927223682404e-02,5.466501712799072266e-01,8.367637395858764648e-01,2.231371253728866577e-01,-1.132835261523723602e-02,2.460657209157943726e-01,2.022480070590972900e-01,-1.983099430799484253e-01,1.315620727837085724e-02,-6.134201884269714355e-01,1.173517331480979919e-01,4.866582453250885010e-01,1.857398599386215210e-01,-2.510438561439514160e-01,7.736650854349136353e-02
-3.310054838657379150e-01,-1.670837759971618652e+00,5.678026676177978516e-01,7.303294725716114044e-03,3.988326713442802429e-02,5.351867675781250000e-01,8.437601327896118164e-01,2.373839914798736572e-01,-4.626122489571571350e-02,2.735357582569122314e-01,2.179726511240005493e-01,-8.915764838457107544e-02,5.709425359964370728e-02,-6.148508787155151367e-01,1.136585995554924011e-01,4.984942972660064697e-01,2.460209131240844727e-01,-2.233789116144180298e-01,8.130823075771331787e-02
-3.330186903476715088e-01,-1.630563378334045410e+00,5.653138160705566406e-01,7.545850239694118500e-03,6.271433085203170776e-02,5.310495495796203613e-01,8.449830412864685059e-01,2.234330773353576660e-01,-9.813159704208374023e-02,2.987653911113739014e-01,2.538248598575592041e-01,9.449946880340576172e-02,8.310697227716445923e-02,-6.293669342994689941e-01,6.740518659353256226e-02,4.742063283920288086e-01,2.852510511875152588e-01,-1.581801474094390869e-01,1.093304082751274109e-01
-3.356602191925048828e-01,-1.591686129570007324e+00,5.658616423606872559e-01,5.536662414669990540e-03,8.028359711170196533e-02,5.392325520515441895e-01,8.383031487464904785e-01,1.953810304403305054e-01,-1.280899792909622192e-01,2.501841485500335693e-01,3.284670412540435791e-01,2.722461521625518799e-01,9.134829789400100708e-02,-6.225429773330688477e-01,2.168378233909606934e-02,4.809170663356781006e-01,3.199623525142669678e-01,-1.377253830432891846e-01,1.158056110143661499e-01
-3.390815854072570801e-01,-1.554215550422668457e+00,5.706457495689392090e-01,8.193767280317842960e-04,8.803845942020416260e-02,5.500895380973815918e-01,8.304517269134521484e-01,1.571705341339111328e-01,-1.647985726594924927e-01,1.082116663455963135e-01,4.121768176555633545e-01,4.544337689876556396e-01,6.832319498062133789e-02,-5.865764021873474121e-01,-3.002543561160564423e-02,4.597492814064025879e-01,3.197812438011169434e-01,-1.778754740953445435e-01,1.297423839569091797e-01
-3.426025509834289551e-01,-1.514154076576232910e+00,5.822565555572509766e-01,-1.722708344459533691e-02,7.364279031753540039e-02,5.759811997413635254e-01,8.139567971229553223e-01,9.471829235553741455e-02,-1.304045617580413818e-01,-1.101334579288959503e-02,5.036770105361938477e-01,3.858308494091033936e-01,-1.955000311136245728e-02,-5.188618898391723633e-01,-5.869310349225997925e-02,3.764690458774566650e-01,2.924126684665679932e-01,-1.950572282075881958e-01,1.439104378223419189e-01
-3.452511131763458252e-01,-1.473041653633117676e+00,5.915697216987609863e-01,-2.598432451486587524e-02,6.029030680656433105e-02,6.091840863227844238e-01,7.903066873550415039e-01,3.317889198660850525e-02,-6.500884145498275757e-02,-6.774601340293884277e-02,5.536788105964660645e-01,2.968570590019226074e-01,-4.970791935920715332e-02,-4.254929125308990479e-01,-1.001703366637229919e-01,2.861573100090026855e-01,2.415519356727600098e-01,-1.994997560977935791e-01,1.427503824234008789e-01
-3.471631109714508057e-01,-1.432823300361633301e+00,5.975620150566101074e-01,-3.180972114205360413e-02,5.367842689156532288e-02,6.465529799461364746e-01,7.603130936622619629e-01,-5.028021708130836487e-02,-1.179778855293989182e-02,-1.425139158964157104e-01,5.748394727706909180e-01,1.903237402439117432e-01,-5.308640003204345703e-02,-3.483858406543731689e-01,-1.335381418466567993e-01,2.028080075979232788e-01,2.102446407079696655e-01,-2.101812660694122314e-01,1.334646046161651611e-01
-3.485335707664489746e-01,-1.393419742584228516e+00,6.004875898361206055e-01,-3.524306789040565491e-02,4.751165583729743958e-02,6.839241385459899902e-01,7.271508574485778809e-01,-1.423049867153167725e-01,1.611157506704330444e-02,-2.308813035488128662e-01,5.686033368110656738e-01,5.379303172230720520e-02,-5.679940059781074524e-02,-2.832600474357604980e-01,-1.487785577774047852e-01,1.370629817247390747e-01,2.152030467987060547e-01,-2.345596104860305786e-01,1.076852604746818542e-01
-3.494984209537506104e-01,-1.356576561927795410e+00,6.005898714065551758e-01,-3.873940184712409973e-02,4.227287694811820984e-02,7.180320620536804199e-01,6.936441659927368164e-01,-2.516218125820159912e-01,2.688184380531311035e-02,-2.986131310462951660e-01,5.551194548606872559e-01,-7.924661785364151001e-02,-6.000450998544692993e-02,-2.542961239814758301e-01,-1.460827738046646118e-01,8.702210336923599243e-02,2.751002907752990723e-01,-2.579881846904754639e-01,8.544675260782241821e-02
-3.491533696651458740e-01,-1.320183038711547852e+00,5.965157151222229004e-01,-3.691197559237480164e-02,3.460323810577392578e-02,7.447727322578430176e-01,6.653974056243896484e-01,-3.615024089813232422e-01,3.220601379871368408e-02,-3.077795803546905518e-01,5.328094959259033203e-01,-1.578272134065628052e-01,-6.829304248094558716e-02,-2.338325828313827515e-01,-1.416639685630798340e-01,3.059940040111541748e-02,3.656796813011169434e-01,-2.550747990608215332e-01,4.836293309926986694e-02
-3.489726781845092773e-01,-1.283742904663085938e+00,5.896451473236083984e-01,-2.997194975614547729e-02,2.790301665663719177e-02,7.665489315986633301e-01,6.408789753913879395e-01,-4.660253524780273438e-01,-4.422871570568531752e-04,-3.172012269496917725e-01,5.238437652587890625e-01,-1.923798173666000366e-01,-6.757352501153945923e-02,-2.033546864986419678e-01,-1.379410475492477417e-01,1.210882421582937241e-02,4.527260363101959229e-01,-2.642230093479156494e-01,4.147165268659591675e-02
-3.474710583686828613e-01,-1.246942877769470215e+00,5.798245668411254883e-01,-2.305821143090724945e-02,2.446108870208263397e-02,7.839161753654479980e-01,6.199559569358825684e-01,-5.792636871337890625e-01,-5.587156116962432861e-02,-3.234859704971313477e-01,5.219241976737976074e-01,-2.075859159231185913e-01,-7.985828071832656860e-02,-1.690422743558883667e-01,-1.375737190246582031e-01,-2.536650933325290680e-02,5.342664718627929688e-01,-2.870952785015106201e-01,4.601699486374855042e-02
-3.466551899909973145e-01,-1.208039045333862305e+00,5.678898096084594727e-01,-8.760825730860233307e-03,2.366037294268608093e-02,8.073417544364929199e-01,5.895445346832275391e-01,-6.674661040306091309e-01,-1.486939936876296997e-01,-3.363330662250518799e-01,5.190078616142272949e-01,-1.520120948553085327e-01,-5.985206738114356995e-02,-1.086566075682640076e-01,-1.436918377876281738e-01,-7.832192629575729370e-02,5.958347320556640625e-01,-3.246472775936126709e-01,4.856115207076072693e-02
-3.463947772979736328e-01,-1.166299700736999512e+00,5.561803579330444336e-01,2.440527314320206642e-03,2.301321737468242645e-02,8.326832652091979980e-01,5.532657504081726074e-01,-7.325322628021240234e-01,-2.537567615509033203e-01,-3.622220754623413086e-01,4.998801648616790771e-01,-8.079185336828231812e-02,-3.350605443120002747e-02,-4.126701131463050842e-02,-1.329422146081924438e-01,-1.568360328674316406e-01,6.383643150329589844e-01,-3.684297204017639160e-01,3.014265373349189758e-02
-3.456001877784729004e-01,-1.120799541473388672e+00,5.478033423423767090e-01,1.671741949394345284e-03,1.671379618346691132e-02,8.514816761016845703e-01,5.241153240203857422e-01,-7.865980267524719238e-01,-3.293942213058471680e-01,-4.054192006587982178e-01,4.774753153324127197e-01,-8.721990138292312622e-02,-4.846216645091772079e-03,4.469272121787071228e-02,-8.549758791923522949e-02,-2.563662528991699219e-01,6.225275397300720215e-01,-3.835513889789581299e-01,-2.812047488987445831e-02
-3.446744084358215332e-01,-1.069427967071533203e+00,5.422558784484863281e-01,-1.083066873252391815e-02,1.539642270654439926e-02,8.645053505897521973e-01,5.022709965705871582e-01,-8.210871219635009766e-01,-3.907963037490844727e-01,-4.973338246345520020e-01,4.509476423263549805e-01,-1.104636862874031067e-01,2.118767797946929932e-02,1.379651427268981934e-01,-4.866634029895067215e-03,-3.235362470149993896e-01,5.387799739837646484e-01,-3.427460193634033203e-01,-9.248944371938705444e-02
-3.436000049114227295e-01,-1.014015436172485352e+00,5.394176840782165527e-01,-3.295058384537696838e-02,1.507969293743371964e-02,8.721656203269958496e-01,4.878667891025543213e-01,-8.282508254051208496e-01,-4.203648865222930908e-01,-6.162889599800109863e-01,4.466874301433563232e-01,-1.483813971281051636e-01,2.248333580791950226e-02,2.097962796688079834e-01,9.551427513360977173e-02,-3.313961327075958252e-01,4.430334270000457764e-01,-1.955918222665786743e-01,-1.510857343673706055e-01
-3.410702943801879883e-01,-9.574446082115173340e-01,5.374600291252136230e-01,-6.347606331110000610e-02,1.651428826153278351e-02,8.737278580665588379e-01,4.819727241992950439e-01,-8.336482048034667969e-01,-4.047495424747467041e-01,-7.061595916748046875e-01,5.111064910888671875e-01,-2.267926335334777832e-01,-2.006831206381320953e-02,2.434883862733840942e-01,1.919793039560317993e-01,-2.902777791023254395e-01,3.593267798423767090e-01,9.696017205715179443e-02,-1.875508427619934082e-01
-3.396565914154052734e-01,-9.015657901763916016e-01,5.373716354370117188e-01,-8.369871228933334351e-02,2.834752202033996582e-02,8.620409965515136719e-01,4.990754425525665283e-01,-8.452001810073852539e-01,-3.528537750244140625e-01,-7.030335068702697754e-01,6.044632792472839355e-01,-2.763357162475585938e-01,-1.076577827334403992e-01,2.254841476678848267e-01,2.135575711727142334e-01,-2.225230783224105835e-01,3.986446857452392578e-01,2.838009297847747803e-01,-1.390563994646072388e-01
-3.385570943355560303e-01,-8.449989557266235352e-01,5.428043007850646973e-01,-8.093556016683578491e-02,4.374271631240844727e-02,8.330330848693847656e-01,5.455198287963867188e-01,-8.826296925544738770e-01,-2.979446351528167725e-01,-5.929192900657653809e-01,7.370429039001464844e-01,-3.629032075405120850e-01,-1.756738573312759399e-01,1.599015891551971436e-01,1.818594783544540405e-01,-5.523508414626121521e-02,5.793149471282958984e-01,1.869203150272369385e-01,-1.583829871378839016e-03
-3.368472158908843994e-01,-7.889913916587829590e-01,5.459117293357849121e-01,-5.966579914093017578e-02,5.497730150818824768e-02,7.960632443428039551e-01,5.997506380081176758e-01,-8.615125417709350586e-01,-2.164452821016311646e-01,-4.697785079479217529e-01,8.023749589920043945e-01,-4.015679061412811279e-01,-2.162202000617980957e-01,4.904365539550781250e-02,1.233953386545181274e-01,1.053180173039436340e-01,8.197209835052490234e-01,-2.696371451020240784e-02,1.252305358648300171e-01
-3.353337943553924561e-01,-7.349528670310974121e-01,5.432180762290954590e-01,-5.494262650609016418e-02,6.504324823617935181e-02,7.571482658386230469e-01,6.476705670356750488e-01,-8.443354368209838867e-01,-1.437053084373474121e-01,-3.772974312305450439e-01,8.637229204177856445e-01,-4.176703989505767822e-01,-2.378443628549575806e-01,-1.628983765840530396e-01,4.563370347023010254e-02,1.788212209939956665e-01,1.037644863128662109e+00,-1.957468688488006592e-01,1.752069741487503052e-01
-3.318299651145935059e-01,-6.831511855125427246e-01,5.364244580268859863e-01,-5.972866714000701904e-02,7.364465296268463135e-02,7.150127887725830078e-01,6.926512122154235840e-01,-8.251326680183410645e-01,-8.530195802450180054e-02,-3.210055530071258545e-01,9.226656556129455566e-01,-4.407739937305450439e-01,-2.459604889154434204e-01,-4.365796744823455811e-01,3.124850615859031677e-02,2.693326771259307861e-01,1.200341701507568359e+00,-3.061794936656951904e-01,2.081282287836074829e-01
-3.296439349651336670e-01,-6.295931935310363770e-01,5.271036028861999512e-01,-6.487435102462768555e-02,7.617077976465225220e-02,6.663007140159606934e-01,7.389402985572814941e-01,-7.997435927391052246e-01,-2.389269694685935974e-02,-2.540406584739685059e-01,9.980632066726684570e-01,-5.060475468635559082e-01,-2.448308914899826050e-01,-6.948681473731994629e-01,9.283301234245300293e-02,3.680559694766998291e-01,1.272455215454101562e+00,-3.843111395835876465e-01,2.410197556018829346e-01
-3.305725157260894775e-01,-5.723162293434143066e-01,5.200133919715881348e-01,-6.970071792602539062e-02,6.615091115236282349e-02,6.011511683464050293e-01,7.933366894721984863e-01,-7.288491129875183105e-01,5.815333873033523560e-02,-1.474786549806594849e-01,1.008367538452148438e+00,-5.199999809265136719e-01,-2.184394747018814087e-01,-9.026232957839965820e-01,1.836995184421539307e-01,4.008324742317199707e-01,1.228812694549560547e+00,-4.099974632263183594e-01,2.344444990158081055e-01
-3.334012329578399658e-01,-5.098466873168945312e-01,5.151138305664062500e-01,-6.889973580837249756e-02,4.693455994129180908e-02,5.327775478363037109e-01,8.421390056610107422e-01,-6.148292422294616699e-01,9.997248649597167969e-02,-3.110296279191970825e-02,9.925501942634582520e-01,-5.199999809265136719e-01,-1.646651327610015869e-01,-1.031877994537353516e+00,3.097707927227020264e-01,4.005984961986541748e-01,1.101102828979492188e+00,-3.795178234577178955e-01,2.061757296323776245e-01
-3.341500163078308105e-01,-4.362479746341705322e-01,5.122804045677185059e-01,-4.780538007616996765e-02,1.562660373747348785e-02,4.795800149440765381e-01,8.760555982589721680e-01,-4.082450270652770996e-01,5.201383307576179504e-02,7.468321174383163452e-02,9.452089071273803711e-01,-5.199999809265136719e-01,-8.020935952663421631e-02,-1.039999961853027344e+00,4.025101959705352783e-01,4.043227136135101318e-01,9.011209607124328613e-01,-3.334066271781921387e-01,1.640940159559249878e-01
-3.286679685115814209e-01,-3.495542407035827637e-01,5.077069401741027832e-01,-2.937373332679271698e-02,7.854578085243701935e-03,4.496859312057495117e-01,8.926690816879272461e-01,-1.747262328863143921e-01,-6.644641607999801636e-02,1.586225479841232300e-01,8.370631337165832520e-01,-5.199999809265136719e-01,3.246287629008293152e-02,-1.039999961853027344e+00,4.588922858238220215e-01,4.336915910243988037e-01,6.995249390602111816e-01,-2.876582443714141846e-01,1.148573905229568481e-01
-3.142144381999969482e-01,-2.532589137554168701e-01,4.944058656692504883e-01,-8.898014784790575504e-04,2.466966398060321808e-02,4.410642683506011963e-01,8.971359729766845703e-01,9.412567317485809326e-02,-2.387373149394989014e-01,1.995929777622222900e-01,6.939347982406616211e-01,-5.110193490982055664e-01,1.958580762147903442e-01,-1.034106969833374023e+00,4.803675115108489990e-01,5.105657577514648438e-01,5.797060728073120117e-01,-2.401287108659744263e-01,5.638423562049865723e-02
-3.101607561111450195e-01,-1.652291566133499146e-01,4.849518239498138428e-01,1.091905962675809860e-02,7.011540234088897705e-02,4.096593260765075684e-01,9.094744920730590820e-01,2.774822711944580078e-01,-4.500660598278045654e-01,2.080773413181304932e-01,3.816231787204742432e-01,5.894357338547706604e-02,3.234476447105407715e-01,-1.027678847312927246e+00,5.371065139770507812e-01,6.476666331291198730e-01,5.632995963096618652e-01,-2.291150987148284912e-01,5.755646154284477234e-02
-3.068951368331909180e-01,-7.605998218059539795e-02,4.875923097133636475e-01,-2.634864300489425659e-03,7.882458716630935669e-02,4.003652036190032959e-01,9.129553437232971191e-01,3.571760356426239014e-01,-4.868073761463165283e-01,2.400607168674468994e-01,2.971081137657165527e-01,3.388879597187042236e-01,2.682444155216217041e-01,-9.940382242202758789e-01,5.426979064941406250e-01,6.461386084556579590e-01,6.374669075012207031e-01,-2.207787185907363892e-01,9.457205235958099365e-02
-3.073561489582061768e-01,1.100684422999620438e-02,5.030318498611450195e-01,-1.776117831468582153e-02,6.300198286771774292e-02,4.375157058238983154e-01,8.968251347541809082e-01,3.288694918155670166e-01,-3.696298897266387939e-01,1.789631396532058716e-01,4.597857892513275146e-01,2.461107373237609863e-01,1.366495490074157715e-01,-9.690355658531188965e-01,4.326730966567993164e-01,5.331708788871765137e-01,7.404068112373352051e-01,-1.898488402366638184e-01,1.428903490304946899e-01
-3.089436292648315430e-01,9.245777130126953125e-02,5.213791131973266602e-01,-3.160167858004570007e-02,2.914739027619361877e-02,5.005658268928527832e-01,8.646303415298461914e-01,1.725787073373794556e-01,-2.378339022397994995e-01,-3.672543540596961975e-02,7.466444373130798340e-01,4.140170291066169739e-02,-5.825258418917655945e-02,-8.721779584884643555e-01,2.901540994644165039e-01,4.312101006507873535e-01,7.596210837364196777e-01,-1.633833795785903931e-01,1.396494507789611816e-01
-3.126201927661895752e-01,1.663695573806762695e-01,5.367785692214965820e-01,-4.069400578737258911e-02,-2.107740147039294243e-03,5.629438161849975586e-01,8.254900574684143066e-01,-7.246423512697219849e-02,-1.571268588304519653e-01,-2.605650424957275391e-01,9.624328613281250000e-01,-1.635590344667434692e-01,-2.131105214357376099e-01,-7.723229527473449707e-01,1.788571178913116455e-01,3.456087410449981689e-01,8.029816746711730957e-01,-2.164058387279510498e-01,2.213744670152664185e-01
-3.170558810234069824e-01,2.324264943599700928e-01,5.468513965606689453e-01,-3.283065557479858398e-02,-1.331116165965795517e-02,6.473959684371948242e-01,7.613300085067749023e-01,-4.248425960540771484e-01,-5.568419769406318665e-02,-2.949659526348114014e-01,1.039546847343444824e+00,-1.986993551254272461e-01,-1.708819568157196045e-01,-6.624910831451416016e-01,2.529033832252025604e-02,2.613173723220825195e-01,7.832133769989013672e-01,-2.418237626552581787e-01,2.523953318595886230e-01
-3.170870542526245117e-01,3.004752099514007568e-01,5.649951696395874023e-01,-4.524340108036994934e-02,-4.699578508734703064e-02,7.336142659187316895e-01,6.764277815818786621e-01,-7.479250431060791016e-01,-6.683100759983062744e-02,-3.489405214786529541e-01,1.064559340476989746e+00,-1.953465193510055542e-01,-1.191173419356346130e-01,-5.256426930427551270e-01,-3.702184557914733887e-02,7.438600063323974609e-02,7.510922551155090332e-01,-2.713518738746643066e-01,1.703515201807022095e-01
-3.184120953083038330e-01,3.761148750782012939e-01,5.993793606758117676e-01,-7.530812919139862061e-02,-9.968698024749755859e-02,7.957124114036560059e-01,5.926491618156433105e-01,-9.588710069656372070e-01,-2.134286612272262573e-01,-4.483897089958190918e-01,1.166884660720825195e+00,-2.511728107929229736e-01,-1.159181147813796997e-01,-3.215190470218658447e-01,5.163766816258430481e-02,-1.320146173238754272e-01,6.170138120651245117e-01,-2.635540068149566650e-01,3.882991895079612732e-02
-3.285968899726867676e-01,4.567313492298126221e-01,6.434662938117980957e-01,-9.966782480478286743e-02,-1.781778037548065186e-01,8.344660997390747070e-01,5.118449926376342773e-01,-9.944382905960083008e-01,-3.353820443153381348e-01,-5.478717088699340820e-01,1.309334158897399902e+00,-3.149562478065490723e-01,3.339257836341857910e-02,-9.421287104487419128e-03,2.909366786479949951e-01,-2.573897242546081543e-01,2.924138903617858887e-01,-5.125408619642257690e-02,-1.494075059890747070e-01
-3.338137269020080566e-01,5.325459241867065430e-01,6.852664351463317871e-01,-1.406892091035842896e-01,-2.385888844728469849e-01,8.525196909904479980e-01,4.432741999626159668e-01,-1.014536976814270020e+00,-4.915792644023895264e-01,-6.700589060783386230e-01,1.534388065338134766e+00,-3.626876473426818848e-01,-3.126178681850433350e-02,1.147122904658317566e-01,5.592286586761474609e-01,-1.060211807489395142e-01,1.523249149322509766e-01,3.903393149375915527e-01,-3.874842822551727295e-01
-3.374547660350799561e-01,6.049898266792297363e-01,7.324463725090026855e-01,-1.370757818222045898e-01,-2.494264394044876099e-01,8.723625540733337402e-01,3.974673151969909668e-01,-1.020874619483947754e+00,-6.878959536552429199e-01,-6.841928958892822266e-01,1.737680673599243164e+00,-3.995934128761291504e-01,-7.897662371397018433e-02,1.891821920871734619e-01,6.306707859039306641e-01,-4.902221634984016418e-02,2.607181370258331299e-01,5.191731452941894531e-01,-4.112778604030609131e-01
-3.374469578266143799e-01,6.778115034103393555e-01,7.801890373229980469e-01,-1.176632642745971680e-01,-2.557556629180908203e-01,8.762005567550659180e-01,3.911738395690917969e-01,-1.013625502586364746e+00,-7.579205632209777832e-01,-6.925222873687744141e-01,1.812489986419677734e+00,-4.044230580329895020e-01,-8.584543317556381226e-02,3.245806992053985596e-01,5.538160800933837891e-01,-1.701838523149490356e-01,4.603209197521209717e-01,5.199999809265136719e-01,-4.097656607627868652e-01
-3.366657495498657227e-01,7.490913867950439453e-01,8.363552689552307129e-01,-9.542556852102279663e-02,-2.424892783164978027e-01,8.783828020095825195e-01,4.006701409816741943e-01,-1.022456526756286621e+00,-7.544367313385009766e-01,-6.831916570663452148e-01,1.798654794692993164e+00,-4.214535355567932129e-01,-1.078695580363273621e-01,3.626179099082946777e-01,4.020501375198364258e-01,-1.849306821823120117e-01,6.775190234184265137e-01,5.194951295852661133e-01,-4.045553207397460938e-01
-3.358578979969024658e-01,8.180413246154785156e-01,8.922049403190612793e-01,-5.780998617410659790e-02,-2.162173837423324585e-01,8.815283179283142090e-01,4.157113134860992432e-01,-1.034983634948730469e+00,-7.194145917892456055e-01,-6.211861968040466309e-01,1.730605721473693848e+00,-4.038760364055633545e-01,-1.407976150512695312e-01,2.732685506343841553e-01,2.726033031940460205e-01,-7.166855782270431519e-02,9.702532291412353516e-01,5.073977708816528320e-01,-3.009296059608459473e-01
-3.298546075820922852e-01,8.850434422492980957e-01,9.316475987434387207e-01,-2.664219401776790619e-02,-2.078815549612045288e-01,8.751057386398315430e-01,4.361941814422607422e-01,-1.039999961853027344e+00,-6.182349920272827148e-01,-5.700358152389526367e-01,1.632879614830017090e+00,-3.558629155158996582e-01,-1.747574657201766968e-01,9.106262028217315674e-02,2.172194868326187134e-01,3.874331340193748474e-02,1.398274660110473633e+00,3.466673195362091064e-01,-1.897545456886291504e-01
-3.190850615501403809e-01,9.505613446235656738e-01,9.596225023269653320e-01,-7.217927370220422745e-03,-2.026999592781066895e-01,8.670527338981628418e-01,4.550606608390808105e-01,-1.039999961853027344e+00,-5.073637366294860840e-01,-5.406392216682434082e-01,1.526968479156494141e+00,-3.272074759006500244e-01,-2.038283795118331909e-01,-1.413215547800064087e-01,1.997122615575790405e-01,1.269654333591461182e-01,1.743836879730224609e+00,2.269953340291976929e-01,-1.029473915696144104e-01
-3.080003559589385986e-01,1.019302845001220703e+00,9.770742058753967285e-01,2.411435171961784363e-02,-1.866240650415420532e-01,8.566547036170959473e-01,4.803463518619537354e-01,-1.039999961853027344e+00,-4.219288229942321777e-01,-4.834928214550018311e-01,1.451963424682617188e+00,-2.725884318351745605e-01,-2.454512715339660645e-01,-3.322691917419433594e-01,1.707230508327484131e-01,2.265964597463607788e-01,1.886486887931823730e+00,1.863721162080764771e-01,-2.628524042665958405e-02
-3.028602898120880127e-01,1.090700984001159668e+00,9.828854203224182129e-01,4.289675503969192505e-02,-1.648190468549728394e-01,8.481423854827880859e-01,5.016463398933410645e-01,-1.039999842643737793e+00,-3.647017776966094971e-01,-4.311984181404113770e-01,1.396882295608520508e+00,-2.004353702068328857e-01,-2.443997412919998169e-01,-5.453488826751708984e-01,1.293453276157379150e-01,3.025341033935546875e-01,1.897145748138427734e+00,1.401399523019790649e-01,3.215197846293449402e-02
-3.024583160877227783e-01,1.166823744773864746e+00,9.770106673240661621e-01,3.721076250076293945e-02,-1.546415090560913086e-01,8.356691598892211914e-01,5.256980657577514648e-01,-1.033043265342712402e+00,-3.060918450355529785e-01,-4.373096525669097900e-01,1.352054119110107422e+00,-1.703431010246276855e-01,-2.412714064121246338e-01,-7.494248747825622559e-01,1.400383412837982178e-01,3.346992135047912598e-01,1.860987305641174316e+00,7.529434561729431152e-02,6.887286156415939331e-02
-3.069201111793518066e-01,1.244909882545471191e+00,9.651312232017517090e-01,3.089782223105430603e-02,-1.377759426832199097e-01,8.245027065277099609e-01,5.479583740234375000e-01,-1.016352772712707520e+00,-2.584330141544342041e-01,-4.334121644496917725e-01,1.281839489936828613e+00,-1.277499347925186157e-01,-2.245335131883621216e-01,-8.475304245948791504e-01,1.432214826345443726e-01,3.853268623352050781e-01,1.707871556282043457e+00,7.323220372200012207e-02,9.091801196336746216e-02
-3.137690424919128418e-01,1.323340415954589844e+00,9.454054832458496094e-01,2.306514419615268707e-02,-1.208298429846763611e-01,8.164890408515930176e-01,5.641043782234191895e-01,-9.767995476722717285e-01,-2.199636250734329224e-01,-4.353905618190765381e-01,1.170120000839233398e+00,-5.931420624256134033e-02,-1.902851760387420654e-01,-8.647317886352539062e-01,1.069337874650955200e-01,4.203999042510986328e-01,1.478348255157470703e+00,1.332201808691024780e-01,8.149533718824386597e-02
-3.192879855632781982e-01,1.403799057006835938e+00,9.194089174270629883e-01,2.067899703979492188e-02,-1.116013601422309875e-01,8.111160993576049805e-01,5.737666487693786621e-01,-8.959535956382751465e-01,-1.693874001502990723e-01,-4.322051703929901123e-01,1.018360137939453125e+00,2.176540717482566833e-02,-1.405963897705078125e-01,-8.185653686523437500e-01,6.351818889379501343e-02,4.090898334980010986e-01,1.212882161140441895e+00,1.971514374017715454e-01,4.204413294792175293e-02
-3.234955668449401855e-01,1.486112594604492188e+00,8.846944570541381836e-01,1.777473464608192444e-02,-1.115111261606216431e-01,8.089317679405212402e-01,5.769564509391784668e-01,-7.896447181701660156e-01,-1.338899135589599609e-01,-4.638156294822692871e-01,8.555135726928710938e-01,6.977384537458419800e-02,-1.025718599557876587e-01,-7.383114695549011230e-01,6.768064945936203003e-02,4.100062847137451172e-01,9.541703462600708008e-01,2.412581294775009155e-01,1.323167793452739716e-02
-3.272296488285064697e-01,1.571258783340454102e+00,8.389899730682373047e-01,1.732672937214374542e-02,-1.195397600531578064e-01,8.090343475341796875e-01,5.752159953117370605e-01,-6.771739125251770020e-01,-8.506700396537780762e-02,-4.770359694957733154e-01,6.878539919853210449e-01,1.215312331914901733e-01,-5.707940459251403809e-02,-6.531666517257690430e-01,6.491337716579437256e-02,3.904320001602172852e-01,7.136828899383544922e-01,3.035472631454467773e-01,-2.553098648786544800e-02
-3.312200605869293213e-01,1.658331990242004395e+00,7.841942310333251953e-01,2.706204354763031006e-02,-1.220253556966781616e-01,8.170608878135681152e-01,5.628401041030883789e-01,-5.674725770950317383e-01,-5.450730398297309875e-02,-4.491671919822692871e-01,5.319289565086364746e-01,2.178048044443130493e-01,2.100699767470359802e-02,-5.801737308502197266e-01,3.408969938755035400e-02,3.521249890327453613e-01,5.046744942665100098e-01,3.206394016742706299e-01,-5.938445776700973511e-02
-3.354259729385375977e-01,1.743578433990478516e+00,7.244787216186523438e-01,3.933743387460708618e-02,-1.201583519577980042e-01,8.333546519279479980e-01,5.380841493606567383e-01,-4.673537909984588623e-01,-3.711869195103645325e-02,-3.845190107822418213e-01,3.923697471618652344e-01,2.996885776519775391e-01,1.109636873006820679e-01,-5.158381462097167969e-01,-2.462450880557298660e-03,3.344242572784423828e-01,3.462634384632110596e-01,2.885393500328063965e-01,-1.016123369336128235e-01
-3.394197821617126465e-01,1.824791669845581055e+00,6.604307889938354492e-01,4.503099620342254639e-02,-1.180354729294776917e-01,8.496180176734924316e-01,5.120440125465393066e-01,-3.736582696437835693e-01,-4.269053414463996887e-02,-3.776425421237945557e-01,2.940065562725067139e-01,3.304598927497863770e-01,1.416648626327514648e-01,-4.521031677722930908e-01,-1.066978648304939270e-02,4.055286645889282227e-01,2.703643143177032471e-01,2.692061364650726318e-01,-1.155571267008781433e-01
-3.412951827049255371e-01,1.902121663093566895e+00,5.885584950447082520e-01,5.541377887129783630e-02,-1.114837899804115295e-01,8.581977486610412598e-01,4.979933202266693115e-01,-3.182063698768615723e-01,-2.795363590121269226e-02,-3.020033240318298340e-01,3.036226630210876465e-01,3.696276247501373291e-01,1.510436981916427612e-01,-4.179032742977142334e-01,-6.126185879111289978e-02,3.374179005622863770e-01,3.111924231052398682e-01,2.683232128620147705e-01,-1.009947881102561951e-01
-3.350598216056823730e-01,1.955192804336547852e+00,5.395852327346801758e-01,2.667493000626564026e-02,-8.758347481489181519e-02,8.720269203186035156e-01,4.808187484741210938e-01,-4.414089620113372803e-01,-1.967576704919338226e-02,-2.276415079832077026e-01,5.194905996322631836e-01,-1.334786787629127502e-02,1.097330823540687561e-02,-5.819694995880126953e-01,-8.865853399038314819e-02,2.328882664442062378e-01,5.597000122070312500e-01,-4.262240603566169739e-02,1.634370535612106323e-01
-3.241542279720306396e-01,1.996837258338928223e+00,5.024111866950988770e-01,-3.059800481423735619e-03,-5.621372908353805542e-02,8.755756020545959473e-01,4.797895252704620361e-01,-7.381371259689331055e-01,-7.016899436712265015e-02,-2.668584585189819336e-01,1.008457660675048828e+00,-1.763075888156890869e-01,-1.195765882730484009e-01,-8.863790035247802734e-01,-8.383910171687602997e-03,2.582139074802398682e-01,1.010762333869934082e+00,-1.190188750624656677e-01,1.859152168035507202e-01
-3.177610039710998535e-01,2.040649414062500000e+00,4.918133914470672607e-01,1.899929903447628021e-02,-5.229350551962852478e-02,8.754896521568298340e-01,4.800232350826263428e-01,-7.195328474044799805e-01,-8.694791048765182495e-02,-3.165292143821716309e-01,1.204834103584289551e+00,-3.017957210540771484e-01,-2.371405810117721558e-01,-8.785430788993835449e-01,7.885158807039260864e-02,3.044084608554840088e-01,1.215981960296630859e+00,-2.002789676189422607e-01,2.066382020711898804e-01
-3.133625984191894531e-01,2.086004495620727539e+00,4.805284440517425537e-01,-1.556271780282258987e-02,-4.074261523783206940e-03,8.749146461486816406e-01,4.840098321437835693e-01,-8.183192014694213867e-01,-9.991064667701721191e-02,-3.273182511329650879e-01,1.355608224868774414e+00,-4.791068136692047119e-01,-3.070240318775177002e-01,-9.820113778114318848e-01,8.978758007287979126e-02,2.794954180717468262e-01,1.353958010673522949e+00,-3.564960658550262451e-01,2.605579197406768799e-01
-3.154694139957427979e-01,2.132687807083129883e+00,4.835088849067687988e-01,-4.045372456312179565e-02,3.661319613456726074e-02,8.833948969841003418e-01,4.654422402381896973e-01,-8.164383172988891602e-01,-1.370015740394592285e-01,-3.669993877410888672e-01,1.397225022315979004e+00,-4.532134234905242920e-01,-2.757404744625091553e-01,-9.927564263343811035e-01,6.078896671533584595e-02,2.453902214765548706e-01,1.373906373977661133e+00,-4.425346255302429199e-01,2.985942363739013672e-01
-3.201442956924438477e-01,2.176645994186401367e+00,4.959489405155181885e-01,-4.819063469767570496e-02,5.865373462438583374e-02,8.956212401390075684e-01,4.382921457290649414e-01,-7.723689079284667969e-01,-1.783352792263031006e-01,-4.041476249694824219e-01,1.388256072998046875e+00,-1.456400007009506226e-01,-1.808663159608840942e-01,-9.351362586021423340e-01,3.365607932209968567e-02,1.984349638223648071e-01,1.322466611862182617e+00,-4.017393290996551514e-01,2.773785591125488281e-01
-3.232521414756774902e-01,2.222012519836425781e+00,5.171603560447692871e-01,-5.549350753426551819e-02,5.289173126220703125e-02,9.058474898338317871e-01,4.166092872619628906e-01,-7.908175587654113770e-01,-1.547220945358276367e-01,-3.803086280822753906e-01,1.412719845771789551e+00,-1.067078206688165665e-02,-1.574698984622955322e-01,-8.371939659118652344e-01,3.081179223954677582e-02,8.659572154283523560e-02,1.240310549736022949e+00,-3.873985707759857178e-01,2.841742038726806641e-01
