1.793995976448059082e+00,-1.905776023864746094e+00,5.547708868980407715e-01,-2.511226199567317963e-02,-1.142521016299724579e-02,9.788235425949096680e-01,2.028380930423736572e-01,-5.071820020675659180e-01,2.842374145984649658e-02,-4.334065616130828857e-01,2.112105935811996460e-01,-3.850471973419189453e-02,-1.229432411491870880e-02,2.843063473701477051e-01,-2.896293252706527710e-02,-2.144138365983963013e-01,1.820797175168991089e-01,-1.761056780815124512e-01,-3.795102238655090332e-02
1.775242447853088379e+00,-1.885420203208923340e+00,5.531764626502990723e-01,-2.226177044212818146e-02,-7.284715306013822556e-03,9.842605590820312500e-01,1.751642525196075439e-01,-5.401450991630554199e-01,-3.621604293584823608e-02,-4.681086838245391846e-01,4.542698562145233154e-01,-1.858942657709121704e-01,-4.630443453788757324e-02,2.378124147653579712e-01,-2.344476245343685150e-02,-2.659126222133636475e-01,3.152095973491668701e-01,-6.921893358230590820e-02,-8.634834736585617065e-02
1.756930351257324219e+00,-1.865343332290649414e+00,5.530782341957092285e-01,-3.421537205576896667e-02,-7.446582894772291183e-03,9.809127449989318848e-01,1.912694573402404785e-01,-5.379145741462707520e-01,1.146595925092697144e-02,-4.299916923046112061e-01,4.661168158054351807e-01,-1.991464346647262573e-01,-9.456990659236907959e-02,1.909958273172378540e-01,-2.047886885702610016e-02,-2.209709882736206055e-01,4.020396471023559570e-01,9.428489208221435547e-02,-7.617726176977157593e-02
1.738217592239379883e+00,-1.845795989036560059e+00,5.556641221046447754e-01,-3.910116106271743774e-02,-6.329263560473918915e-03,9.768159389495849609e-01,2.103845179080963135e-01,-5.086970329284667969e-01,5.579676106572151184e-02,-3.851230740547180176e-01,4.612331986427307129e-01,-2.358182817697525024e-01,-1.327893733978271484e-01,1.307470649480819702e-01,-8.350859396159648895e-03,-1.214733943343162537e-01,5.075720548629760742e-01,2.045240849256515503e-01,-7.268483191728591919e-02
1.718628764152526855e+00,-1.825062632560729980e+00,5.622630715370178223e-01,-3.131385147571563721e-02,8.501775562763214111e-03,9.719648957252502441e-01,2.328763902187347412e-01,-4.523310959339141846e-01,6.615114212036132812e-02,-3.332554399967193604e-01,4.508805871009826660e-01,-2.494235634803771973e-01,-1.436385810375213623e-01,4.410950466990470886e-02,-1.876236125826835632e-02,3.389893565326929092e-03,6.344555020332336426e-01,1.540548354387283325e-01,-7.097079418599605560e-03
1.699142575263977051e+00,-1.805032253265380859e+00,5.682281851768493652e-01,-2.386461384594440460e-02,2.162300236523151398e-02,9.629998207092285156e-01,2.675710022449493408e-01,-3.961483538150787354e-01,8.235032856464385986e-02,-2.530754208564758301e-01,4.294056892395019531e-01,-2.612870335578918457e-01,-1.603363007307052612e-01,-4.238554462790489197e-02,-3.336170315742492676e-02,1.244173869490623474e-01,7.023405432701110840e-01,1.072741225361824036e-01,5.343253538012504578e-02
1.678920388221740723e+00,-1.783630967140197754e+00,5.749635100364685059e-01,-1.331575773656368256e-02,2.764990553259849548e-02,9.529839754104614258e-01,3.014626204967498779e-01,-3.028864860534667969e-01,1.040311604738235474e-01,-1.901516765356063843e-01,3.712681531906127930e-01,-2.656557261943817139e-01,-1.322905719280242920e-01,-1.187772825360298157e-01,-7.106174528598785400e-02,1.695585101842880249e-01,6.952894926071166992e-01,4.212348535656929016e-02,6.566701084375381470e-02
1.658094644546508789e+00,-1.761974096298217773e+00,5.796513557434082031e-01,-5.528128705918788910e-03,3.002146445214748383e-02,9.397462606430053711e-01,3.405071794986724854e-01,-2.126304805278778076e-01,1.248117387294769287e-01,-1.084903180599212646e-01,3.072232306003570557e-01,-2.532537579536437988e-01,-1.123143881559371948e-01,-1.925158500671386719e-01,-9.398200362920761108e-02,2.172788679599761963e-01,6.404953598976135254e-01,-2.597779594361782074e-02,5.692301318049430847e-02
1.635543346405029297e+00,-1.741184711456298828e+00,5.827778577804565430e-01,-8.973208023235201836e-04,3.283426538109779358e-02,9.256663918495178223e-01,3.769122958183288574e-01,-1.420096307992935181e-01,1.296593695878982544e-01,-2.570661343634128571e-02,2.746477723121643066e-01,-2.270764410495758057e-01,-1.367897838354110718e-01,-2.657039165496826172e-01,-9.376651048660278320e-02,2.639849483966827393e-01,5.625739097595214844e-01,-8.129353821277618408e-02,9.693722426891326904e-02
1.614159584045410156e+00,-1.721356272697448730e+00,5.838692188262939453e-01,2.528546610847115517e-03,2.813694626092910767e-02,9.131641983985900879e-01,4.066116809844970703e-01,-6.546940654516220093e-02,1.387226432561874390e-01,3.682628646492958069e-02,2.407750040292739868e-01,-2.317419946193695068e-01,-1.231746748089790344e-01,-3.364762067794799805e-01,-6.622368842363357544e-02,3.156758844852447510e-01,4.740742444992065430e-01,-1.282196044921875000e-01,1.001838594675064087e-01
1.591946125030517578e+00,-1.701843261718750000e+00,5.820495486259460449e-01,2.853270154446363449e-03,2.263103425502777100e-02,9.000561237335205078e-01,4.351765513420104980e-01,3.069292288273572922e-03,1.404021978378295898e-01,9.499129652976989746e-02,2.129418551921844482e-01,-2.376972585916519165e-01,-9.415253251791000366e-02,-4.084065258502960205e-01,-3.452755138278007507e-02,3.394996523857116699e-01,3.752811551094055176e-01,-1.442784070968627930e-01,8.243075758218765259e-02
1.569545030593872070e+00,-1.682020545005798340e+00,5.783682465553283691e-01,5.641544237732887268e-03,2.032596431672573090e-02,8.869055509567260742e-01,4.614689350128173828e-01,7.245671004056930542e-02,1.244445741176605225e-01,1.461132764816284180e-01,1.873150020837783813e-01,-2.317467182874679565e-01,-7.023355364799499512e-02,-4.721998870372772217e-01,-3.794520860537886620e-03,3.483863174915313721e-01,2.744932472705841064e-01,-1.477290093898773193e-01,7.307565212249755859e-02
1.546555876731872559e+00,-1.661441683769226074e+00,5.752568840980529785e-01,7.463888265192508698e-03,2.453450858592987061e-02,8.748905062675476074e-01,4.836412966251373291e-01,1.286746412515640259e-01,9.232330322265625000e-02,1.902151703834533691e-01,1.742987036705017090e-01,-2.397961467504501343e-01,-4.713280871510505676e-02,-5.333618521690368652e-01,1.899389736354351044e-02,3.404048383235931396e-01,1.916747242212295532e-01,-1.728784143924713135e-01,6.703685224056243896e-02
1.522851347923278809e+00,-1.640442132949829102e+00,5.713875293731689453e-01,1.104619260877370834e-02,2.479133941233158112e-02,8.652563691139221191e-01,5.005944371223449707e-01,1.880511641502380371e-01,6.386921554803848267e-02,2.205041646957397461e-01,1.707238703966140747e-01,-2.401939183473587036e-01,-2.241278067231178284e-02,-5.600126385688781738e-01,4.254694283008575439e-02,3.875741064548492432e-01,1.381023675203323364e-01,-1.963466405868530273e-01,4.959006980061531067e-02
1.498333573341369629e+00,-1.618913531303405762e+00,5.661796331405639648e-01,1.068849302828311920e-02,2.702248841524124146e-02,8.566372990608215332e-01,5.151000618934631348e-01,2.283262908458709717e-01,3.523954004049301147e-02,2.516264319419860840e-01,1.825376302003860474e-01,-2.085107564926147461e-01,4.309623967856168747e-03,-5.721806883811950684e-01,5.626583471894264221e-02,4.179998934268951416e-01,1.508376598358154297e-01,-2.159702032804489136e-01,4.342840611934661865e-02
1.471213579177856445e+00,-1.595849514007568359e+00,5.597386360168457031e-01,4.348337184637784958e-03,2.836546674370765686e-02,8.507402539253234863e-01,5.248023867607116699e-01,2.499106675386428833e-01,1.669265516102313995e-02,2.808477580547332764e-01,2.152920812368392944e-01,-1.407841742038726807e-01,3.001671098172664642e-02,-5.756664872169494629e-01,6.120188161730766296e-02,4.397380650043487549e-01,2.166196256875991821e-01,-1.932479739189147949e-01,5.470041185617446899e-02
1.442254066467285156e+00,-1.572268247604370117e+00,5.550261139869689941e-01,-3.469500690698623657e-03,4.117748513817787170e-02,8.451392650604248047e-01,5.329465270042419434e-01,2.351891994476318359e-01,-1.387615874409675598e-02,3.017686307430267334e-01,2.799236774444580078e-01,-4.784778226166963577e-03,6.729500740766525269e-02,-5.854054093360900879e-01,4.679591953754425049e-02,4.402465820312500000e-01,2.657411396503448486e-01,-1.031865328550338745e-01,9.672865271568298340e-02
1.413964509963989258e+00,-1.549277901649475098e+00,5.523450374603271484e-01,-3.310361411422491074e-03,5.848780274391174316e-02,8.495389819145202637e-01,5.242630243301391602e-01,2.224279493093490601e-01,-4.927162081003189087e-02,2.532509565353393555e-01,3.563867807388305664e-01,1.963052749633789062e-01,8.593945950269699097e-02,-5.746262073516845703e-01,1.488098641857504845e-03,4.723124206066131592e-01,3.233599662780761719e-01,-8.721658587455749512e-02,1.138891801238059998e-01
1.386439919471740723e+00,-1.526977181434631348e+00,5.548624992370605469e-01,-5.069676786661148071e-03,6.212918087840080261e-02,8.561146259307861328e-01,5.130126476287841797e-01,1.851358711719512939e-01,-7.455016672611236572e-02,1.561443954706192017e-01,4.616607129573822021e-01,3.872255682945251465e-01,5.344874039292335510e-02,-5.479045510292053223e-01,-5.211173370480537415e-02,4.140896499156951904e-01,3.421742916107177734e-01,-8.236585557460784912e-02,1.694873571395874023e-01
1.358385920524597168e+00,-1.506176471710205078e+00,5.638707280158996582e-01,-1.185659784823656082e-02,4.957810044288635254e-02,8.691413998603820801e-01,4.919295608997344971e-01,1.087356060743331909e-01,-7.323166728019714355e-02,1.907244883477687836e-02,5.798450112342834473e-01,4.118110239505767822e-01,-1.065337378531694412e-02,-4.956384301185607910e-01,-7.873478531837463379e-02,3.560392856597900391e-01,3.412203788757324219e-01,-1.215919107198715210e-01,2.018683850765228271e-01
1.330247163772583008e+00,-1.482741117477416992e+00,5.745671391487121582e-01,-1.144023705273866653e-02,2.660822309553623199e-02,8.857812285423278809e-01,4.631983339786529541e-01,3.485289216041564941e-02,-3.729435056447982788e-02,-8.519700914621353149e-02,6.536447405815124512e-01,3.111352026462554932e-01,-7.164087891578674316e-02,-4.026522338390350342e-01,-9.330950677394866943e-02,2.779309749603271484e-01,3.102166652679443359e-01,-1.282335221767425537e-01,1.996883153915405273e-01
1.303787946701049805e+00,-1.459289073944091797e+00,5.824378132820129395e-01,-1.033341325819492340e-02,1.304377894848585129e-02,9.049214124679565430e-01,4.252532124519348145e-01,-4.914440959692001343e-02,-1.007689061225391924e-04,-1.733216047286987305e-01,6.801430583000183105e-01,2.204672396183013916e-01,-8.648612350225448608e-02,-3.211895227432250977e-01,-1.143688410520553589e-01,1.945737451314926147e-01,2.799181938171386719e-01,-1.400869190692901611e-01,1.920294910669326782e-01
1.278390407562255859e+00,-1.436198592185974121e+00,5.877666473388671875e-01,-4.742686636745929718e-03,1.895698136650025845e-03,9.215860962867736816e-01,3.881404399871826172e-01,-1.312800496816635132e-01,2.479304559528827667e-02,-2.433165013790130615e-01,6.649581789970397949e-01,1.182881817221641541e-01,-9.165590256452560425e-02,-2.314527332782745361e-01,-1.263699680566787720e-01,1.254131197929382324e-01,2.471702992916107178e-01,-1.413733512163162231e-01,1.820766031742095947e-01
1.252948045730590820e+00,-1.412713766098022461e+00,5.913584828376770020e-01,1.459537656046450138e-03,-3.021689597517251968e-03,9.372141361236572266e-01,3.487382829189300537e-01,-2.019569575786590576e-01,2.300943247973918915e-03,-3.454266190528869629e-01,6.115099787712097168e-01,1.806236244738101959e-02,-1.118813008069992065e-01,-1.432107985019683838e-01,-1.342228502035140991e-01,7.660043984651565552e-02,2.139545232057571411e-01,-1.531927138566970825e-01,1.672323644161224365e-01
1.227225780487060547e+00,-1.389931559562683105e+00,5.922107100486755371e-01,9.244694374501705170e-03,-3.657611552625894547e-03,9.498108029365539551e-01,3.126669228076934814e-01,-2.714428305625915527e-01,-2.303729392588138580e-02,-4.079744219779968262e-01,5.346935987472534180e-01,-7.101484388113021851e-02,-8.384831249713897705e-02,-5.183397978544235229e-02,-1.457875967025756836e-01,1.038574799895286560e-02,1.747705936431884766e-01,-1.660888493061065674e-01,1.449221372604370117e-01
1.204589486122131348e+00,-1.365989089012145996e+00,5.897970795631408691e-01,1.673916168510913849e-02,3.107093041762709618e-03,9.622630476951599121e-01,2.715879678726196289e-01,-3.373519480228424072e-01,-6.086518988013267517e-02,-4.466760754585266113e-01,4.266112446784973145e-01,-1.015748009085655212e-01,-4.175163060426712036e-02,2.261440269649028778e-02,-1.533579826354980469e-01,-6.829742342233657837e-02,1.502188891172409058e-01,-1.851062327623367310e-01,1.249094679951667786e-01
1.181133389472961426e+00,-1.341934204101562500e+00,5.866432189941406250e-01,2.136629819869995117e-02,9.515201672911643982e-03,9.717264175415039062e-01,2.349482625722885132e-01,-4.083572328090667725e-01,-9.955675154924392700e-02,-4.304800629615783691e-01,3.198802769184112549e-01,-1.095442399382591248e-01,-2.511598402634263039e-03,9.437070786952972412e-02,-1.473022997379302979e-01,-1.318257898092269897e-01,1.259823143482208252e-01,-2.032017856836318970e-01,1.096438467502593994e-01
1.156952619552612305e+00,-1.317963004112243652e+00,5.832777023315429688e-01,2.475277148187160492e-02,1.051991805434226990e-02,9.780948758125305176e-01,2.064147293567657471e-01,-4.681737124919891357e-01,-1.314844042062759399e-01,-3.844175040721893311e-01,2.358297407627105713e-01,-1.067257449030876160e-01,1.569704152643680573e-02,1.627937257289886475e-01,-1.218144148588180542e-01,-1.773523390293121338e-01,1.115892902016639709e-01,-2.225122153759002686e-01,9.090686589479446411e-02
1.133412122726440430e+00,-1.294001936912536621e+00,5.784788727760314941e-01,2.889485098421573639e-02,1.473597995936870575e-02,9.827119112014770508e-01,1.822780519723892212e-01,-5.102159380912780762e-01,-1.663285940885543823e-01,-3.430817127227783203e-01,2.099373936653137207e-01,-7.386441528797149658e-02,3.369274735450744629e-02,2.184720486402511597e-01,-9.943787008523941040e-02,-2.221544235944747925e-01,1.155492290854454041e-01,-2.370377182960510254e-01,8.052118122577667236e-02
1.110200047492980957e+00,-1.268803477287292480e+00,5.730962753295898438e-01,2.771850116550922394e-02,2.109153382480144501e-02,9.854129552841186523e-01,1.665777713060379028e-01,-5.360624790191650391e-01,-1.975087523460388184e-01,-3.599559366703033447e-01,2.608698606491088867e-01,-5.524720624089241028e-02,4.522775486111640930e-02,2.468652427196502686e-01,-7.973163574934005737e-02,-2.643380165100097656e-01,1.451959908008575439e-01,-2.313185483217239380e-01,6.338308751583099365e-02
1.086133122444152832e+00,-1.242576718330383301e+00,5.682122111320495605e-01,2.026990428566932678e-02,2.291550859808921814e-02,9.857370853424072266e-01,1.654884666204452515e-01,-5.327957868576049805e-01,-1.961884200572967529e-01,-4.133121967315673828e-01,3.313825428485870361e-01,-3.983982279896736145e-02,1.057168189436197281e-02,2.622724473476409912e-01,-5.883432179689407349e-02,-2.867939174175262451e-01,1.889380067586898804e-01,-1.871373951435089111e-01,3.246734291315078735e-02
1.061808109283447266e+00,-1.213748216629028320e+00,5.664438009262084961e-01,5.611601751297712326e-03,1.841388270258903503e-02,9.850366115570068359e-01,1.712666451930999756e-01,-5.284213423728942871e-01,-1.523675322532653809e-01,-4.118097126483917236e-01,3.899976015090942383e-01,-5.752826482057571411e-02,-3.656250610947608948e-02,2.538836896419525146e-01,-2.450511977076530457e-02,-2.826693952083587646e-01,2.480251193046569824e-01,-1.036892756819725037e-01,1.796552911400794983e-02
1.036610603332519531e+00,-1.182548761367797852e+00,5.644969940185546875e-01,-1.351765077561140060e-02,7.650654297322034836e-03,9.835270643234252930e-01,1.800923496484756470e-01,-5.297867059707641602e-01,-8.676380664110183716e-02,-4.031111896038055420e-01,4.320035576820373535e-01,-8.948178589344024658e-02,-8.205363899469375610e-02,2.184293270111083984e-01,2.319828048348426819e-02,-2.170967310667037964e-01,3.421822190284729004e-01,4.845592752099037170e-02,-6.032384466379880905e-03
1.011892318725585938e+00,-1.152139902114868164e+00,5.633112788200378418e-01,-2.633856423199176788e-02,3.201130311936140060e-03,9.793354272842407227e-01,2.004948407411575317e-01,-5.162740349769592285e-01,-2.666179090738296509e-02,-3.875030577182769775e-01,4.699950516223907471e-01,-1.420388370752334595e-01,-1.419216096401214600e-01,1.604250222444534302e-01,5.539886653423309326e-02,-1.046838760375976562e-01,4.778495728969573975e-01,2.192524522542953491e-01,7.667964790016412735e-03
9.874047636985778809e-01,-1.123945355415344238e+00,5.679488778114318848e-01,-3.613856434822082520e-02,1.576593704521656036e-02,9.715145826339721680e-01,2.336768954992294312e-01,-5.021928548812866211e-01,9.702164679765701294e-03,-3.306419551372528076e-01,4.914639294147491455e-01,-2.123452723026275635e-01,-1.647924035787582397e-01,3.662904351949691772e-02,3.478071466088294983e-02,7.786256261169910431e-03,6.523988842964172363e-01,1.944954693317413330e-01,6.121852248907089233e-02
9.620486497879028320e-01,-1.096388697624206543e+00,5.752819776535034180e-01,-3.320654481649398804e-02,3.004208207130432129e-02,9.623873829841613770e-01,2.679651677608489990e-01,-4.339942038059234619e-01,3.537914901971817017e-02,-2.684184610843658447e-01,4.622101783752441406e-01,-2.410036772489547729e-01,-1.651786714792251587e-01,-9.528026729822158813e-02,-3.678634762763977051e-02,5.170371755957603455e-02,7.572240829467773438e-01,6.357870995998382568e-02,7.957925647497177124e-02
9.372665882110595703e-01,-1.067535996437072754e+00,5.829672217369079590e-01,-2.975631132721900940e-02,4.253828898072242737e-02,9.554649591445922852e-01,2.905025780200958252e-01,-3.497025966644287109e-01,5.162365734577178955e-02,-2.279032915830612183e-01,4.147616922855377197e-01,-2.430593669414520264e-01,-1.474762856960296631e-01,-2.075461447238922119e-01,-7.697168737649917603e-02,1.031747683882713318e-01,7.518621683120727539e-01,-3.204512596130371094e-02,1.061233282089233398e-01
9.110755920410156250e-01,-1.037569761276245117e+00,5.895613431930541992e-01,-2.073216065764427185e-02,4.491858929395675659e-02,9.473559260368347168e-01,3.163372576236724854e-01,-2.453903704881668091e-01,7.319779694080352783e-02,-2.000322490930557251e-01,3.645771741867065430e-01,-1.842491924762725830e-01,-9.839434176683425903e-02,-2.327592223882675171e-01,-1.051841974258422852e-01,1.467700004577636719e-01,6.340214610099792480e-01,-6.809635460376739502e-02,9.454557299613952637e-02
8.856448531150817871e-01,-1.010756373405456543e+00,5.941939949989318848e-01,-1.931312680244445801e-02,4.702538624405860901e-02,9.401441812515258789e-01,3.369636833667755127e-01,-2.119020372629165649e-01,7.039062678813934326e-02,-2.022923231124877930e-01,4.004286825656890869e-01,-5.162305757403373718e-02,-4.604428261518478394e-02,-2.228682786226272583e-01,-1.416413635015487671e-01,1.547724306583404541e-01,4.821212589740753174e-01,-9.818530827760696411e-02,5.342321097850799561e-02
8.595278859138488770e-01,-9.847632050514221191e-01,5.964164733886718750e-01,-2.632753364741802216e-02,3.562223911285400391e-02,9.390953779220581055e-01,3.407898843288421631e-01,-2.372583597898483276e-01,7.532331347465515137e-02,-2.330852150917053223e-01,4.799101054668426514e-01,3.641924634575843811e-02,-3.898905962705612183e-02,-1.916537582874298096e-01,-1.438821554183959961e-01,1.133297756314277649e-01,3.878144919872283936e-01,-9.252386540174484253e-02,1.515867840498685837e-02
8.339021205902099609e-01,-9.590178132057189941e-01,5.963270068168640137e-01,-3.764229267835617065e-02,2.321168407797813416e-02,9.470638036727905273e-01,3.179849982261657715e-01,-3.244475722312927246e-01,5.592561885714530945e-02,-3.132043182849884033e-01,5.207477211952209473e-01,-1.618943177163600922e-02,-5.038561671972274780e-02,-1.372205913066864014e-01,-1.134931966662406921e-01,7.944086194038391113e-02,3.622761666774749756e-01,-1.030368357896804810e-01,2.040962688624858856e-02
8.089894652366638184e-01,-9.321548938751220703e-01,5.909622907638549805e-01,-4.838787764310836792e-02,1.382806804031133652e-02,9.535121917724609375e-01,2.971227169036865234e-01,-4.414740502834320068e-01,-1.267010578885674477e-03,-4.377212226390838623e-01,5.384358167648315430e-01,-1.178232580423355103e-01,-8.418318629264831543e-02,-6.959531456232070923e-02,-9.330666810274124146e-02,-1.930371299386024475e-02,3.366609513759613037e-01,-1.602479070425033569e-01,8.582026697695255280e-03
7.845003604888916016e-01,-9.066696763038635254e-01,5.811222791671752930e-01,-5.395406112074851990e-02,1.899209246039390564e-02,9.607993364334106445e-01,2.712801992893218994e-01,-5.729999542236328125e-01,-9.059104323387145996e-02,-5.250051617622375488e-01,5.390492677688598633e-01,-1.706902235746383667e-01,-6.394837051630020142e-02,-4.828091245144605637e-03,-8.831184357404708862e-02,-9.658528864383697510e-02,3.098056912422180176e-01,-2.478303164243698120e-01,9.077187627553939819e-03
7.597379684448242188e-01,-8.783592581748962402e-01,5.703075528144836426e-01,-5.240768566727638245e-02,2.278494462370872498e-02,9.668555855751037598e-01,2.488463670015335083e-01,-6.863205432891845703e-01,-1.654810756444931030e-01,-5.717713236808776855e-01,5.403200387954711914e-01,-2.051196694374084473e-01,-2.690059319138526917e-02,7.369466125965118408e-02,-6.891427189111709595e-02,-1.577230095863342285e-01,2.858736813068389893e-01,-2.938601374626159668e-01,-1.305245980620384216e-02
7.315632104873657227e-01,-8.470362424850463867e-01,5.609244704246520996e-01,-5.609846860170364380e-02,2.464503049850463867e-02,9.725987315177917480e-01,2.242705225944519043e-01,-7.704035639762878418e-01,-2.272049486637115479e-01,-6.067623496055603027e-01,5.500259399414062500e-01,-2.030598670244216919e-01,-1.442573615349829197e-03,1.404443979263305664e-01,-3.220301494002342224e-02,-2.159284651279449463e-01,2.594553530216217041e-01,-2.878783643245697021e-01,-4.322522133588790894e-02
6.979294419288635254e-01,-8.120293021202087402e-01,5.519443750381469727e-01,-6.535636633634567261e-02,2.503323368728160858e-02,9.749258756637573242e-01,2.112378478050231934e-01,-7.978328466415405273e-01,-2.677321732044219971e-01,-6.803783774375915527e-01,5.774111151695251465e-01,-1.403438299894332886e-01,1.071098260581493378e-02,1.962991505861282349e-01,9.148973971605300903e-03,-2.416342794895172119e-01,2.485743761062622070e-01,-2.076373398303985596e-01,-8.055498450994491577e-02
6.629776358604431152e-01,-7.741689085960388184e-01,5.428290367126464844e-01,-8.258868753910064697e-02,1.877565309405326843e-02,9.731003642082214355e-01,2.142480611801147461e-01,-7.656495571136474609e-01,-2.428266555070877075e-01,-7.708371281623840332e-01,5.982401967048645020e-01,-7.258862257003784180e-02,-2.711745165288448334e-02,2.052718400955200195e-01,5.543702095746994019e-02,-2.221405506134033203e-01,3.077306449413299561e-01,-1.527747977524995804e-02,-9.609218686819076538e-02
6.294099092483520508e-01,-7.358610033988952637e-01,5.389736294746398926e-01,-1.126372292637825012e-01,4.799414891749620438e-03,9.620628356933593750e-01,2.484449446201324463e-01,-7.463138103485107422e-01,-1.455175429582595825e-01,-7.928431630134582520e-01,6.561464071273803711e-01,-2.291787117719650269e-01,-1.260297447443008423e-01,1.550145000219345093e-01,9.926972538232803345e-02,-1.382475644350051880e-01,4.357914924621582031e-01,2.098319083452224731e-01,-9.664265811443328857e-02
5.944067835807800293e-01,-6.942193508148193359e-01,5.396311879158020020e-01,-1.174355968832969666e-01,1.909342035651206970e-02,9.496690630912780762e-01,2.897810041904449463e-01,-7.356072664260864258e-01,-8.607877045869827271e-02,-6.735703945159912109e-01,7.410749793052673340e-01,-4.171046912670135498e-01,-2.129092812538146973e-01,3.644111379981040955e-02,1.158730834722518921e-01,3.846496343612670898e-02,6.849416494369506836e-01,2.185397893190383911e-01,3.582253679633140564e-02
5.592781901359558105e-01,-6.542409658432006836e-01,5.380819439888000488e-01,-9.550534188747406006e-02,4.725325852632522583e-02,9.313306212425231934e-01,3.482371568679809570e-01,-7.169357538223266602e-01,-9.351986646652221680e-02,-5.423496961593627930e-01,8.711518049240112305e-01,-4.836837351322174072e-01,-2.491611391305923462e-01,-1.487941890954971313e-01,1.119848340749740601e-01,2.241282761096954346e-01,1.040766477584838867e+00,-4.998420551419258118e-02,1.745124161243438721e-01
5.256269574165344238e-01,-6.186531782150268555e-01,5.335031747817993164e-01,-8.539237082004547119e-02,4.723332449793815613e-02,9.097968935966491699e-01,4.034189283847808838e-01,-6.675190925598144531e-01,-3.691918030381202698e-02,-4.237959384918212891e-01,9.250060915946960449e-01,-5.195944309234619141e-01,-2.539652287960052490e-01,-4.117053747177124023e-01,1.392179876565933228e-01,3.030834197998046875e-01,1.323566079139709473e+00,-2.314667552709579468e-01,2.365600466728210449e-01
4.915860593318939209e-01,-5.842216610908508301e-01,5.276895761489868164e-01,-8.585461229085922241e-02,4.171586781740188599e-02,8.841536641120910645e-01,4.573412835597991943e-01,-6.166845560073852539e-01,1.784721203148365021e-02,-3.199132084846496582e-01,9.381907582283020020e-01,-5.199999809265136719e-01,-2.412810772657394409e-01,-6.993230581283569336e-01,2.109889239072799683e-01,3.574202060699462891e-01,1.453109622001647949e+00,-3.351569175720214844e-01,2.746259272098541260e-01
4.498029947280883789e-01,-5.474874973297119141e-01,5.228582024574279785e-01,-7.776230573654174805e-02,2.857814542949199677e-02,8.468196392059326172e-01,5.253882408142089844e-01,-5.265008807182312012e-01,6.338966637849807739e-02,-1.827244460582733154e-01,9.327538013458251953e-01,-5.199999809265136719e-01,-1.897066086530685425e-01,-9.013878703117370605e-01,3.117248415946960449e-01,4.056609272956848145e-01,1.420523047447204590e+00,-3.978030383586883545e-01,2.915402352809906006e-01
4.021273851394653320e-01,-5.023813247680664062e-01,5.203588604927062988e-01,-5.933791026473045349e-02,1.530277822166681290e-02,8.041388988494873047e-01,5.912744402885437012e-01,-3.723300397396087646e-01,6.086252629756927490e-02,-2.812281996011734009e-02,8.872209787368774414e-01,-5.199999809265136719e-01,-1.083748489618301392e-01,-1.004376173019409180e+00,4.026470482349395752e-01,4.270931184291839600e-01,1.248985290527343750e+00,-3.918499648571014404e-01,2.487373799085617065e-01
3.508130013942718506e-01,-4.435730278491973877e-01,5.178496837615966797e-01,-3.732511773705482483e-02,1.790459826588630676e-02,7.716643214225769043e-01,6.346814036369323730e-01,-1.678526103496551514e-01,-2.670702338218688965e-02,1.006081253290176392e-01,7.958838343620300293e-01,-5.199999809265136719e-01,2.085621654987335205e-02,-1.037245154380798340e+00,4.448264837265014648e-01,4.403795301914215088e-01,9.964655637741088867e-01,-3.404238820075988770e-01,1.908106356859207153e-01
2.969398200511932373e-01,-3.728923201560974121e-01,5.093812942504882812e-01,-6.136168260127305984e-03,3.486922755837440491e-02,7.588684558868408203e-01,6.502808332443237305e-01,9.193079918622970581e-02,-1.740361750125885010e-01,1.873135864734649658e-01,6.801183819770812988e-01,-4.951776862144470215e-01,1.675461679697036743e-01,-1.004206299781799316e+00,4.272194802761077881e-01,4.901563525199890137e-01,7.229384779930114746e-01,-2.802666425704956055e-01,1.035670489072799683e-01
2.406999468803405762e-01,-3.093447387218475342e-01,5.032355189323425293e-01,-3.866168437525629997e-03,6.192648038268089294e-02,7.350272536277770996e-01,6.751926541328430176e-01,2.803750634193420410e-01,-3.392013013362884521e-01,2.521640956401824951e-01,4.096386730670928955e-01,-6.530329585075378418e-02,3.190737068653106689e-01,-9.820150732994079590e-01,4.587001800537109375e-01,5.974810123443603516e-01,5.246363878250122070e-01,-2.188837528228759766e-01,4.804865270853042603e-02
1.868081390857696533e-01,-2.510257363319396973e-01,5.035511255264282227e-01,-7.887532003223896027e-03,7.427369058132171631e-02,7.197760343551635742e-01,6.901765465736389160e-01,3.714725077152252197e-01,-4.526117742061614990e-01,2.587609589099884033e-01,2.948082685470581055e-01,3.376178443431854248e-01,3.411928117275238037e-01,-9.316995143890380859e-01,4.942366778850555420e-01,6.938865184783935547e-01,4.979926049709320068e-01,-2.257967740297317505e-01,7.142330706119537354e-02
1.287729591131210327e-01,-1.902478188276290894e-01,5.141215920448303223e-01,-2.343985624611377716e-02,4.457191377878189087e-02,7.376642823219299316e-01,6.732869148254394531e-01,3.753316104412078857e-01,-4.154786765575408936e-01,1.342580616474151611e-01,3.698158860206604004e-01,2.471640408039093018e-01,1.648946255445480347e-01,-8.928973078727722168e-01,4.162012040615081787e-01,5.585820674896240234e-01,5.743419528007507324e-01,-2.118220329284667969e-01,1.050903424620628357e-01
7.319941371679306030e-02,-1.313568502664566040e-01,5.238495469093322754e-01,-2.369982004165649414e-02,-2.473693341016769409e-03,7.845545411109924316e-01,6.196017861366271973e-01,3.282766938209533691e-01,-2.948687970638275146e-01,-6.476750224828720093e-02,6.167903542518615723e-01,-6.666264031082391739e-03,-6.064406037330627441e-02,-8.745303153991699219e-01,3.044559359550476074e-01,3.664407432079315186e-01,6.825951337814331055e-01,-1.575957685708999634e-01,1.332371532917022705e-01
2.119373157620429993e-02,-7.783419638872146606e-02,5.303746461868286133e-01,-1.700828969478607178e-02,-2.268367819488048553e-02,8.292037844657897949e-01,5.582268834114074707e-01,1.460097879171371460e-01,-1.576807200908660889e-01,-1.874673217535018921e-01,8.420246243476867676e-01,-2.449700236320495605e-01,-1.867808997631072998e-01,-7.957875728607177734e-01,1.623356640338897705e-01,2.686975598335266113e-01,7.283786535263061523e-01,-1.353263705968856812e-01,1.514743268489837646e-01
-2.447981387376785278e-02,-3.005649335682392120e-02,5.338603258132934570e-01,-5.209685768932104111e-03,-2.608328685164451599e-02,8.701043128967285156e-01,4.921494126319885254e-01,-1.551399976015090942e-01,-3.504215553402900696e-02,-2.604033350944519043e-01,9.580617547035217285e-01,-3.103735446929931641e-01,-2.148951143026351929e-01,-7.173476815223693848e-01,4.015676677227020264e-02,2.198694348335266113e-01,7.797760367393493652e-01,-1.619099378585815430e-01,2.265256047248840332e-01
-6.813034415245056152e-02,1.294068433344364166e-02,5.401454567909240723e-01,1.349401101469993591e-02,-4.212728887796401978e-02,9.170414805412292480e-01,3.963308334350585938e-01,-4.887813031673431396e-01,1.620364002883434296e-02,-3.111452460289001465e-01,9.918504953384399414e-01,-2.857130169868469238e-01,-1.514548063278198242e-01,-6.057773828506469727e-01,-6.924933195114135742e-02,1.282502561807632446e-01,8.138345479965209961e-01,-2.245135307312011719e-01,2.173863947391510010e-01
-1.113130673766136169e-01,5.811690166592597961e-02,5.576462745666503906e-01,1.740207336843013763e-02,-8.789017796516418457e-02,9.530119895935058594e-01,2.893798053264617920e-01,-7.784669995307922363e-01,-9.710546582937240601e-02,-4.250247478485107422e-01,1.081842780113220215e+00,-3.294819891452789307e-01,-1.535293459892272949e-01,-4.790641069412231445e-01,-8.047557622194290161e-02,-6.001526117324829102e-02,8.367328047752380371e-01,-2.651300430297851562e-01,1.188063845038414001e-01
-1.609555780887603760e-01,1.079858690500259399e-01,5.924773812294006348e-01,1.825789175927639008e-02,-1.463693678379058838e-01,9.669163823127746582e-01,2.081235051155090332e-01,-9.723813533782958984e-01,-2.383728325366973877e-01,-4.814198613166809082e-01,1.216594934463500977e+00,-3.679403662681579590e-01,-1.336483061313629150e-01,-2.690137028694152832e-01,4.169044271111488342e-02,-2.300996333360671997e-01,7.236469388008117676e-01,-2.683584094047546387e-01,-3.604558762162923813e-03
-2.181525975465774536e-01,1.557646542787551880e-01,6.384916305541992188e-01,3.189828246831893921e-02,-2.245258390903472900e-01,9.613918662071228027e-01,1.558728963136672974e-01,-1.000794887542724609e+00,-3.269021809101104736e-01,-5.748614072799682617e-01,1.357814431190490723e+00,-3.926863670349121094e-01,-3.784191561862826347e-03,5.443724244832992554e-02,2.972817122936248779e-01,-3.129550814628601074e-01,4.225181043148040771e-01,-9.382610023021697998e-02,-1.450903415679931641e-01
-2.699055671691894531e-01,2.036202400922775269e-01,6.827561259269714355e-01,1.137574948370456696e-02,-2.965909540653228760e-01,9.501195549964904785e-01,9.579809755086898804e-02,-1.015157938003540039e+00,-4.929014444351196289e-01,-7.062010765075683594e-01,1.593563675880432129e+00,-4.483333528041839600e-01,-4.930068925023078918e-02,2.041307538747787476e-01,5.787734985351562500e-01,-2.890242636203765869e-01,1.980854123830795288e-01,3.583918511867523193e-01,-3.529663681983947754e-01
-3.191592991352081299e-01,2.497396916151046753e-01,7.339915037155151367e-01,1.687049306929111481e-02,-3.097130954265594482e-01,9.495220184326171875e-01,4.691575467586517334e-02,-1.028015613555908203e+00,-7.100323438644409180e-01,-6.995664238929748535e-01,1.815655469894409180e+00,-4.941106140613555908e-01,-1.103623211383819580e-01,2.324005365371704102e-01,6.710190773010253906e-01,-1.778857856988906860e-01,2.499075680971145630e-01,5.192937850952148438e-01,-4.568493962287902832e-01
-3.623359203338623047e-01,2.960554659366607666e-01,7.864006161689758301e-01,2.959514036774635315e-02,-3.070546090602874756e-01,9.507581591606140137e-01,3.000921569764614105e-02,-1.024777173995971680e+00,-8.355137109756469727e-01,-6.978873610496520996e-01,1.888751626014709473e+00,-5.178084373474121094e-01,-1.096245273947715759e-01,2.816736996173858643e-01,6.891353130340576172e-01,-1.305391043424606323e-01,3.947859704494476318e-01,5.199999809265136719e-01,-4.192794859409332275e-01
-4.043509066104888916e-01,3.425026237964630127e-01,8.425235748291015625e-01,4.591353237628936768e-02,-2.960939705371856689e-01,9.531928300857543945e-01,4.054242372512817383e-02,-1.026057004928588867e+00,-8.299390077590942383e-01,-6.920176744461059570e-01,1.858916997909545898e+00,-5.182248950004577637e-01,-1.096774712204933167e-01,3.387285470962524414e-01,6.025422215461730957e-01,-1.541121155023574829e-01,5.394725203514099121e-01,5.199999809265136719e-01,-3.891847431659698486e-01
-4.455808103084564209e-01,3.883990645408630371e-01,8.996993899345397949e-01,6.517093628644943237e-02,-2.653699517250061035e-01,9.607350826263427734e-01,4.816248267889022827e-02,-1.038929581642150879e+00,-8.075149059295654297e-01,-6.415575742721557617e-01,1.811239957809448242e+00,-5.181675553321838379e-01,-1.342425048351287842e-01,2.823868989944458008e-01,4.846640825271606445e-01,-1.237656921148300171e-01,7.502806782722473145e-01,5.166054368019104004e-01,-3.138206899166107178e-01
-4.852280616760253906e-01,4.376290142536163330e-01,9.478045105934143066e-01,8.481492102146148682e-02,-2.380524724721908569e-01,9.654485583305358887e-01,6.361217796802520752e-02,-1.037747979164123535e+00,-7.314273118972778320e-01,-6.012102961540222168e-01,1.744789600372314453e+00,-5.061666369438171387e-01,-1.580875068902969360e-01,1.442389041185379028e-01,4.141011536121368408e-01,-4.777773469686508179e-02,1.076210856437683105e+00,4.310589134693145752e-01,-2.144307941198348999e-01
-5.232040286064147949e-01,4.865170717239379883e-01,9.815923571586608887e-01,9.798724949359893799e-02,-2.201428562402725220e-01,9.675442576408386230e-01,7.611684501171112061e-02,-1.039999961853027344e+00,-6.370111107826232910e-01,-5.582043528556823730e-01,1.660501360893249512e+00,-4.480251371860504150e-01,-1.555531173944473267e-01,-5.630656331777572632e-02,3.591917455196380615e-01,-1.237415522336959839e-02,1.437420248985290527e+00,2.620716691017150879e-01,-1.352831125259399414e-01
-5.606035590171813965e-01,5.368904471397399902e-01,1.003345131874084473e+00,1.031178906559944153e-01,-2.054108083248138428e-01,9.694722890853881836e-01,8.542013168334960938e-02,-1.039999961853027344e+00,-5.673330426216125488e-01,-5.321753621101379395e-01,1.586230754852294922e+00,-3.891177773475646973e-01,-1.816626042127609253e-01,-2.741450369358062744e-01,3.438865244388580322e-01,4.065164178609848022e-02,1.728446006774902344e+00,1.186191141605377197e-01,-5.778283253312110901e-02
-5.999159812927246094e-01,5.886268615722656250e-01,1.016738533973693848e+00,1.107101738452911377e-01,-1.861609518527984619e-01,9.706571698188781738e-01,1.044606491923332214e-01,-1.039999961853027344e+00,-4.950223267078399658e-01,-5.006398558616638184e-01,1.526928305625915527e+00,-3.670980036258697510e-01,-1.995936185121536255e-01,-4.372342824935913086e-01,3.204894363880157471e-01,1.351659595966339111e-01,1.876864910125732422e+00,4.118724539875984192e-02,-8.407391607761383057e-03
-6.438140273094177246e-01,6.389325857162475586e-01,1.021431446075439453e+00,1.119432598352432251e-01,-1.663571745157241821e-01,9.724758863449096680e-01,1.186788901686668396e-01,-1.039999842643737793e+00,-4.395340979099273682e-01,-4.541446566581726074e-01,1.490895748138427734e+00,-3.350295126438140869e-01,-2.146725505590438843e-01,-5.788145065307617188e-01,2.640874087810516357e-01,2.321440279483795166e-01,1.895677804946899414e+00,2.254162356257438660e-02,1.566493883728981018e-02
-6.911992430686950684e-01,6.898769736289978027e-01,1.015496492385864258e+00,1.006031930446624756e-01,-1.586130857467651367e-01,9.727519750595092773e-01,1.359209865331649780e-01,-1.026260018348693848e+00,-3.836560845375061035e-01,-4.532708823680877686e-01,1.450034737586975098e+00,-3.123362064361572266e-01,-2.137440443038940430e-01,-7.229425311088562012e-01,2.409857660531997681e-01,2.847631573677062988e-01,1.859743595123291016e+00,1.034054672345519066e-03,2.927101403474807739e-02
-7.438496947288513184e-01,7.393214702606201172e-01,1.003871083259582520e+00,8.602911978960037231e-02,-1.490556299686431885e-01,9.730358719825744629e-01,1.535663902759552002e-01,-1.009624242782592773e+00,-3.381863832473754883e-01,-4.468145966529846191e-01,1.402514219284057617e+00,-3.106305301189422607e-01,-2.043457478284835815e-01,-8.027129173278808594e-01,2.312243133783340454e-01,3.314019441604614258e-01,1.734434604644775391e+00,-3.128666896373033524e-03,5.566182360053062439e-02
-7.970167994499206543e-01,7.877761721611022949e-01,9.853317737579345703e-01,7.692828029394149780e-02,-1.467932760715484619e-01,9.725827574729919434e-01,1.631459146738052368e-01,-9.554354548454284668e-01,-2.900971472263336182e-01,-4.519360959529876709e-01,1.315491795539855957e+00,-3.117018043994903564e-01,-1.811819374561309814e-01,-8.095070123672485352e-01,2.185409814119338989e-01,3.704660236835479736e-01,1.530732870101928711e+00,3.992924839258193970e-02,5.711234360933303833e-02
-8.513878583908081055e-01,8.367471098899841309e-01,9.569487571716308594e-01,7.426992058753967285e-02,-1.547049582004547119e-01,9.697151780128479004e-01,1.737896800041198730e-01,-8.800084590911865234e-01,-2.167350649833679199e-01,-4.534598588943481445e-01,1.193836927413940430e+00,-2.981737256050109863e-01,-1.470918357372283936e-01,-7.724052667617797852e-01,1.761482208967208862e-01,3.545283973217010498e-01,1.269856572151184082e+00,1.272393167018890381e-01,-1.452800072729587555e-02
-9.065687656402587891e-01,8.874574303627014160e-01,9.183252453804016113e-01,7.515443861484527588e-02,-1.683467924594879150e-01,9.646859765052795410e-01,1.881279498338699341e-01,-7.956689596176147461e-01,-1.441142559051513672e-01,-4.671720862388610840e-01,1.054123401641845703e+00,-2.869438827037811279e-01,-1.267159879207611084e-01,-7.126793861389160156e-01,1.480377912521362305e-01,2.948852777481079102e-01,9.924755692481994629e-01,2.233848869800567627e-01,-1.055995970964431763e-01
-9.614256620407104492e-01,9.394063949584960938e-01,8.720188736915588379e-01,7.884714007377624512e-02,-1.832472532987594604e-01,9.609084725379943848e-01,1.919856220483779907e-01,-7.033602595329284668e-01,-7.341390103101730347e-02,-4.660031795501708984e-01,8.895142078399658203e-01,-2.818053960800170898e-01,-1.065766513347625732e-01,-6.391496658325195312e-01,1.600128710269927979e-01,2.414115369319915771e-01,7.179249525070190430e-01,2.647982835769653320e-01,-1.477692872285842896e-01
-1.015991449356079102e+00,9.907342195510864258e-01,8.192715644836425781e-01,8.481492102146148682e-02,-1.923054903745651245e-01,9.611765146255493164e-01,1.787869334220886230e-01,-6.035563349723815918e-01,-4.002149775624275208e-02,-4.678068161010742188e-01,7.215223312377929688e-01,-3.051317334175109863e-01,-6.438905745744705200e-02,-5.770812034606933594e-01,1.980414241552352905e-01,2.490307986736297607e-01,4.977422058582305908e-01,2.132664620876312256e-01,-1.296335607767105103e-01
-1.070131421089172363e+00,1.042068839073181152e+00,7.586370110511779785e-01,9.967710822820663452e-02,-1.914668530225753784e-01,9.643276929855346680e-01,1.532220393419265747e-01,-4.998251497745513916e-01,-2.640132419764995575e-02,-4.512378275394439697e-01,5.547590255737304688e-01,-3.134154081344604492e-01,-3.457715793047100306e-04,-5.233092308044433594e-01,1.951328665018081665e-01,2.279375642538070679e-01,3.757200539112091064e-01,1.674077212810516357e-01,-1.342808008193969727e-01
-1.119995832443237305e+00,1.093511223793029785e+00,6.920756697654724121e-01,1.071644574403762817e-01,-1.858837008476257324e-01,9.689703583717346191e-01,1.227170601487159729e-01,-4.349330365657806396e-01,-8.299583569169044495e-03,-4.145264923572540283e-01,4.220107495784759521e-01,-3.313184380531311035e-01,5.163936689496040344e-02,-5.033350586891174316e-01,1.763452291488647461e-01,1.938828378915786743e-01,3.795993328094482422e-01,1.405218690633773804e-01,-1.443777978420257568e-01
-1.165191054344177246e+00,1.145184636116027832e+00,6.176608204841613770e-01,1.078274697065353394e-01,-1.740006059408187866e-01,9.723553061485290527e-01,1.123487129807472229e-01,-4.389492273330688477e-01,-5.051030777394771576e-03,-3.999610245227813721e-01,4.185731112957000732e-01,-3.201550245285034180e-01,4.755439609289169312e-02,-5.013806819915771484e-01,1.287092119455337524e-01,1.014487668871879578e-01,4.350701868534088135e-01,1.553906500339508057e-01,-1.745404154062271118e-01
-1.201624393463134766e+00,1.190924525260925293e+00,5.442939400672912598e-01,8.277263492345809937e-02,-1.202387809753417969e-01,9.874788522720336914e-01,5.980657786130905151e-02,-4.984963536262512207e-01,-1.128967627882957458e-01,-3.698513507843017578e-01,4.483862817287445068e-01,-2.610163986682891846e-01,5.770721659064292908e-02,-6.166042685508728027e-01,-3.789137676358222961e-02,3.516854345798492432e-02,5.815440416336059570e-01,-9.792336076498031616e-02,7.705395668745040894e-02
-1.221345067024230957e+00,1.229647278785705566e+00,4.920313358306884766e-01,5.479124188423156738e-02,-6.066933646798133850e-02,9.950410127639770508e-01,5.666210129857063293e-02,-8.301332592964172363e-01,-1.965980380773544312e-01,-1.780232191085815430e-01,8.594224452972412109e-01,-2.312334924936294556e-01,-1.185132190585136414e-01,-9.596419334411621094e-01,-3.675688803195953369e-02,1.651931703090667725e-01,1.053775191307067871e+00,-9.588100016117095947e-02,6.429107487201690674e-02
-1.236305713653564453e+00,1.258351206779479980e+00,4.622460603713989258e-01,1.064822375774383545e-01,-6.746152788400650024e-02,9.907019138336181641e-01,5.118746683001518250e-02,-8.681099414825439453e-01,-2.131084352731704712e-01,-2.109140157699584961e-01,1.087321758270263672e+00,-1.762557327747344971e-01,-7.701466232538223267e-02,-1.005934953689575195e+00,5.912363901734352112e-02,1.723266988992691040e-01,1.365817546844482422e+00,-2.300683706998825073e-01,1.228052452206611633e-01
-1.255760192871093750e+00,1.288977622985839844e+00,4.355111122131347656e-01,1.132778897881507874e-01,-4.498221352696418762e-02,9.902176260948181152e-01,6.792459636926651001e-02,-9.783888459205627441e-01,-2.246912866830825806e-01,-1.878061294555664062e-01,1.369747400283813477e+00,-3.738992810249328613e-01,-8.325601369142532349e-02,-1.039999961853027344e+00,1.048148348927497864e-01,1.650296896696090698e-01,1.583568215370178223e+00,-4.825862944126129150e-01,1.815376728773117065e-01
-1.279706597328186035e+00,1.316054821014404297e+00,4.185560345649719238e-01,1.428295522928237915e-01,-4.238447174429893494e-02,9.867551326751708984e-01,6.416827440261840820e-02,-9.587133526802062988e-01,-2.400840818881988525e-01,-2.202322781085968018e-01,1.562490344047546387e+00,-4.937732815742492676e-01,-1.172121986746788025e-01,-1.039999961853027344e+00,1.416553258895874023e-01,1.119434386491775513e-01,1.754348278045654297e+00,-4.953737258911132812e-01,1.963677853345870972e-01
-1.295435786247253418e+00,1.338790774345397949e+00,4.095547199249267578e-01,1.449778676033020020e-01,-3.193870931863784790e-02,9.862975478172302246e-01,7.196161150932312012e-02,-9.789867997169494629e-01,-2.366400957107543945e-01,-2.407652288675308228e-01,1.651617050170898438e+00,-5.199999809265136719e-01,-1.496144235134124756e-01,-1.039999961853027344e+00,1.840481460094451904e-01,7.910250872373580933e-02,1.831128597259521484e+00,-5.199999809265136719e-01,2.160167843103408813e-01
-1.308520793914794922e+00,1.359567284584045410e+00,4.089972078800201416e-01,1.269344985485076904e-01,-1.150028873234987259e-02,9.883610010147094727e-01,8.305336534976959229e-02,-1.021298408508300781e+00,-2.337161451578140259e-01,-2.500874102115631104e-01,1.695017695426940918e+00,-5.199999809265136719e-01,-1.656903922557830811e-01,-1.039999961853027344e+00,2.144262939691543579e-01,6.695380061864852905e-02,1.831888198852539062e+00,-5.199999809265136719e-01,2.279991507530212402e-01
-1.322373032569885254e+00,1.378585219383239746e+00,4.152570962905883789e-01,1.047824397683143616e-01,3.630721243098378181e-03,9.907979369163513184e-01,8.559750020503997803e-02,-1.033508658409118652e+00,-2.253139764070510864e-01,-2.643708884716033936e-01,1.698980569839477539e+00,-5.199999809265136719e-01,-1.880902796983718872e-01,-1.039999961853027344e+00,2.212513387203216553e-01,4.466721042990684509e-02,1.816577434539794922e+00,-5.199999809265136719e-01,2.423038035631179810e-01
-1.337888598442077637e+00,1.396013379096984863e+00,4.279952347278594971e-01,6.838598102331161499e-02,1.515764743089675903e-02,9.938448667526245117e-01,8.582539856433868408e-02,-1.039100050926208496e+00,-1.993982493877410889e-01,-2.785545587539672852e-01,1.661095976829528809e+00,-5.199999809265136719e-01,-1.863325238227844238e-01,-1.039999485015869141e+00,2.267467975616455078e-01,3.079045936465263367e-02,1.774773359298706055e+00,-5.199999809265136719e-01,2.466973513364791870e-01
-1.358835697174072266e+00,1.413387417793273926e+00,4.468989372253417969e-01,1.662174053490161896e-02,2.337183617055416107e-02,9.950847029685974121e-01,9.478320181369781494e-02,-1.039999961853027344e+00,-1.424690335988998413e-01,-2.856663167476654053e-01,1.576623201370239258e+00,-5.199999809265136719e-01,-1.646347492933273315e-01,-1.037728190422058105e+00,2.453366965055465698e-01,3.079705685377120972e-02,1.727103948593139648e+00,-5.199999809265136719e-01,2.275454550981521606e-01
-1.384405612945556641e+00,1.432412147521972656e+00,4.680478274822235107e-01,-1.429501734673976898e-02,3.867419064044952393e-02,9.931433796882629395e-01,1.093901991844177246e-01,-9.954330325126647949e-01,-7.087805122137069702e-02,-2.473305761814117432e-01,1.497215986251831055e+00,-5.199999809265136719e-01,-1.224506795406341553e-01,-9.824869036674499512e-01,2.822631597518920898e-01,7.492700219154357910e-02,1.669068932533264160e+00,-4.100164473056793213e-01,2.283941209316253662e-01
-1.407415151596069336e+00,1.451995849609375000e+00,4.917260706424713135e-01,-2.513716742396354675e-02,5.436928197741508484e-02,9.910064935684204102e-01,1.196589469909667969e-01,-8.972163200378417969e-01,-2.148394286632537842e-02,-2.047811150550842285e-01,1.390726923942565918e+00,-5.199999809265136719e-01,-1.060781255364418030e-01,-9.415094852447509766e-01,2.940896749496459961e-01,1.388374418020248413e-01,1.615396142005920410e+00,-2.782166004180908203e-01,2.590342760086059570e-01
-1.429746270179748535e+00,1.466957926750183105e+00,5.173003673553466797e-01,-3.615196049213409424e-02,7.377175986766815186e-02,9.863974452018737793e-01,1.423756182193756104e-01,-8.042970299720764160e-01,2.204034104943275452e-02,-1.314321458339691162e-01,1.265377283096313477e+00,-5.199999809265136719e-01,-7.559789717197418213e-02,-9.077755808830261230e-01,2.107659876346588135e-01,2.319221347570419312e-01,1.517921447753906250e+00,-2.465468049049377441e-01,2.243264168500900269e-01
-1.457901716232299805e+00,1.487280130386352539e+00,5.454519391059875488e-01,-3.105792962014675140e-02,7.398336380720138550e-02,9.837264418601989746e-01,1.607610285282135010e-01,-6.112169027328491211e-01,6.800531595945358276e-02,-9.641773998737335205e-02,1.068827986717224121e+00,-5.139451622962951660e-01,-6.482555717229843140e-02,-8.449045419692993164e-01,1.125124245882034302e-01,2.951003909111022949e-01,1.359706640243530273e+00,-2.444997578859329224e-01,1.491925865411758423e-01
-1.483316659927368164e+00,1.505872607231140137e+00,5.697784423828125000e-01,-2.411570772528648376e-02,7.573543488979339600e-02,9.794609546661376953e-01,1.853073239326477051e-01,-4.361788630485534668e-01,1.013572439551353455e-01,-3.818839043378829956e-02,8.588218688964843750e-01,-4.627026617527008057e-01,-5.359219759702682495e-02,-7.847686409950256348e-01,5.351626500487327576e-02,3.834449052810668945e-01,1.169522523880004883e+00,-2.325611114501953125e-01,1.432756632566452026e-01
-1.507954120635986328e+00,1.523775458335876465e+00,5.879490375518798828e-01,-2.301061898469924927e-02,7.129584252834320068e-02,9.731177091598510742e-01,2.177827805280685425e-01,-2.817966639995574951e-01,1.377276033163070679e-01,4.291167110204696655e-02,6.626604199409484863e-01,-4.033736884593963623e-01,-3.614337742328643799e-02,-7.371338009834289551e-01,1.084098313003778458e-02,4.544414877891540527e-01,9.710055589675903320e-01,-1.532079428434371948e-01,1.514944136142730713e-01
-1.532325625419616699e+00,1.540936708450317383e+00,6.041421890258789062e-01,-1.961266249418258667e-02,7.766266912221908569e-02,9.604125022888183594e-01,2.668176293373107910e-01,-1.494156122207641602e-01,1.303111761808395386e-01,1.540088504552841187e-01,4.919759333133697510e-01,-3.113816082477569580e-01,2.378289029002189636e-02,-7.286536097526550293e-01,-6.708864122629165649e-02,4.966583847999572754e-01,7.589786648750305176e-01,-2.075449079275131226e-01,6.700786203145980835e-02
-1.556329965591430664e+00,1.558964610099792480e+00,6.132439374923706055e-01,-1.572514511644840240e-02,7.635528594255447388e-02,9.441436529159545898e-01,3.201802074909210205e-01,-4.345766454935073853e-02,1.152784749865531921e-01,2.417715489864349365e-01,3.754203617572784424e-01,-2.191248983144760132e-01,6.817120313644409180e-02,-7.148491740226745605e-01,-9.364179521799087524e-02,5.326424837112426758e-01,5.739678144454956055e-01,-2.162796705961227417e-01,1.550434716045856476e-02
-1.581317067146301270e+00,1.576824307441711426e+00,6.182372570037841797e-01,-1.108395028859376907e-02,7.675550132989883423e-02,9.240637421607971191e-01,3.742885887622833252e-01,4.011644795536994934e-02,8.432783931493759155e-02,3.326563239097595215e-01,2.998749911785125732e-01,-1.333788335323333740e-01,1.102677434682846069e-01,-7.080271244049072266e-01,-1.083524897694587708e-01,5.414173007011413574e-01,4.029938876628875732e-01,-2.397230416536331177e-01,1.402297336608171463e-02
-1.605142235755920410e+00,1.594981074333190918e+00,6.201577782630920410e-01,-1.136408187448978424e-02,6.551598012447357178e-02,9.054488539695739746e-01,4.192146360874176025e-01,1.043079048395156860e-01,7.366429269313812256e-02,4.107004404067993164e-01,2.578798234462738037e-01,-9.720369428396224976e-02,7.246579974889755249e-02,-7.000647783279418945e-01,-8.470231294631958008e-02,5.510216951370239258e-01,2.700441777706146240e-01,-2.528589963912963867e-01,-1.329909916967153549e-02
-1.627442955970764160e+00,1.612863898277282715e+00,6.129405498504638672e-01,-8.632099255919456482e-03,6.829340010881423950e-02,8.901753425598144531e-01,4.503880143165588379e-01,1.581179201602935791e-01,3.951862081885337830e-02,4.442147910594940186e-01,2.226165533065795898e-01,-9.126051329076290131e-03,1.349727809429168701e-01,-6.970248222351074219e-01,-8.247947692871093750e-02,6.245571374893188477e-01,1.857094913721084595e-01,-2.712155282497406006e-01,-4.379808902740478516e-02
-1.649799704551696777e+00,1.631864070892333984e+00,6.035882234573364258e-01,-1.546224579215049744e-02,6.850732117891311646e-02,8.736348152160644531e-01,4.814870953559875488e-01,1.980371624231338501e-01,1.365426834672689438e-02,4.898459911346435547e-01,1.941760480403900146e-01,3.718042373657226562e-02,1.510188579559326172e-01,-7.126300930976867676e-01,-6.331451982259750366e-02,6.618724465370178223e-01,1.750506013631820679e-01,-2.985701262950897217e-01,-4.876114055514335632e-02
-1.671314358711242676e+00,1.653697609901428223e+00,5.913404226303100586e-01,-1.896619983017444611e-02,7.373216003179550171e-02,8.558956384658813477e-01,5.115139484405517578e-01,2.285595089197158813e-01,-1.915451884269714355e-02,5.560340285301208496e-01,1.971120238304138184e-01,7.009195536375045776e-02,1.893505454063415527e-01,-7.196985483169555664e-01,-5.456066131591796875e-02,6.443448662757873535e-01,2.176994085311889648e-01,-3.110197782516479492e-01,-2.804189734160900116e-02
-1.693738818168640137e+00,1.677707314491271973e+00,5.782900452613830566e-01,-2.073761075735092163e-02,8.379700034856796265e-02,8.404366970062255859e-01,5.349898338317871094e-01,2.602756917476654053e-01,-5.948344245553016663e-02,6.281763911247253418e-01,2.053558081388473511e-01,1.339355707168579102e-01,2.186956405639648438e-01,-7.114834785461425781e-01,-6.260684877634048462e-02,6.159116625785827637e-01,2.918228209018707275e-01,-3.254645168781280518e-01,2.773823961615562439e-02
-1.718711018562316895e+00,1.703378915786743164e+00,5.659130811691284180e-01,-2.782812900841236115e-02,1.005150601267814636e-01,8.358012437820434570e-01,5.390349030494689941e-01,2.819096148014068604e-01,-9.803757816553115845e-02,6.226730942726135254e-01,2.240016609430313110e-01,2.170990854501724243e-01,2.915470898151397705e-01,-7.131495475769042969e-01,-6.975928694009780884e-02,6.675629615783691406e-01,3.522328734397888184e-01,-3.196520805358886719e-01,1.116319075226783752e-01
-1.742870092391967773e+00,1.730546116828918457e+00,5.573493242263793945e-01,-3.182679787278175354e-02,1.142312362790107727e-01,8.408015966415405273e-01,5.281959176063537598e-01,3.096752166748046875e-01,-1.012327671051025391e-01,6.018622517585754395e-01,2.705505788326263428e-01,3.621176481246948242e-01,3.374887704849243164e-01,-7.356108427047729492e-01,-1.016724109649658203e-01,6.433822512626647949e-01,4.379208981990814209e-01,-2.790231108665466309e-01,1.513444781303405762e-01
-1.767468333244323730e+00,1.757476210594177246e+00,5.544003844261169434e-01,-3.370002657175064087e-02,1.143892854452133179e-01,8.542077541351318359e-01,5.060716867446899414e-01,3.157515823841094971e-01,-6.472153961658477783e-02,5.033779740333557129e-01,3.721610903739929199e-01,4.976009130477905273e-01,3.262725174427032471e-01,-7.224693298339843750e-01,-1.250295788049697876e-01,6.127218008041381836e-01,5.056812763214111328e-01,-2.670694887638092041e-01,1.662213206291198730e-01
-1.795703053474426270e+00,1.782752990722656250e+00,5.620588660240173340e-01,-4.062844812870025635e-02,9.711451828479766846e-02,8.655589818954467773e-01,4.896179437637329102e-01,2.341765165328979492e-01,-7.203544676303863525e-02,2.482005953788757324e-01,5.220244526863098145e-01,5.145151615142822266e-01,2.202832549810409546e-01,-6.601250767707824707e-01,-1.392456591129302979e-01,5.566169619560241699e-01,5.133702754974365234e-01,-2.831611037254333496e-01,1.852028369903564453e-01
-1.824455499649047852e+00,1.807466864585876465e+00,5.769397616386413574e-01,-4.538738355040550232e-02,6.012497097253799438e-02,8.793057203292846680e-01,4.702621102333068848e-01,1.437122970819473267e-01,-5.562117695808410645e-02,5.495434999465942383e-02,6.188138127326965332e-01,4.788373708724975586e-01,3.892428800463676453e-02,-5.588568449020385742e-01,-1.273354738950729370e-01,4.732937812805175781e-01,5.015744566917419434e-01,-3.061624467372894287e-01,1.785961240530014038e-01
-1.853558897972106934e+00,1.831905722618103027e+00,5.899437069892883301e-01,-4.388939216732978821e-02,2.733906172215938568e-02,9.002004265785217285e-01,4.323950111865997314e-01,2.755752205848693848e-02,-8.670258335769176483e-03,-6.334313005208969116e-02,7.410002350807189941e-01,3.256239593029022217e-01,-9.691730141639709473e-02,-4.467987418174743652e-01,-1.305733919143676758e-01,3.698286712169647217e-01,4.659077525138854980e-01,-3.121809661388397217e-01,1.536833196878433228e-01
-1.879601478576660156e+00,1.854911327362060547e+00,6.020097732543945312e-01,-3.924127295613288879e-02,3.250174457207322121e-03,9.173630475997924805e-01,3.960992395877838135e-01,-1.059105992317199707e-01,1.581838354468345642e-02,-1.794269979000091553e-01,8.175368309020996094e-01,1.748804003000259399e-01,-1.579649299383163452e-01,-3.338334262371063232e-01,-1.348433196544647217e-01,2.651903331279754639e-01,4.141047596931457520e-01,-3.071020245552062988e-01,1.315019428730010986e-01
-1.905753612518310547e+00,1.877470493316650391e+00,6.107419133186340332e-01,-2.959635294973850250e-02,-7.967263460159301758e-03,9.340684413909912109e-01,3.557762503623962402e-01,-2.083201110363006592e-01,3.430325537919998169e-02,-2.522518038749694824e-01,7.910524010658264160e-01,6.733234226703643799e-02,-9.200199693441390991e-02,-2.168435603380203247e-01,-1.508123576641082764e-01,1.716287583112716675e-01,3.446668386459350586e-01,-2.823505103588104248e-01,1.016929745674133301e-01
-1.930579900741577148e+00,1.901105165481567383e+00,6.180747151374816895e-01,-2.521424554288387299e-02,-1.565356180071830750e-02,9.512236118316650391e-01,3.070713579654693604e-01,-3.151007890701293945e-01,4.422028362751007080e-02,-3.196824789047241211e-01,7.287792563438415527e-01,-5.732942745089530945e-02,-3.591141477227210999e-02,-1.233770996332168579e-01,-1.509397923946380615e-01,6.261859834194183350e-02,2.909476161003112793e-01,-2.598144412040710449e-01,7.363250851631164551e-02
-1.955200314521789551e+00,1.924045443534851074e+00,6.203415989875793457e-01,-1.364489272236824036e-02,-1.327567547559738159e-02,9.648502469062805176e-01,2.621098458766937256e-01,-3.927800953388214111e-01,7.144856266677379608e-03,-3.746762275695800781e-01,6.175380945205688477e-01,-8.515675365924835205e-02,9.233637712895870209e-03,-2.747712656855583191e-02,-1.578625142574310303e-01,-2.896620891988277435e-02,2.477306574583053589e-01,-2.215289324522018433e-01,6.291458755731582642e-02
-1.979911804199218750e+00,1.948076248168945312e+00,6.202608942985534668e-01,-4.418825265020132065e-03,-7.893171161413192749e-03,9.762758016586303711e-01,2.163416147232055664e-01,-4.502732157707214355e-01,-5.005404353141784668e-02,-4.387141764163970947e-01,4.691850244998931885e-01,-9.598323702812194824e-02,3.053987585008144379e-02,5.814594402909278870e-02,-1.501944959163665771e-01,-1.087949573993682861e-01,2.063960731029510498e-01,-2.151968032121658325e-01,3.184561803936958313e-02
-2.005240201950073242e+00,1.972995042800903320e+00,6.166196465492248535e-01,6.160877645015716553e-03,-7.320125587284564972e-03,9.844982028007507324e-01,1.751335710287094116e-01,-4.916735887527465820e-01,-1.047495007514953613e-01,-5.144739151000976562e-01,3.216183781623840332e-01,-1.165931671857833862e-01,7.463084161281585693e-02,1.485202908515930176e-01,-1.340181827545166016e-01,-2.452112138271331787e-01,1.877509355545043945e-01,-1.742057204246520996e-01,-7.062741089612245560e-03
-2.030794143676757812e+00,1.996796727180480957e+00,6.122336387634277344e-01,1.016050297766923904e-02,-1.631106249988079071e-02,9.904150366783142090e-01,1.367799639701843262e-01,-5.359877943992614746e-01,-1.310137510299682617e-01,-5.536615252494812012e-01,1.983399540185928345e-01,-1.672825664281845093e-01,1.332523971796035767e-01,2.264048904180526733e-01,-7.163365185260772705e-02,-3.207922875881195068e-01,1.493372917175292969e-01,-1.420205235481262207e-01,-6.770186871290206909e-02
-2.056852817535400391e+00,2.020472526550292969e+00,6.069747805595397949e-01,8.972289040684700012e-03,-2.077392302453517914e-02,9.941929578781127930e-01,1.052061393857002258e-01,-5.801945328712463379e-01,-1.576169580221176147e-01,-5.309792160987854004e-01,1.497160792350769043e-01,-1.999485939741134644e-01,1.604471504688262939e-01,2.711866199970245361e-01,-1.460702531039714813e-02,-3.905833065509796143e-01,1.400906592607498169e-01,-1.398295164108276367e-01,-8.910677582025527954e-02
-2.082695007324218750e+00,2.045305013656616211e+00,5.962952971458435059e-01,9.804517962038516998e-03,-1.260894443839788437e-02,9.965571165084838867e-01,8.135581016540527344e-02,-6.068508625030517578e-01,-1.983727067708969116e-01,-5.060771107673645020e-01,2.025530487298965454e-01,-2.031865566968917847e-01,1.534001529216766357e-01,3.006435632705688477e-01,1.846132613718509674e-02,-4.052440226078033447e-01,1.618513166904449463e-01,-1.380226165056228638e-01,-1.151715442538261414e-01
-2.111754417419433594e+00,2.071021080017089844e+00,5.833820104598999023e-01,1.161497551947832108e-02,1.567495404742658138e-03,9.977700114250183105e-01,6.570883840322494507e-02,-5.980463027954101562e-01,-2.311615347862243652e-01,-5.036939978599548340e-01,2.887568175792694092e-01,-1.505535840988159180e-01,1.145639047026634216e-01,3.251730799674987793e-01,3.220111876726150513e-02,-4.171434044837951660e-01,2.054926604032516479e-01,-1.151850223541259766e-01,-1.181320473551750183e-01
-2.139286279678344727e+00,2.098049402236938477e+00,5.744643211364746094e-01,2.467767801135778427e-03,5.951247643679380417e-03,9.978490471839904785e-01,6.523616611957550049e-02,-5.933369994163513184e-01,-2.299599498510360718e-01,-5.339428782463073730e-01,3.585554957389831543e-01,-9.875614196062088013e-02,6.782906502485275269e-02,3.207158148288726807e-01,4.796741157770156860e-02,-4.188681244850158691e-01,2.773002982139587402e-01,-3.960533812642097473e-02,-1.249008029699325562e-01
-2.167554616928100586e+00,2.125704526901245117e+00,5.698370337486267090e-01,-5.129977129399776459e-03,-3.104838309809565544e-03,9.971230626106262207e-01,7.556200772523880005e-02,-5.809157490730285645e-01,-1.665649116039276123e-01,-5.190474390983581543e-01,3.944827914237976074e-01,-6.785652041435241699e-02,5.736811552196741104e-03,3.126409351825714111e-01,7.906901836395263672e-02,-3.574168980121612549e-01,3.735258579254150391e-01,1.301472187042236328e-01,-1.557461470365524292e-01
-2.193864345550537109e+00,2.151592969894409180e+00,5.708971619606018066e-01,-4.201089497655630112e-03,-5.273392889648675919e-03,9.954063892364501953e-01,9.550222009420394897e-02,-5.478488802909851074e-01,-1.067598089575767517e-01,-4.893622398376464844e-01,4.153147339820861816e-01,-4.434303566813468933e-02,-6.003592163324356079e-02,2.870675027370452881e-01,8.272769302129745483e-02,-2.739255130290985107e-01,5.010260343551635742e-01,3.180973231792449951e-01,-1.618967652320861816e-01
-2.217186450958251953e+00,2.175901889801025391e+00,5.747928023338317871e-01,9.450951591134071350e-03,2.057871408760547638e-02,9.926776885986328125e-01,1.186517924070358276e-01,-4.790388941764831543e-01,-1.120516881346702576e-01,-4.714392125606536865e-01,4.067749977111816406e-01,3.417624905705451965e-02,-4.421858862042427063e-02,2.230344265699386597e-01,4.201583564281463623e-02,-1.418997496366500854e-01,6.452628374099731445e-01,3.939033746719360352e-01,-1.106838285923004150e-01
-2.242129325866699219e+00,2.200174331665039062e+00,5.820929408073425293e-01,2.746237814426422119e-02,4.543384909629821777e-02,9.877212047576904297e-01,1.469299644231796265e-01,-4.088738858699798584e-01,-9.958158433437347412e-02,-3.962438404560089111e-01,3.895940482616424561e-01,8.232893049716949463e-02,-3.547077998518943787e-02,1.409870535135269165e-01,-1.499118097126483917e-02,-2.702460624277591705e-02,7.684858441352844238e-01,3.653533756732940674e-01,-5.376549437642097473e-02
-2.265558242797851562e+00,2.221143722534179688e+00,5.912024378776550293e-01,3.556493297219276428e-02,6.197325140237808228e-02,9.801795482635498047e-01,1.847767829895019531e-01,-3.580572307109832764e-01,-8.064491301774978638e-02,-3.219165205955505371e-01,3.737354278564453125e-01,8.153244107961654663e-02,-3.279864415526390076e-02,1.937008649110794067e-02,-8.402168750762939453e-02,6.289385259151458740e-02,8.557684421539306641e-01,2.789734005928039551e-01,-1.343113835901021957e-02
-2.289832115173339844e+00,2.242246866226196289e+00,5.995221138000488281e-01,4.783716052770614624e-02,6.982405483722686768e-02,9.700527191162109375e-01,2.276706248521804810e-01,-2.818923294544219971e-01,-5.540514364838600159e-02,-2.507069408893585205e-01,3.434928357601165771e-01,7.838676869869232178e-02,-3.247377648949623108e-02,-8.242576569318771362e-02,-1.489643603563308716e-01,1.350072175264358521e-01,8.706604242324829102e-01,1.682515442371368408e-01,3.212713822722434998e-02
-2.314845561981201172e+00,2.262937068939208984e+00,6.043396592140197754e-01,5.641310289502143860e-02,6.389811635017395020e-02,9.588112831115722656e-01,2.709530889987945557e-01,-2.016963511705398560e-01,-1.030072011053562164e-02,-1.784431636333465576e-01,3.080981671810150146e-01,8.292277157306671143e-02,-3.220084309577941895e-02,-1.660922020673751831e-01,-1.748476326465606689e-01,1.920312196016311646e-01,8.060896396636962891e-01,1.322685182094573975e-01,5.362820625305175781e-02
-2.339907407760620117e+00,2.282938241958618164e+00,6.064073443412780762e-01,6.496045738458633423e-02,5.506303161382675171e-02,9.438040256500244141e-01,3.193465173244476318e-01,-1.230431869626045227e-01,2.507765218615531921e-02,-1.123751178383827209e-01,2.792526781558990479e-01,8.399379998445510864e-02,-1.431493088603019714e-02,-2.240240871906280518e-01,-1.700759083032608032e-01,2.671517133712768555e-01,6.933875679969787598e-01,5.712027475237846375e-02,5.618825927376747131e-02
-2.365217685699462891e+00,2.303238630294799805e+00,6.056333184242248535e-01,6.885785609483718872e-02,3.857958316802978516e-02,9.288924336433410645e-01,3.618411719799041748e-01,-4.791018739342689514e-02,7.394372671842575073e-02,-2.441593259572982788e-02,2.546503543853759766e-01,6.511396914720535278e-02,-1.030931808054447174e-02,-2.643836140632629395e-01,-1.135263815522193909e-01,3.513151109218597412e-01,5.593891739845275879e-01,2.269855700433254242e-03,4.324964061379432678e-02
-2.390630722045898438e+00,2.322545528411865234e+00,6.015812754631042480e-01,6.025199964642524719e-02,1.315357815474271774e-02,9.135940074920654297e-01,4.019237458705902100e-01,9.796173311769962311e-03,1.239321231842041016e-01,4.757340252399444580e-02,2.594920396804809570e-01,3.044615127146244049e-02,-5.654337629675865173e-02,-2.969514131546020508e-01,-2.168839424848556519e-02,3.852730393409729004e-01,4.448027014732360840e-01,1.381980776786804199e-01,1.468140631914138794e-01
-2.415700197219848633e+00,2.341547489166259766e+00,5.924476981163024902e-01,5.029072612524032593e-02,-1.237970683723688126e-02,9.007778763771057129e-01,4.311806559562683105e-01,5.944541841745376587e-02,1.670413464307785034e-01,9.160032868385314941e-02,2.730689942836761475e-01,-7.540203630924224854e-03,-6.318691372871398926e-02,-3.129442334175109863e-01,6.288561969995498657e-02,4.404995143413543701e-01,3.316910564899444580e-01,2.530188262462615967e-01,1.192170754075050354e-01
-2.439779758453369141e+00,2.360177516937255859e+00,5.894625186920166016e-01,4.292546957731246948e-02,-1.082575134932994843e-02,8.871698379516601562e-01,4.593145251274108887e-01,9.838526695966720581e-02,1.618122309446334839e-01,1.743292063474655151e-01,2.642567455768585205e-01,-3.884497657418251038e-02,-4.712327197194099426e-02,-3.112455606460571289e-01,5.811146274209022522e-02,3.758326172828674316e-01,2.734212577342987061e-01,1.078043505549430847e-01,3.659427538514137268e-02
-2.465646743774414062e+00,2.379438638687133789e+00,5.817590951919555664e-01,3.266471251845359802e-02,-2.034255862236022949e-02,8.824374079704284668e-01,4.688532948493957520e-01,1.421144604682922363e-01,1.687808185815811157e-01,1.946336179971694946e-01,2.726339101791381836e-01,-7.372773438692092896e-02,-5.443506315350532532e-02,-3.361413180828094482e-01,9.049350023269653320e-02,5.087826848030090332e-01,2.621335089206695557e-01,7.805825024843215942e-02,1.725184917449951172e-02
