2.116769790649414062e+00,-2.162679910659790039e+00,5.859722495079040527e-01,5.599060561507940292e-03,-7.325488142669200897e-03,9.490359425544738770e-01,3.150329887866973877e-01,-1.772525310516357422e-01,7.625822722911834717e-02,-1.465622782707214355e-01,2.469243407249450684e-01,-1.044575348496437073e-01,-4.348053410649299622e-02,-1.533116120845079422e-02,-9.736257046461105347e-02,7.362812757492065430e-02,9.706199914216995239e-02,-2.039860486984252930e-01,1.286747306585311890e-01
2.115516662597656250e+00,-2.165641069412231445e+00,5.814785361289978027e-01,8.361964486539363861e-03,7.266198750585317612e-03,9.544939398765563965e-01,2.980245351791381836e-01,-1.920886486768722534e-01,4.288274422287940979e-02,-1.863822489976882935e-01,3.690429627895355225e-01,-1.366978138685226440e-01,2.125672996044158936e-03,-5.285995453596115112e-02,-1.339811086654663086e-01,5.733541026711463928e-02,1.538663208484649658e-01,-2.371038943529129028e-01,9.283123910427093506e-02
2.115520000457763672e+00,-2.167710065841674805e+00,5.816109180450439453e-01,6.144352722913026810e-03,4.071178846061229706e-03,9.543204307556152344e-01,2.986940443515777588e-01,-1.544013023376464844e-01,6.692648679018020630e-02,-1.313042640686035156e-01,3.071011602878570557e-01,-1.839726418256759644e-01,-4.970004037022590637e-02,-5.635101720690727234e-02,-1.293857842683792114e-01,5.511472374200820923e-02,1.520591974258422852e-01,-2.362917810678482056e-01,9.725581854581832886e-02
2.115298748016357422e+00,-2.169925689697265625e+00,5.805119872093200684e-01,7.455829996615648270e-03,4.665139131247997284e-03,9.513328075408935547e-01,3.080398738384246826e-01,-1.184289306402206421e-01,6.924192607402801514e-02,-1.628915369510650635e-01,2.332159280776977539e-01,-2.071021348237991333e-01,-2.109685353934764862e-02,-5.076878517866134644e-02,-1.348782330751419067e-01,7.178829610347747803e-02,1.466753333806991577e-01,-2.313367873430252075e-01,1.008232608437538147e-01
2.114989042282104492e+00,-2.173211336135864258e+00,5.810787081718444824e-01,-2.517998218536376953e-03,6.333252880722284317e-03,9.470046162605285645e-01,3.211475610733032227e-01,-1.262259036302566528e-01,7.414082437753677368e-02,-1.337773054838180542e-01,1.978738754987716675e-01,-1.956378966569900513e-01,-8.781076222658157349e-02,-7.190379500389099121e-02,-1.345434933900833130e-01,8.434642106294631958e-02,1.455453932285308838e-01,-2.121251076459884644e-01,1.397791355848312378e-01
2.114658832550048828e+00,-2.175185441970825195e+00,5.813083052635192871e-01,-4.036744590848684311e-03,5.008007399737834930e-03,9.442377090454101562e-01,3.292016983032226562e-01,-1.139432638883590698e-01,7.952047884464263916e-02,-1.116185784339904785e-01,1.570526659488677979e-01,-1.799762994050979614e-01,-9.143354743719100952e-02,-7.282472401857376099e-02,-1.340019851922988892e-01,9.818914532661437988e-02,1.446354985237121582e-01,-2.141889035701751709e-01,1.339613795280456543e-01
2.114924669265747070e+00,-2.175529956817626953e+00,5.816093087196350098e-01,-1.924413256347179413e-03,3.806911874562501907e-03,9.398280978202819824e-01,3.416210412979125977e-01,-9.535259753465652466e-02,8.185902237892150879e-02,-9.010774642229080200e-02,1.194797232747077942e-01,-1.542291939258575439e-01,-7.263991236686706543e-02,-6.032042577862739563e-02,-1.358348280191421509e-01,1.092231571674346924e-01,1.347535252571105957e-01,-2.182951718568801880e-01,1.250665485858917236e-01
2.114330291748046875e+00,-2.177502393722534180e+00,5.814154744148254395e-01,-2.682908205315470695e-03,2.695369301363825798e-03,9.377930760383605957e-01,3.471738100051879883e-01,-8.809729665517807007e-02,8.317188173532485962e-02,-7.365791499614715576e-02,9.421598911285400391e-02,-1.392842680215835571e-01,-6.045090034604072571e-02,-5.782695114612579346e-02,-1.363468021154403687e-01,1.220670118927955627e-01,1.299547702074050903e-01,-2.199705243110656738e-01,1.246402189135551453e-01
2.113895893096923828e+00,-2.179782629013061523e+00,5.810359120368957520e-01,-2.765777520835399628e-03,3.027518512681126595e-03,9.361142516136169434e-01,3.516722023487091064e-01,-1.006018146872520447e-01,7.846764475107192993e-02,-6.813153624534606934e-02,1.115685552358627319e-01,-1.438962817192077637e-01,-6.615284085273742676e-02,-5.724545195698738098e-02,-1.396753489971160889e-01,1.301296949386596680e-01,1.288099586963653564e-01,-2.245607078075408936e-01,1.316738873720169067e-01
2.112892866134643555e+00,-2.182173252105712891e+00,5.812897086143493652e-01,-2.617877209559082985e-03,2.521540271118283272e-03,9.358347654342651367e-01,3.524202704429626465e-01,-1.102635785937309265e-01,7.643645256757736206e-02,-6.061525270342826843e-02,1.242434978485107422e-01,-1.475806981325149536e-01,-7.010899484157562256e-02,-5.674739554524421692e-02,-1.435993015766143799e-01,1.286484003067016602e-01,1.276110857725143433e-01,-2.269697487354278564e-01,1.383990496397018433e-01
2.111278772354125977e+00,-2.184112548828125000e+00,5.815606713294982910e-01,-2.892389427870512009e-03,1.386987394653260708e-03,9.370015263557434082e-01,3.493105769157409668e-01,-1.104624494910240173e-01,7.253609597682952881e-02,-6.906008720397949219e-02,1.288643181324005127e-01,-1.500855088233947754e-01,-6.828492879867553711e-02,-5.800555273890495300e-02,-1.451560556888580322e-01,1.266570836305618286e-01,1.307769864797592163e-01,-2.283854633569717407e-01,1.404264718294143677e-01
2.109291553497314453e+00,-2.186017036437988281e+00,5.814015269279479980e-01,-4.933970049023628235e-03,6.020481814630329609e-04,9.388863444328308105e-01,3.441914618015289307e-01,-1.165433824062347412e-01,6.949587911367416382e-02,-7.865887135267257690e-02,1.386916190385818481e-01,-1.552834212779998779e-01,-6.679634004831314087e-02,-6.520687043666839600e-02,-1.475659757852554321e-01,1.185052990913391113e-01,1.352017372846603394e-01,-2.300511151552200317e-01,1.417123079299926758e-01
2.106676340103149414e+00,-2.188469648361206055e+00,5.809535980224609375e-01,-8.639815263450145721e-03,4.570494347717612982e-04,9.415685534477233887e-01,3.367102742195129395e-01,-1.328462213277816772e-01,6.473114341497421265e-02,-8.782959729433059692e-02,1.620078831911087036e-01,-1.670272648334503174e-01,-7.169356942176818848e-02,-7.822676002979278564e-02,-1.506498456001281738e-01,1.050596758723258972e-01,1.439058929681777954e-01,-2.338317483663558960e-01,1.438913345336914062e-01
2.104569435119628906e+00,-2.189776897430419922e+00,5.806032419204711914e-01,-9.796377271413803101e-03,7.698991103097796440e-04,9.431996345520019531e-01,3.320811688899993896e-01,-1.480301022529602051e-01,5.707966908812522888e-02,-1.017517074942588806e-01,1.951521188020706177e-01,-1.778373420238494873e-01,-7.340893149375915527e-02,-8.340281248092651367e-02,-1.549003124237060547e-01,9.586386382579803467e-02,1.500161588191986084e-01,-2.438228875398635864e-01,1.451483666896820068e-01
2.101806640625000000e+00,-2.189990758895874023e+00,5.805028676986694336e-01,-7.838878780603408813e-03,8.837727946229279041e-04,9.450665712356567383e-01,3.267827928066253662e-01,-1.599899828433990479e-01,4.714939370751380920e-02,-1.185200735926628113e-01,2.366670221090316772e-01,-1.896295547485351562e-01,-7.876573503017425537e-02,-7.779799401760101318e-02,-1.598117798566818237e-01,8.292280137538909912e-02,1.547313034534454346e-01,-2.562919259071350098e-01,1.495680063962936401e-01
2.100048542022705078e+00,-2.189455270767211914e+00,5.801939964294433594e-01,-4.381052218377590179e-03,1.556887524202466011e-03,9.454925656318664551e-01,3.256104588508605957e-01,-1.854413449764251709e-01,3.587381169199943542e-02,-1.358744204044342041e-01,3.033246994018554688e-01,-1.853689998388290405e-01,-8.671320229768753052e-02,-7.035221904516220093e-02,-1.640136092901229858e-01,8.014774322509765625e-02,1.616442948579788208e-01,-2.667185962200164795e-01,1.537112295627593994e-01
2.096251964569091797e+00,-2.189092159271240234e+00,5.798926353454589844e-01,-2.438558964058756828e-03,2.392933005467057228e-03,9.473893046379089355e-01,3.200654387474060059e-01,-2.106528431177139282e-01,1.931473053991794586e-02,-1.720476299524307251e-01,3.703991770744323730e-01,-1.796728372573852539e-01,-8.272209018468856812e-02,-6.517203897237777710e-02,-1.710589528083801270e-01,6.863423436880111694e-02,1.700098961591720581e-01,-2.838142514228820801e-01,1.606748551130294800e-01
2.091740846633911133e+00,-2.188408613204956055e+00,5.806984305381774902e-01,-9.296712232753634453e-04,-6.344178109429776669e-04,9.504128098487854004e-01,3.109891414642333984e-01,-2.341887503862380981e-01,1.421422511339187622e-02,-2.040980458259582520e-01,4.255800247192382812e-01,-1.816524267196655273e-01,-9.307701885700225830e-02,-5.707599595189094543e-02,-1.690104156732559204e-01,5.217205733060836792e-02,1.807717382907867432e-01,-3.018530607223510742e-01,1.619745790958404541e-01
2.086417913436889648e+00,-2.185664176940917969e+00,5.812410712242126465e-01,2.077589742839336395e-03,-5.449663382023572922e-03,9.545004963874816895e-01,2.981522381305694580e-01,-2.519647479057312012e-01,1.620965451002120972e-02,-2.390833050012588501e-01,4.573162496089935303e-01,-1.809092164039611816e-01,-8.757643401622772217e-02,-4.285325855016708374e-02,-1.633805632591247559e-01,2.875560894608497620e-02,1.864938884973526001e-01,-3.037069737911224365e-01,1.549033224582672119e-01
2.080231666564941406e+00,-2.183615684509277344e+00,5.814556479454040527e-01,1.406395342200994492e-03,-8.080118335783481598e-03,9.570231437683105469e-01,2.898955941200256348e-01,-2.906229794025421143e-01,1.375074405223131180e-02,-2.557419836521148682e-01,4.740612208843231201e-01,-1.808784902095794678e-01,-9.676346182823181152e-02,-3.507681563496589661e-02,-1.616929769515991211e-01,1.262644492089748383e-02,1.881025433540344238e-01,-2.975095808506011963e-01,1.510824412107467651e-01
2.073309659957885742e+00,-2.180195093154907227e+00,5.811485052108764648e-01,4.150934517383575439e-03,-1.025733537971973419e-02,9.619084000587463379e-01,2.731478810310363770e-01,-3.167789876461029053e-01,4.891344811767339706e-03,-2.896052002906799316e-01,4.684146940708160400e-01,-1.739421486854553223e-01,-8.379772305488586426e-02,-1.744094304740428925e-02,-1.622089892625808716e-01,-2.080484479665756226e-02,1.857565492391586304e-01,-2.947260141372680664e-01,1.435955017805099487e-01
2.066389799118041992e+00,-2.178060054779052734e+00,5.802704095840454102e-01,4.205356817692518234e-03,-8.992351591587066650e-03,9.656003713607788086e-01,2.598411142826080322e-01,-3.672263026237487793e-01,-1.065694727003574371e-02,-3.006832301616668701e-01,4.668700397014617920e-01,-1.669775843620300293e-01,-7.116435468196868896e-02,-7.589205168187618256e-03,-1.684232354164123535e-01,-4.754918813705444336e-02,1.830849498510360718e-01,-2.959475219249725342e-01,1.469406336545944214e-01
2.058613300323486328e+00,-2.172671794891357422e+00,5.793696045875549316e-01,4.034451674669981003e-03,-8.725842460989952087e-03,9.679514169692993164e-01,2.509534955024719238e-01,-4.135707020759582520e-01,-2.211668528616428375e-02,-3.190559446811676025e-01,4.474220573902130127e-01,-1.798470318317413330e-01,-6.831587851047515869e-02,1.358075719326734543e-02,-1.673471033573150635e-01,-6.243016570806503296e-02,1.730636358261108398e-01,-2.995123863220214844e-01,1.395895481109619141e-01
2.050042867660522461e+00,-2.166078329086303711e+00,5.783745646476745605e-01,9.947452694177627563e-03,-1.229760982096195221e-02,9.722626209259033203e-01,2.333563268184661865e-01,-4.344141185283660889e-01,-3.169818222522735596e-02,-3.445415198802947998e-01,4.165956676006317139e-01,-1.731248944997787476e-01,-5.531674996018409729e-02,4.561917856335639954e-02,-1.605965644121170044e-01,-1.110453531146049500e-01,1.708790957927703857e-01,-2.855395972728729248e-01,1.333777457475662231e-01
2.041643142700195312e+00,-2.161732196807861328e+00,5.762951374053955078e-01,7.675152737647294998e-03,-2.915866672992706299e-03,9.722397923469543457e-01,2.338425219058990479e-01,-5.031537413597106934e-01,-5.462712794542312622e-02,-3.268050849437713623e-01,3.966263234615325928e-01,-1.618695706129074097e-01,-6.754646450281143188e-02,5.774077028036117554e-02,-1.788327395915985107e-01,-1.163309440016746521e-01,1.646170467138290405e-01,-2.999867498874664307e-01,1.428270488977432251e-01
2.033948421478271484e+00,-2.151539325714111328e+00,5.746487975120544434e-01,1.360807567834854126e-02,-2.698509022593498230e-03,9.746610522270202637e-01,2.232564091682434082e-01,-5.263319015502929688e-01,-6.441660970449447632e-02,-3.566714525222778320e-01,3.703900277614593506e-01,-1.558825820684432983e-01,-4.208120703697204590e-02,9.356278926134109497e-02,-1.692738085985183716e-01,-1.395272612571716309e-01,1.591222435235977173e-01,-3.085164725780487061e-01,1.274065375328063965e-01
2.022612333297729492e+00,-2.138803005218505859e+00,5.745268464088439941e-01,2.472263388335704803e-02,-1.120517309755086899e-02,9.795899391174316406e-01,1.991652846336364746e-01,-5.072830319404602051e-01,-7.472012192010879517e-02,-4.292972683906555176e-01,3.511590361595153809e-01,-1.798626333475112915e-01,-1.257287152111530304e-02,1.490560770034790039e-01,-1.369428336620330811e-01,-1.796528548002243042e-01,1.512940376996994019e-01,-3.178825378417968750e-01,1.020518541336059570e-01
2.011240959167480469e+00,-2.129023551940917969e+00,5.726140141487121582e-01,2.824261412024497986e-02,-1.232494972646236420e-02,9.812601804733276367e-01,1.902076750993728638e-01,-5.183284282684326172e-01,-8.553866297006607056e-02,-4.636331200599670410e-01,3.360153734683990479e-01,-2.033998221158981323e-01,-5.961362272500991821e-03,1.827818602323532104e-01,-1.247649714350700378e-01,-1.977208852767944336e-01,1.507442742586135864e-01,-3.220300376415252686e-01,9.449626505374908447e-02
1.999114394187927246e+00,-2.117727279663085938e+00,5.704858303070068359e-01,2.976293303072452545e-02,-1.171760540455579758e-02,9.829415082931518555e-01,1.811155378818511963e-01,-5.276584029197692871e-01,-9.257294237613677979e-02,-4.750525057315826416e-01,3.304254114627838135e-01,-2.201897948980331421e-01,-4.592602606862783432e-03,2.106915414333343506e-01,-1.114775240421295166e-01,-2.185316979885101318e-01,1.544712930917739868e-01,-3.242920339107513428e-01,9.092738479375839233e-02
1.985400676727294922e+00,-2.106324195861816406e+00,5.675538778305053711e-01,2.794260159134864807e-02,-1.114604156464338303e-02,9.848741292953491211e-01,1.706397384405136108e-01,-5.324752330780029297e-01,-9.884823858737945557e-02,-4.914835393428802490e-01,3.361249566078186035e-01,-2.330371290445327759e-01,-4.200550611130893230e-04,2.289543449878692627e-01,-9.803912043571472168e-02,-2.470596581697463989e-01,1.634496450424194336e-01,-3.247899115085601807e-01,8.180888742208480835e-02
1.970686793327331543e+00,-2.092617034912109375e+00,5.647326707839965820e-01,2.992225438356399536e-02,-1.187990326434373856e-02,9.878867268562316895e-01,1.518004685640335083e-01,-5.017762184143066406e-01,-9.508727490901947021e-02,-5.209639668464660645e-01,3.352362215518951416e-01,-2.565613687038421631e-01,9.106528759002685547e-02,2.477097660303115845e-01,-7.957916706800460815e-02,-2.888777852058410645e-01,1.873609721660614014e-01,-3.294972777366638184e-01,1.514314766973257065e-02
1.955173492431640625e+00,-2.077998876571655273e+00,5.607365369796752930e-01,2.593452669680118561e-02,-6.593417841941118240e-03,9.891676902770996094e-01,1.443303525447845459e-01,-4.919707775115966797e-01,-9.146226942539215088e-02,-5.092408061027526855e-01,3.528893291950225830e-01,-2.345018535852432251e-01,8.741873502731323242e-02,2.616537213325500488e-01,-7.074906677007675171e-02,-3.091650307178497314e-01,1.979043632745742798e-01,-3.053855597972869873e-01,-2.040105126798152924e-02
1.939773321151733398e+00,-2.061690568923950195e+00,5.581014752388000488e-01,2.032149024307727814e-02,-3.642180934548377991e-03,9.893696308135986328e-01,1.439495086669921875e-01,-4.816593825817108154e-01,-9.342906624078750610e-02,-5.411137938499450684e-01,3.822207748889923096e-01,-1.986428201198577881e-01,6.848698109388351440e-02,2.647542655467987061e-01,-5.976913869380950928e-02,-3.105485141277313232e-01,2.342240065336227417e-01,-2.702707350254058838e-01,-4.372307658195495605e-02
1.922870039939880371e+00,-2.044141769409179688e+00,5.569538474082946777e-01,1.473586726933717728e-02,-7.580230012536048889e-03,9.892441630363464355e-01,1.453319489955902100e-01,-4.658857583999633789e-01,-6.616690009832382202e-02,-5.422975420951843262e-01,4.002106487751007080e-01,-1.749304234981536865e-01,5.508724227547645569e-02,2.618786990642547607e-01,-3.988308459520339966e-02,-3.144921362400054932e-01,2.831412255764007568e-01,-1.958433687686920166e-01,-7.706797868013381958e-02
1.908114194869995117e+00,-2.032069683074951172e+00,5.535433888435363770e-01,-1.077220402657985687e-02,1.667152158915996552e-03,9.843127131462097168e-01,1.760955005884170532e-01,-5.335898995399475098e-01,-4.160603508353233337e-02,-4.587377011775970459e-01,4.335659742355346680e-01,-1.738475561141967773e-01,-4.467144608497619629e-02,2.046134620904922485e-01,-6.859440356492996216e-02,-2.580721378326416016e-01,3.469070196151733398e-01,-7.659297436475753784e-02,-9.508661925792694092e-02
1.891152262687683105e+00,-2.014077186584472656e+00,5.545260310173034668e-01,-1.324522495269775391e-02,-3.425291506573557854e-03,9.815142154693603516e-01,1.908996403217315674e-01,-4.982423484325408936e-01,5.086706485599279404e-03,-4.404563009738922119e-01,4.283052086830139160e-01,-1.858914345502853394e-01,-9.719055891036987305e-02,1.810056269168853760e-01,-6.542010605335235596e-02,-2.512888908386230469e-01,4.256966412067413330e-01,7.665205001831054688e-02,-9.947687387466430664e-02
1.875330090522766113e+00,-1.996657490730285645e+00,5.562066435813903809e-01,-1.814282312989234924e-02,-6.332545075565576553e-03,9.793180823326110840e-01,2.014121860265731812e-01,-4.680143296718597412e-01,4.635725915431976318e-02,-4.209190607070922852e-01,4.249005913734436035e-01,-2.107314020395278931e-01,-1.187742576003074646e-01,1.254806220531463623e-01,-4.664340242743492126e-02,-1.902377456426620483e-01,5.214444994926452637e-01,2.270499467849731445e-01,-1.191506311297416687e-01
1.859032511711120605e+00,-1.978783369064331055e+00,5.624172091484069824e-01,-1.133388094604015350e-02,7.468850351870059967e-03,9.750030636787414551e-01,2.217764407396316528e-01,-4.227267503738403320e-01,5.894622206687927246e-02,-3.572966456413269043e-01,4.208106100559234619e-01,-2.420620620250701904e-01,-1.456672102212905884e-01,4.418184608221054077e-02,-3.692071512341499329e-02,-4.902718588709831238e-02,6.444050669670104980e-01,1.966205537319183350e-01,-5.512508749961853027e-02
1.842898607254028320e+00,-1.960325717926025391e+00,5.692186951637268066e-01,2.637023339048027992e-03,2.266729809343814850e-02,9.686978459358215332e-01,2.471917271614074707e-01,-3.598971962928771973e-01,6.114963442087173462e-02,-2.958113551139831543e-01,4.094882011413574219e-01,-2.692329585552215576e-01,-1.473156064748764038e-01,-3.156004101037979126e-02,-2.470206096768379211e-02,9.285285323858261108e-02,7.322947382926940918e-01,1.269384473562240601e-01,3.741362318396568298e-02
1.825610041618347168e+00,-1.942218780517578125e+00,5.739782452583312988e-01,8.302829228341579437e-03,2.916015312075614929e-02,9.607538580894470215e-01,2.757404744625091553e-01,-2.998492717742919922e-01,8.038910478353500366e-02,-2.390236854553222656e-01,3.787744939327239990e-01,-2.724843919277191162e-01,-1.428988724946975708e-01,-1.070133969187736511e-01,-3.578376024961471558e-02,1.695749759674072266e-01,7.463341355323791504e-01,8.267573267221450806e-02,7.512112706899642944e-02
1.808634042739868164e+00,-1.922892212867736816e+00,5.786381959915161133e-01,1.753801107406616211e-02,3.209653124213218689e-02,9.503981471061706543e-01,3.088779151439666748e-01,-2.171115577220916748e-01,1.068123579025268555e-01,-1.616924256086349487e-01,3.198550939559936523e-01,-2.672840952873229980e-01,-1.320586204528808594e-01,-1.763898134231567383e-01,-6.497693806886672974e-02,1.992125064134597778e-01,7.128865718841552734e-01,7.642977405339479446e-03,7.375133037567138672e-02
1.790590882301330566e+00,-1.904908537864685059e+00,5.805689692497253418e-01,2.253405004739761353e-02,2.742183953523635864e-02,9.381599426269531250e-01,3.443779349327087402e-01,-1.426101177930831909e-01,1.347965449094772339e-01,-8.726492524147033691e-02,2.773728966712951660e-01,-2.692366242408752441e-01,-1.192300543189048767e-01,-2.287495434284210205e-01,-7.477752864360809326e-02,2.328555583953857422e-01,6.242675185203552246e-01,-3.177502751350402832e-02,5.052483454346656799e-02
1.772721767425537109e+00,-1.886825561523437500e+00,5.807465314865112305e-01,2.789963968098163605e-02,2.099912986159324646e-02,9.250102639198303223e-01,3.783341050148010254e-01,-6.607689708471298218e-02,1.570771038532257080e-01,-1.299917511641979218e-02,2.361375838518142700e-01,-2.631479501724243164e-01,-1.030520200729370117e-01,-2.839717268943786621e-01,-6.933717429637908936e-02,2.635435163974761963e-01,5.358991026878356934e-01,-6.785447895526885986e-02,4.232941195368766785e-02
1.754014492034912109e+00,-1.868897199630737305e+00,5.795766115188598633e-01,2.422217093408107758e-02,1.643636077642440796e-02,9.120755791664123535e-01,4.089758098125457764e-01,-1.422776374965906143e-02,1.684839576482772827e-01,5.299286171793937683e-02,2.106571197509765625e-01,-2.516596913337707520e-01,-1.385354101657867432e-01,-3.548135757446289062e-01,-4.438248276710510254e-02,3.088966310024261475e-01,4.418129920959472656e-01,-9.858961403369903564e-02,8.625534921884536743e-02
1.735524058341979980e+00,-1.852043628692626953e+00,5.764932632446289062e-01,2.530319616198539734e-02,9.315933100879192352e-03,8.995069861412048340e-01,4.360735714435577393e-01,5.115049332380294800e-02,1.756403744220733643e-01,1.179460063576698303e-01,1.846140623092651367e-01,-2.578406333923339844e-01,-1.198190450668334961e-01,-4.084209203720092773e-01,-2.251029014587402344e-02,3.339936435222625732e-01,3.345221877098083496e-01,-1.237702146172523499e-01,7.101255655288696289e-02
1.716578483581542969e+00,-1.833489298820495605e+00,5.729951858520507812e-01,2.646650001406669617e-02,5.241343751549720764e-03,8.884378075599670410e-01,4.582033455371856689e-01,1.181380078196525574e-01,1.699433326721191406e-01,1.701544374227523804e-01,1.559090912342071533e-01,-2.659204602241516113e-01,-1.008660644292831421e-01,-4.614213109016418457e-01,-3.767445450648665428e-03,3.427704572677612305e-01,2.423337996006011963e-01,-1.455734819173812866e-01,5.430030450224876404e-02
1.697609782218933105e+00,-1.815568447113037109e+00,5.698287487030029297e-01,2.745592221617698669e-02,5.382663104683160782e-03,8.802541494369506836e-01,4.736768901348114014e-01,1.662897616624832153e-01,1.541842967271804810e-01,2.030689120292663574e-01,1.551264077425003052e-01,-2.831739187240600586e-01,-8.428066223859786987e-02,-5.010033249855041504e-01,3.142204135656356812e-03,3.598601222038269043e-01,1.660669744014739990e-01,-1.709478199481964111e-01,5.242579430341720581e-02
1.678455710411071777e+00,-1.797288417816162109e+00,5.659359693527221680e-01,2.543465793132781982e-02,6.538507062941789627e-03,8.739022016525268555e-01,4.853918850421905518e-01,1.981143951416015625e-01,1.414283365011215210e-01,2.265648245811462402e-01,1.731765568256378174e-01,-3.008245229721069336e-01,-6.465934962034225464e-02,-5.297362804412841797e-01,1.013049110770225525e-02,3.861238062381744385e-01,1.375406980514526367e-01,-1.950176358222961426e-01,5.596996471285820007e-02
1.658943057060241699e+00,-1.778402566909790039e+00,5.607561469078063965e-01,1.864954642951488495e-02,5.503827705979347229e-03,8.678182959556579590e-01,4.965010881423950195e-01,2.192045003175735474e-01,1.360310167074203491e-01,2.465775758028030396e-01,2.011443525552749634e-01,-2.962022721767425537e-01,-5.285025388002395630e-02,-5.465691089630126953e-01,2.484250627458095551e-02,4.222380518913269043e-01,1.714664548635482788e-01,-1.972923874855041504e-01,5.787965655326843262e-02
1.636713624000549316e+00,-1.757341384887695312e+00,5.552319288253784180e-01,1.047407835721969604e-02,5.201991181820631027e-03,8.602159023284912109e-01,5.097959041595458984e-01,2.328994423151016235e-01,1.274048089981079102e-01,2.710910737514495850e-01,2.344175726175308228e-01,-2.456310391426086426e-01,-3.540009632706642151e-02,-5.490177869796752930e-01,3.585955873131752014e-02,4.345805644989013672e-01,2.235678732395172119e-01,-1.349870711565017700e-01,8.208604156970977783e-02
1.613727569580078125e+00,-1.736152768135070801e+00,5.525803565979003906e-01,3.065544413402676582e-03,1.922868937253952026e-02,8.583915829658508301e-01,5.126253366470336914e-01,2.190617769956588745e-01,1.014878973364830017e-01,2.780874967575073242e-01,2.930632531642913818e-01,-1.416860818862915039e-01,-6.208458915352821350e-03,-5.612557530403137207e-01,2.658527903258800507e-02,4.514979720115661621e-01,2.797409594058990479e-01,-7.296030223369598389e-02,1.184885427355766296e-01
1.589133620262145996e+00,-1.714541196823120117e+00,5.513813495635986328e-01,1.851398497819900513e-03,3.733086213469505310e-02,8.602069020271301270e-01,5.085735321044921875e-01,2.048166096210479736e-01,6.131140142679214478e-02,2.353958040475845337e-01,3.587281703948974609e-01,2.621507830917835236e-02,3.074436821043491364e-02,-5.508035421371459961e-01,-2.125200070440769196e-02,4.535049796104431152e-01,3.172064423561096191e-01,-5.740875378251075745e-02,1.363839656114578247e-01
1.564916253089904785e+00,-1.693999171257019043e+00,5.513184070587158203e-01,2.859457628801465034e-03,5.237543210387229919e-02,8.676654100418090820e-01,4.943737089633941650e-01,1.791183948516845703e-01,3.890571743249893188e-02,1.886799931526184082e-01,4.479289352893829346e-01,2.340505868196487427e-01,5.547891929745674133e-02,-5.322466492652893066e-01,-8.364585041999816895e-02,4.265055060386657715e-01,3.403395116329193115e-01,-7.104320824146270752e-02,1.947559863328933716e-01
1.541058778762817383e+00,-1.674369812011718750e+00,5.563405752182006836e-01,-3.136814106255769730e-03,4.807547479867935181e-02,8.766320943832397461e-01,4.787432253360748291e-01,1.108706966042518616e-01,8.775264024734497070e-03,5.778063461184501648e-02,5.535655021667480469e-01,3.451336622238159180e-01,1.774521544575691223e-02,-4.982317686080932617e-01,-1.085941791534423828e-01,3.833699822425842285e-01,3.553010523319244385e-01,-9.886528551578521729e-02,2.286022752523422241e-01
1.516591429710388184e+00,-1.654026269912719727e+00,5.667397379875183105e-01,-7.108506746590137482e-03,2.781599201261997223e-02,8.906968832015991211e-01,4.536902010440826416e-01,2.620906755328178406e-02,1.786683686077594757e-02,-6.416242569684982300e-02,6.492418646812438965e-01,2.589263617992401123e-01,-5.375729501247406006e-02,-4.287736117839813232e-01,-1.157664209604263306e-01,3.085793554782867432e-01,3.445877134799957275e-01,-1.359907090663909912e-01,2.258345633745193481e-01
1.492109894752502441e+00,-1.632750272750854492e+00,5.748237371444702148e-01,-3.931995946913957596e-03,1.067415531724691391e-02,9.051328897476196289e-01,4.249765276908874512e-01,-4.847231879830360413e-02,1.342939399182796478e-02,-1.823091059923171997e-01,6.956679821014404297e-01,1.794316768646240234e-01,-8.854679018259048462e-02,-3.426101803779602051e-01,-1.258391737937927246e-01,2.437366843223571777e-01,3.219981491565704346e-01,-1.637907326221466064e-01,2.297922074794769287e-01
1.467906951904296875e+00,-1.611016035079956055e+00,5.814762115478515625e-01,1.348112011328339577e-03,-1.248441054485738277e-03,9.181800484657287598e-01,3.961591422557830811e-01,-1.311558187007904053e-01,1.895295269787311554e-02,-2.448582500219345093e-01,6.974770426750183105e-01,9.603017568588256836e-02,-1.134188920259475708e-01,-2.525171339511871338e-01,-1.396652162075042725e-01,1.646568924188613892e-01,2.923232018947601318e-01,-1.755299866199493408e-01,2.194329947233200073e-01
1.444868803024291992e+00,-1.589627623558044434e+00,5.854785442352294922e-01,7.748395204544067383e-03,-5.235137883573770523e-03,9.336946606636047363e-01,3.579481244087219238e-01,-2.013072967529296875e-01,1.047444157302379608e-02,-3.094957768917083740e-01,6.437756419181823730e-01,2.678114734590053558e-02,-1.058543771505355835e-01,-1.650943905115127563e-01,-1.543925702571868896e-01,9.774300456047058105e-02,2.543796002864837646e-01,-1.886821091175079346e-01,2.034834176301956177e-01
1.423010110855102539e+00,-1.568032622337341309e+00,5.869162082672119141e-01,1.417470816522836685e-02,-6.255283020436763763e-03,9.472413659095764160e-01,3.201465010643005371e-01,-2.682789266109466553e-01,-1.346302498131990433e-02,-3.740802407264709473e-01,5.636096000671386719e-01,-3.929743170738220215e-02,-7.020699232816696167e-02,-8.744278550148010254e-02,-1.637796163558959961e-01,2.790636941790580750e-02,2.240853905677795410e-01,-1.969145983457565308e-01,1.804333478212356567e-01
1.400555849075317383e+00,-1.546018600463867188e+00,5.862714052200317383e-01,2.100059948861598969e-02,-2.492115134373307228e-03,9.579413533210754395e-01,2.861836552619934082e-01,-3.329534232616424561e-01,-5.749276652932167053e-02,-4.233779013156890869e-01,4.729659557342529297e-01,-9.157337993383407593e-02,-4.089187085628509521e-02,-1.085677277296781540e-02,-1.722713112831115723e-01,-4.564375430345535278e-02,1.978051513433456421e-01,-2.190175354480743408e-01,1.580587625503540039e-01
1.378870964050292969e+00,-1.523416399955749512e+00,5.843924283981323242e-01,2.839847281575202942e-02,6.277899374254047871e-04,9.675297141075134277e-01,2.511560618877410889e-01,-3.913468420505523682e-01,-9.737267345190048218e-02,-4.412326514720916748e-01,3.703024685382843018e-01,-1.212552040815353394e-01,-2.769459970295429230e-03,6.368695944547653198e-02,-1.671371459960937500e-01,-1.141072958707809448e-01,1.766289919614791870e-01,-2.362151592969894409e-01,1.303243935108184814e-01
1.357245802879333496e+00,-1.500470042228698730e+00,5.824355483055114746e-01,3.338799253106117249e-02,5.473520141094923019e-04,9.745110869407653809e-01,2.218402177095413208e-01,-4.416193664073944092e-01,-1.245443224906921387e-01,-4.233136177062988281e-01,2.465367466211318970e-01,-1.375734955072402954e-01,2.528240904211997986e-02,1.280568689107894897e-01,-1.458815932273864746e-01,-1.721126884222030640e-01,1.712073534727096558e-01,-2.569812834262847900e-01,1.118846088647842407e-01
1.335773110389709473e+00,-1.477835297584533691e+00,5.804126262664794922e-01,3.298140689730644226e-02,-3.412775695323944092e-03,9.782148599624633789e-01,2.049299776554107666e-01,-4.961494505405426025e-01,-1.375563144683837891e-01,-3.965811431407928467e-01,1.597890257835388184e-01,-1.596595644950866699e-01,4.108253121376037598e-02,1.792691051959991455e-01,-1.112963780760765076e-01,-2.072409540414810181e-01,1.734363138675689697e-01,-2.790596187114715576e-01,9.423486888408660889e-02
1.314385652542114258e+00,-1.454456448554992676e+00,5.764702558517456055e-01,3.269112855195999146e-02,-4.445064812898635864e-03,9.802991151809692383e-01,1.947438120841979980e-01,-5.346139073371887207e-01,-1.550446599721908569e-01,-4.098413884639739990e-01,1.437670737504959106e-01,-1.840372383594512939e-01,4.655193910002708435e-02,2.267418652772903442e-01,-8.224754035472869873e-02,-2.340146601200103760e-01,1.807965785264968872e-01,-2.882393896579742432e-01,7.408528774976730347e-02
1.292440533638000488e+00,-1.430444359779357910e+00,5.710219144821166992e-01,3.343116119503974915e-02,7.921024807728827000e-04,9.824276566505432129e-01,1.836234927177429199e-01,-5.474137663841247559e-01,-1.776210069656372070e-01,-4.264491796493530273e-01,1.898659616708755493e-01,-1.893411427736282349e-01,3.671939298510551453e-02,2.585950493812561035e-01,-6.663507968187332153e-02,-2.659274637699127197e-01,2.120613157749176025e-01,-2.768071889877319336e-01,5.560664087533950806e-02
1.268758058547973633e+00,-1.403732538223266602e+00,5.644923448562622070e-01,3.225275129079818726e-02,6.500707007944583893e-03,9.843775629997253418e-01,1.729692369699478149e-01,-5.372280478477478027e-01,-1.870801746845245361e-01,-4.453790187835693359e-01,2.581676244735717773e-01,-1.581449806690216064e-01,1.546306721866130829e-02,2.832530736923217773e-01,-5.104907602071762085e-02,-2.927621304988861084e-01,2.528039813041687012e-01,-2.264285236597061157e-01,1.472544763237237930e-02
1.244831919670104980e+00,-1.375265002250671387e+00,5.600672364234924316e-01,2.434236928820610046e-02,1.287587638944387436e-02,9.859436750411987305e-01,1.647928655147552490e-01,-5.451120138168334961e-01,-1.922326683998107910e-01,-4.365003407001495361e-01,3.262087404727935791e-01,-7.635520398616790771e-02,-2.304826490581035614e-02,2.758149504661560059e-01,-3.690197318792343140e-02,-3.136760294437408447e-01,3.133326172828674316e-01,-1.349942684173583984e-01,4.971348098479211330e-04
1.220642805099487305e+00,-1.347226500511169434e+00,5.573639273643493652e-01,1.634200662374496460e-02,5.470860749483108521e-03,9.858146905899047852e-01,1.669504791498184204e-01,-5.310716629028320312e-01,-1.502375900745391846e-01,-4.265132844448089600e-01,3.748031556606292725e-01,-3.134765103459358215e-02,-5.688494071364402771e-02,2.593129277229309082e-01,-1.025997684337198734e-03,-2.670303285121917725e-01,3.974985480308532715e-01,3.039469942450523376e-02,-2.462238818407058716e-02
1.199270844459533691e+00,-1.320902466773986816e+00,5.578183531761169434e-01,1.253418438136577606e-02,-2.150317654013633728e-03,9.831823110580444336e-01,1.821835339069366455e-01,-5.092391371726989746e-01,-9.427039325237274170e-02,-4.160945713520050049e-01,4.168021380901336670e-01,-5.871651321649551392e-02,-1.126219704747200012e-01,2.286132276058197021e-01,2.988888509571552277e-02,-1.760801523923873901e-01,4.970921576023101807e-01,2.067518681287765503e-01,-1.830304600298404694e-02
1.179695248603820801e+00,-1.294549226760864258e+00,5.638796091079711914e-01,1.308939792215824127e-02,5.038563162088394165e-03,9.800065755844116211e-01,1.984701752662658691e-01,-4.706116914749145508e-01,-6.265687197446823120e-02,-3.914002478122711182e-01,4.307248294353485107e-01,-1.081550419330596924e-01,-1.543638557195663452e-01,1.512334495782852173e-01,4.564173892140388489e-02,-4.765589907765388489e-02,6.267817616462707520e-01,2.609607279300689697e-01,3.701557219028472900e-02
1.159118175506591797e+00,-1.269881367683410645e+00,5.729507207870483398e-01,2.006622962653636932e-02,1.861837320029735565e-02,9.741017222404479980e-01,2.244471609592437744e-01,-4.109413027763366699e-01,-4.025796428322792053e-02,-3.417408466339111328e-01,4.178840219974517822e-01,-1.460720151662826538e-01,-1.778270751237869263e-01,6.261838227510452271e-02,1.751900836825370789e-02,5.559336394071578979e-02,7.330771684646606445e-01,1.874913126230239868e-01,8.935834467411041260e-02
1.137588858604431152e+00,-1.245062589645385742e+00,5.802332758903503418e-01,2.883527614176273346e-02,2.277674712240695953e-02,9.655768871307373047e-01,2.575093507766723633e-01,-3.331724703311920166e-01,8.843524119583889842e-05,-2.828074395656585693e-01,3.834394514560699463e-01,-1.710011512041091919e-01,-1.786561608314514160e-01,-2.242210786789655685e-03,-1.450263801962137222e-02,1.383339017629623413e-01,7.605404853820800781e-01,1.387733668088912964e-01,1.105530932545661926e-01
1.117152094841003418e+00,-1.221917510032653809e+00,5.853307247161865234e-01,3.458340466022491455e-02,2.457815781235694885e-02,9.552381038665771484e-01,2.927798628807067871e-01,-2.603009343147277832e-01,3.746027871966362000e-02,-2.131010591983795166e-01,3.441681265830993652e-01,-1.753832101821899414e-01,-1.730804145336151123e-01,-8.486682921648025513e-02,-4.636947810649871826e-02,2.110708653926849365e-01,7.514980435371398926e-01,7.774161547422409058e-02,1.206685826182365417e-01
1.096089601516723633e+00,-1.198723793029785156e+00,5.882490277290344238e-01,3.967100009322166443e-02,2.042087353765964508e-02,9.424265027046203613e-01,3.314234614372253418e-01,-1.799789518117904663e-01,7.504002004861831665e-02,-1.602113097906112671e-01,3.004646599292755127e-01,-1.807940006256103516e-01,-1.525659263134002686e-01,-1.543795168399810791e-01,-6.687023490667343140e-02,2.667645215988159180e-01,6.848548650741577148e-01,2.935778163373470306e-02,1.158961355686187744e-01
1.074428200721740723e+00,-1.176838159561157227e+00,5.891690850257873535e-01,4.171606153249740601e-02,1.172236632555723190e-02,9.290968775749206543e-01,3.672892451286315918e-01,-1.037734821438789368e-01,1.127283796668052673e-01,-7.858973741531372070e-02,2.603330314159393311e-01,-1.842700690031051636e-01,-1.429201364517211914e-01,-2.232409417629241943e-01,-6.609150767326354980e-02,3.172139227390289307e-01,5.873633623123168945e-01,-2.194536849856376648e-02,1.013257130980491638e-01
1.051548242568969727e+00,-1.154769659042358398e+00,5.880711674690246582e-01,4.466690868139266968e-02,2.612261334434151649e-03,9.132665395736694336e-01,4.048978686332702637e-01,-2.827168256044387817e-02,1.359978765249252319e-01,-4.771409556269645691e-03,2.380345314741134644e-01,-1.911760866641998291e-01,-1.174821928143501282e-01,-2.744257152080535889e-01,-4.121551290154457092e-02,3.813151121139526367e-01,4.734673500061035156e-01,-8.377159386873245239e-02,9.459214657545089722e-02
1.029140114784240723e+00,-1.133702039718627930e+00,5.858523845672607422e-01,4.423676803708076477e-02,-6.058601662516593933e-03,8.972645401954650879e-01,4.392296969890594482e-01,3.332899510860443115e-02,1.490123718976974487e-01,5.769127607345581055e-02,2.277578562498092651e-01,-2.121786028146743774e-01,-9.634124487638473511e-02,-3.292766213417053223e-01,-1.244393270462751389e-02,4.222083985805511475e-01,3.470929861068725586e-01,-1.257100105285644531e-01,8.041697740554809570e-02
1.006910324096679688e+00,-1.112695097923278809e+00,5.835285186767578125e-01,4.591816291213035583e-02,-1.001353655010461807e-02,8.845697641372680664e-01,4.640340507030487061e-01,1.007428318262100220e-01,1.435462981462478638e-01,1.093361377716064453e-01,2.116026431322097778e-01,-2.342476546764373779e-01,-7.764407247304916382e-02,-3.815047740936279297e-01,5.996438674628734589e-03,4.354915022850036621e-01,2.222810834646224976e-01,-1.613807231187820435e-01,6.805964559316635132e-02
9.844670295715332031e-01,-1.091782093048095703e+00,5.811051130294799805e-01,4.762516543269157410e-02,-7.763034664094448090e-03,8.744853734970092773e-01,4.826456904411315918e-01,1.584759950637817383e-01,1.213716864585876465e-01,1.481235176324844360e-01,2.048744708299636841e-01,-2.515256106853485107e-01,-5.967056006193161011e-02,-4.325634837150573730e-01,1.351734623312950134e-02,4.401346147060394287e-01,1.378681212663650513e-01,-1.965774744749069214e-01,6.034259870648384094e-02
9.615061879158020020e-01,-1.070573687553405762e+00,5.768862962722778320e-01,4.477264359593391418e-02,-7.046884857118129730e-03,8.677196502685546875e-01,4.949832260608673096e-01,1.982711255550384521e-01,1.062631309032440186e-01,1.789289265871047974e-01,2.185775190591812134e-01,-2.620536983013153076e-01,-4.453275725245475769e-02,-4.710762500762939453e-01,2.504937909543514252e-02,4.549995660781860352e-01,1.120227575302124023e-01,-2.069020867347717285e-01,5.229994282126426697e-02
9.378687143325805664e-01,-1.048384666442871094e+00,5.712161064147949219e-01,3.887009248137474060e-02,-7.846077904105186462e-03,8.621191978454589844e-01,5.051514506340026855e-01,2.307166308164596558e-01,9.642370045185089111e-02,2.118613719940185547e-01,2.408112138509750366e-01,-2.470376491546630859e-01,-3.024282865226268768e-02,-4.912015199661254883e-01,4.089214280247688293e-02,4.709436595439910889e-01,1.585800498723983765e-01,-2.162534743547439575e-01,6.699666380882263184e-02
9.122821092605590820e-01,-1.025452256202697754e+00,5.646580457687377930e-01,3.069209679961204529e-02,-1.034692488610744476e-02,8.549400568008422852e-01,5.177146792411804199e-01,2.501275837421417236e-01,8.713479340076446533e-02,2.424843311309814453e-01,2.783911526203155518e-01,-1.938423365354537964e-01,-8.052286691963672638e-03,-4.940125942230224609e-01,5.948065966367721558e-02,4.857495725154876709e-01,2.288005352020263672e-01,-1.634394973516464233e-01,8.330093324184417725e-02
8.853889703750610352e-01,-1.002929329872131348e+00,5.597797036170959473e-01,2.140171639621257782e-02,-8.725703082745894790e-05,8.520017266273498535e-01,5.231013894081115723e-01,2.344343364238739014e-01,5.875177681446075439e-02,2.364477664232254028e-01,3.489286005496978760e-01,-8.002000302076339722e-02,2.468359842896461487e-02,-5.119556784629821777e-01,5.379110574722290039e-02,4.789674282073974609e-01,2.877522706985473633e-01,-7.305473834276199341e-02,1.219648569822311401e-01
8.589205741882324219e-01,-9.807937145233154297e-01,5.565724372863769531e-01,2.237689308822154999e-02,1.969925500452518463e-02,8.539819121360778809e-01,5.194478631019592285e-01,2.135090380907058716e-01,1.089762151241302490e-02,1.897487342357635498e-01,4.329730272293090820e-01,1.267475932836532593e-01,5.067764222621917725e-02,-5.063953995704650879e-01,-1.099721295759081841e-03,4.794755280017852783e-01,3.409570753574371338e-01,-5.459485203027725220e-02,1.516998410224914551e-01
8.334622383117675781e-01,-9.606402516365051270e-01,5.567496418952941895e-01,2.125100046396255493e-02,3.418828174471855164e-02,8.614601492881774902e-01,5.062272548675537109e-01,1.716494113206863403e-01,-1.519878953695297241e-02,1.432486772537231445e-01,5.321531891822814941e-01,3.246532976627349854e-01,6.423188745975494385e-02,-4.928524494171142578e-01,-6.234035640954971313e-02,4.532742500305175781e-01,3.719919621944427490e-01,-8.337020128965377808e-02,2.030522376298904419e-01
8.082869648933410645e-01,-9.423765540122985840e-01,5.638183355331420898e-01,1.189121138304471970e-02,2.561858110129833221e-02,8.691787719726562500e-01,4.936907291412353516e-01,8.349588513374328613e-02,-4.370151087641716003e-02,1.570748537778854370e-02,6.471778750419616699e-01,3.662332892417907715e-01,3.509082831442356110e-03,-4.563786983489990234e-01,-7.620334625244140625e-02,4.230965971946716309e-01,3.819760680198669434e-01,-1.175293698906898499e-01,2.252632379531860352e-01
7.841327190399169922e-01,-9.233594536781311035e-01,5.733057856559753418e-01,9.645571932196617126e-03,5.916194524616003036e-03,8.825691938400268555e-01,4.700463414192199707e-01,7.826580986147746444e-05,-5.693056061863899231e-02,-1.254842281341552734e-01,7.404417991638183594e-01,2.781815230846405029e-01,-8.748154342174530029e-02,-3.868590593338012695e-01,-8.713639527559280396e-02,3.563271462917327881e-01,3.669198155403137207e-01,-1.463413983583450317e-01,2.268422096967697144e-01
7.606288790702819824e-01,-9.033873677253723145e-01,5.810552239418029785e-01,1.236660778522491455e-02,-7.208460476249456406e-03,8.992245197296142578e-01,4.372531771659851074e-01,-6.901475042104721069e-02,-4.911195486783981323e-02,-2.181660234928131104e-01,7.685160636901855469e-01,1.913593709468841553e-01,-1.243578717112541199e-01,-3.109127283096313477e-01,-1.097325608134269714e-01,2.836582362651824951e-01,3.421058356761932373e-01,-1.626594066619873047e-01,2.205308675765991211e-01
7.383642196655273438e-01,-8.828156590461730957e-01,5.873838067054748535e-01,2.048673667013645172e-02,-1.649327948689460754e-02,9.169990420341491699e-01,3.980213403701782227e-01,-1.209039986133575439e-01,-2.083035558462142944e-02,-2.757301032543182373e-01,7.274465560913085938e-01,1.115828156471252441e-01,-1.311665326356887817e-01,-2.227675616741180420e-01,-1.318618357181549072e-01,2.069804370403289795e-01,3.053870499134063721e-01,-1.614711433649063110e-01,2.106323838233947754e-01
7.169017195701599121e-01,-8.631149530410766602e-01,5.915935039520263672e-01,2.702926285564899445e-02,-1.850185357034206390e-02,9.340586066246032715e-01,3.556144237518310547e-01,-1.801212280988693237e-01,-1.447074208408594131e-02,-3.241232931613922119e-01,6.510400176048278809e-01,3.445344418287277222e-02,-1.180347055196762085e-01,-1.474375575780868530e-01,-1.568992286920547485e-01,1.249821111559867859e-01,2.715665400028228760e-01,-1.614502221345901489e-01,1.925206184387207031e-01
6.961135268211364746e-01,-8.429751992225646973e-01,5.935066342353820801e-01,3.340758010745048523e-02,-1.900865137577056885e-02,9.480297565460205078e-01,3.158514797687530518e-01,-2.296835631132125854e-01,-2.769746445119380951e-02,-3.853787183761596680e-01,5.515730381011962891e-01,-4.248848184943199158e-02,-9.937948733568191528e-02,-7.761928439140319824e-02,-1.690088212490081787e-01,5.177532508969306946e-02,2.489655911922454834e-01,-1.630902737379074097e-01,1.658655107021331787e-01
6.757181882858276367e-01,-8.230206966400146484e-01,5.935752391815185547e-01,4.050710052251815796e-02,-1.523510832339525223e-02,9.596537351608276367e-01,2.778341174125671387e-01,-2.773049473762512207e-01,-5.056415870785713196e-02,-4.241413176059722900e-01,4.391632676124572754e-01,-9.652832150459289551e-02,-6.144626438617706299e-02,-9.487055242061614990e-03,-1.797715723514556885e-01,-3.113698959350585938e-02,2.285645604133605957e-01,-1.685245633125305176e-01,1.448049247264862061e-01
6.548451185226440430e-01,-8.027884960174560547e-01,5.931510925292968750e-01,4.495153576135635376e-02,-1.071216445416212082e-02,9.692231416702270508e-01,2.418079376220703125e-01,-3.276687860488891602e-01,-7.428897172212600708e-02,-4.238211512565612793e-01,3.162922859191894531e-01,-1.316410899162292480e-01,-2.727742865681648254e-02,5.365327373147010803e-02,-1.801615357398986816e-01,-1.081400513648986816e-01,2.102309018373489380e-01,-1.917354315519332886e-01,1.281092315912246704e-01
6.347228288650512695e-01,-7.823112607002258301e-01,5.920422077178955078e-01,4.618853703141212463e-02,-9.221485815942287445e-03,9.757873415946960449e-01,2.135899960994720459e-01,-3.823547363281250000e-01,-9.261464327573776245e-02,-4.151064753532409668e-01,2.070724219083786011e-01,-1.493740379810333252e-01,3.647442674264311790e-03,1.086605340242385864e-01,-1.640575975179672241e-01,-1.704017072916030884e-01,1.975940316915512085e-01,-2.121901512145996094e-01,1.096109524369239807e-01
6.148732304573059082e-01,-7.618651390075683594e-01,5.914688110351562500e-01,4.147201031446456909e-02,-1.337233930826187134e-02,9.793468117713928223e-01,1.974361687898635864e-01,-4.357050657272338867e-01,-9.034813195466995239e-02,-3.919863998889923096e-01,1.314560025930404663e-01,-1.872663497924804688e-01,1.855569146573543549e-02,1.555285155773162842e-01,-1.285864412784576416e-01,-2.085327506065368652e-01,1.835234314203262329e-01,-2.321608960628509521e-01,9.622456133365631104e-02
5.950980186462402344e-01,-7.422544956207275391e-01,5.877837538719177246e-01,4.094032570719718933e-02,-9.728712961077690125e-03,9.818882346153259277e-01,1.847287565469741821e-01,-4.687666594982147217e-01,-1.075902730226516724e-01,-3.957742154598236084e-01,1.320546269416809082e-01,-2.087927460670471191e-01,3.056156449019908905e-02,1.978684514760971069e-01,-1.127467900514602661e-01,-2.455333173274993896e-01,1.843914836645126343e-01,-2.500835061073303223e-01,8.431708067655563354e-02
5.752485394477844238e-01,-7.220615148544311523e-01,5.818417072296142578e-01,4.256451874971389771e-02,2.716280985623598099e-03,9.840013980865478516e-01,1.729800403118133545e-01,-4.786519706249237061e-01,-1.433486491441726685e-01,-4.147005677223205566e-01,1.876810491085052490e-01,-1.883197873830795288e-01,2.820054069161415100e-02,2.287475317716598511e-01,-1.163558065891265869e-01,-2.747961282730102539e-01,2.100797593593597412e-01,-2.568272948265075684e-01,8.014114946126937866e-02
5.544795393943786621e-01,-6.998019814491271973e-01,5.745381116867065430e-01,4.292764887213706970e-02,1.888072863221168518e-02,9.854109287261962891e-01,1.636033803224563599e-01,-4.762680530548095703e-01,-1.885123699903488159e-01,-4.508260488510131836e-01,2.549166977405548096e-01,-8.233555406332015991e-02,2.163001568987965584e-03,2.485690116882324219e-01,-1.276746392250061035e-01,-2.934570014476776123e-01,2.518361508846282959e-01,-2.337097227573394775e-01,6.026652827858924866e-02
5.342573523521423340e-01,-6.776362061500549316e-01,5.716696977615356445e-01,3.467898443341255188e-02,2.237723767757415771e-02,9.857932925224304199e-01,1.628135442733764648e-01,-4.799488186836242676e-01,-1.871999800205230713e-01,-4.406414926052093506e-01,3.000643253326416016e-01,-1.372982002794742584e-02,-2.265630476176738739e-02,2.345348745584487915e-01,-1.180558726191520691e-01,-2.854674756526947021e-01,3.218609988689422607e-01,-1.712796390056610107e-01,3.920966386795043945e-02
5.143018364906311035e-01,-6.562539935111999512e-01,5.712853074073791504e-01,2.923496626317501068e-02,1.490557938814163208e-02,9.854698181152343750e-01,1.666504591703414917e-01,-4.530890285968780518e-01,-1.457866281270980835e-01,-4.438570141792297363e-01,3.230525255203247070e-01,-3.102537710219621658e-03,-5.796812847256660461e-02,2.152885198593139648e-01,-8.470400422811508179e-02,-2.134717255830764771e-01,4.068007767200469971e-01,-3.398375958204269409e-02,1.009614858776330948e-02
4.969774484634399414e-01,-6.356564164161682129e-01,5.728631019592285156e-01,2.179089002311229706e-02,1.055365242063999176e-02,9.837267994880676270e-01,1.780317723751068115e-01,-4.385613501071929932e-01,-1.016339138150215149e-01,-4.303653836250305176e-01,3.438564240932464600e-01,-2.368054911494255066e-02,-1.068527773022651672e-01,1.626687496900558472e-01,-5.933061614632606506e-02,-1.307499110698699951e-01,5.086303353309631348e-01,1.256077438592910767e-01,3.317231778055429459e-03
4.807598590850830078e-01,-6.168976426124572754e-01,5.791385173797607422e-01,2.165615372359752655e-02,2.037810720503330231e-02,9.816442131996154785e-01,1.883888989686965942e-01,-4.046894311904907227e-01,-9.094110876321792603e-02,-4.092577397823333740e-01,3.429089188575744629e-01,-4.842004552483558655e-02,-1.425261199474334717e-01,7.688986510038375854e-02,-4.577718675136566162e-02,3.450838150456547737e-03,6.262266039848327637e-01,1.450023651123046875e-01,5.209438502788543701e-02
4.641053080558776855e-01,-5.990223884582519531e-01,5.858177542686462402e-01,2.632659487426280975e-02,2.909080125391483307e-02,9.781836867332458496e-01,2.040033191442489624e-01,-3.580619692802429199e-01,-7.839200645685195923e-02,-3.846174478530883789e-01,3.348245024681091309e-01,-8.187311887741088867e-02,-1.611151844263076782e-01,-7.325523067265748978e-03,-3.593221306800842285e-02,1.347969174385070801e-01,7.118794918060302734e-01,9.820447862148284912e-02,1.029864326119422913e-01
4.477752745151519775e-01,-5.820693969726562500e-01,5.901972651481628418e-01,2.959521859884262085e-02,3.251268714666366577e-02,9.732342362403869629e-01,2.255708277225494385e-01,-3.180643618106842041e-01,-5.366703495383262634e-02,-3.470841944217681885e-01,3.261295557022094727e-01,-1.053993403911590576e-01,-1.624281555414199829e-01,-8.651929348707199097e-02,-4.497911408543586731e-02,2.272892147302627563e-01,7.329579591751098633e-01,5.537004768848419189e-02,1.217137947678565979e-01
4.310148656368255615e-01,-5.653445720672607422e-01,5.925766229629516602e-01,3.441879898309707642e-02,2.647102437913417816e-02,9.663621783256530762e-01,2.534931600093841553e-01,-2.669504284858703613e-01,-1.050260290503501892e-02,-3.065039217472076416e-01,3.113345503807067871e-01,-1.264250278472900391e-01,-1.599418520927429199e-01,-1.513539701700210571e-01,-5.727749317884445190e-02,2.757735550403594971e-01,6.905509829521179199e-01,2.391940541565418243e-02,1.186758205294609070e-01
4.145755171775817871e-01,-5.495870113372802734e-01,5.928061008453369141e-01,3.772613033652305603e-02,1.959552988409996033e-02,9.586897492408752441e-01,2.812591493129730225e-01,-2.238977849483489990e-01,2.773373760282993317e-02,-2.610603272914886475e-01,3.055202066898345947e-01,-1.408683210611343384e-01,-1.594158262014389038e-01,-2.170954793691635132e-01,-5.633901804685592651e-02,3.276155889034271240e-01,6.169362068176269531e-01,-3.263422101736068726e-02,1.111047416925430298e-01
3.981541693210601807e-01,-5.340772867202758789e-01,5.923053026199340820e-01,4.094657674431800842e-02,1.030563097447156906e-02,9.514146447181701660e-01,3.050037920475006104e-01,-1.767736971378326416e-01,6.200280040502548218e-02,-2.255130261182785034e-01,3.046242892742156982e-01,-1.716316044330596924e-01,-1.603567004203796387e-01,-2.757874727249145508e-01,-3.533206880092620850e-02,3.868834972381591797e-01,5.264782309532165527e-01,-1.008893474936485291e-01,1.065458357334136963e-01
3.815850913524627686e-01,-5.197851061820983887e-01,5.896404385566711426e-01,4.218820482492446899e-02,-1.725695678032934666e-03,9.440669417381286621e-01,3.270394802093505859e-01,-1.358224153518676758e-01,9.847491234540939331e-02,-1.868539750576019287e-01,3.135734498500823975e-01,-2.019293606281280518e-01,-1.561864763498306274e-01,-3.271026015281677246e-01,-1.395906228572130203e-02,4.304749667644500732e-01,4.070164561271667480e-01,-1.357645541429519653e-01,8.579281717538833618e-02
3.645952045917510986e-01,-5.062941908836364746e-01,5.848315358161926270e-01,3.874454647302627563e-02,-1.618740893900394440e-02,9.357205033302307129e-01,3.502342104911804199e-01,-1.076353415846824646e-01,1.375105530023574829e-01,-1.462736278772354126e-01,3.308935165405273438e-01,-2.301880419254302979e-01,-1.547166258096694946e-01,-3.815790712833404541e-01,1.478388719260692596e-02,4.502670168876647949e-01,2.808658778667449951e-01,-8.846274018287658691e-02,5.611950159072875977e-02
3.467518091201782227e-01,-4.919772446155548096e-01,5.792871713638305664e-01,3.685652837157249451e-02,-3.354002535343170166e-02,9.284949898719787598e-01,3.679860532283782959e-01,-6.994789838790893555e-02,1.770913898944854736e-01,-1.119748726487159729e-01,3.506925106048583984e-01,-2.555344104766845703e-01,-1.582738757133483887e-01,-4.261418282985687256e-01,5.492791533470153809e-02,4.567811191082000732e-01,1.909304410219192505e-01,1.500880066305398941e-02,2.727469056844711304e-02
3.302305638790130615e-01,-4.786519408226013184e-01,5.721285939216613770e-01,2.588257566094398499e-02,-4.939247667789459229e-02,9.212952852249145508e-01,3.848446607589721680e-01,-6.672234833240509033e-02,2.203126847743988037e-01,-7.761479914188385010e-02,3.967566192150115967e-01,-3.033898472785949707e-01,-1.347065865993499756e-01,-4.803655147552490234e-01,9.834975004196166992e-02,4.467141032218933105e-01,1.573976725339889526e-01,1.043711230158805847e-01,-3.584752976894378662e-02
3.149272203445434570e-01,-4.650650620460510254e-01,5.645577907562255859e-01,2.105740085244178772e-02,-6.532837450504302979e-02,9.192211031913757324e-01,3.877130448818206787e-01,-4.759063199162483215e-02,2.535058856010437012e-01,-7.736818492412567139e-02,4.407840371131896973e-01,-3.266782164573669434e-01,-1.403634548187255859e-01,-4.981723427772521973e-01,1.349859982728958130e-01,4.759262502193450928e-01,1.852228045463562012e-01,1.606661379337310791e-01,-4.157499969005584717e-02
3.006565868854522705e-01,-4.529306292533874512e-01,5.585392117500305176e-01,2.004224807024002075e-02,-6.700207293033599854e-02,9.209393262863159180e-01,3.833794295787811279e-01,-5.607390776276588440e-02,2.509942650794982910e-01,-9.735868871212005615e-02,5.217064619064331055e-01,-3.008362650871276855e-01,-1.363825947046279907e-01,-5.041059255599975586e-01,1.323297023773193359e-01,4.742376506328582764e-01,2.383516132831573486e-01,1.592551022768020630e-01,2.306099049746990204e-02
2.874878942966461182e-01,-4.427307248115539551e-01,5.528485178947448730e-01,1.712618395686149597e-02,-5.183012783527374268e-02,9.259371757507324219e-01,3.737119734287261963e-01,-1.356253623962402344e-01,2.072880715131759644e-01,-1.434722989797592163e-01,6.772186756134033203e-01,-1.614077538251876831e-01,-1.169569492340087891e-01,-5.325642824172973633e-01,1.039871871471405029e-01,4.684170782566070557e-01,3.073365390300750732e-01,1.014590635895729065e-01,1.008949279785156250e-01
2.760247588157653809e-01,-4.349819719791412354e-01,5.471881031990051270e-01,1.182671450078487396e-02,-3.783493489027023315e-02,9.311529397964477539e-01,3.624676764011383057e-01,-2.634350061416625977e-01,1.547796875238418579e-01,-1.873844116926193237e-01,8.545360565185546875e-01,-1.088075153529644012e-02,-1.090329885482788086e-01,-5.802112221717834473e-01,8.346794545650482178e-02,4.539698362350463867e-01,3.957918882369995117e-01,4.641303047537803650e-02,1.478786319494247437e-01
2.672935128211975098e-01,-4.273061454296112061e-01,5.446419715881347656e-01,7.527969777584075928e-03,-3.862383589148521423e-02,9.348296523094177246e-01,3.529093861579895020e-01,-4.033846259117126465e-01,1.111247763037681580e-01,-2.361335605382919312e-01,9.910897016525268555e-01,-4.784025996923446655e-02,-1.356845051050186157e-01,-6.104371547698974609e-01,9.504023194313049316e-02,4.411330521106719971e-01,4.761478602886199951e-01,-2.876926679164171219e-03,1.506268680095672607e-01
2.601808607578277588e-01,-4.199440181255340576e-01,5.404931306838989258e-01,2.819621236994862556e-03,-3.738654777407646179e-02,9.410714507102966309e-01,3.361231982707977295e-01,-5.289245843887329102e-01,4.793149977922439575e-02,-2.921573519706726074e-01,1.036215662956237793e+00,-9.425771981477737427e-02,-1.457439064979553223e-01,-6.475782990455627441e-01,9.390396624803543091e-02,4.216697514057159424e-01,5.468915700912475586e-01,-4.463159292936325073e-02,1.482287049293518066e-01
2.531766891479492188e-01,-4.124104082584381104e-01,5.362586975097656250e-01,3.109856043010950089e-03,-4.114414379000663757e-02,9.474479556083679199e-01,3.172378540039062500e-01,-6.378494501113891602e-01,-6.974537391215562820e-03,-3.287037312984466553e-01,1.029315829277038574e+00,-1.920920014381408691e-01,-1.713482886552810669e-01,-6.761057376861572266e-01,9.250734746456146240e-02,3.883941769599914551e-01,6.200283765792846680e-01,-7.925768196582794189e-02,1.375882029533386230e-01
2.462704032659530640e-01,-4.051750302314758301e-01,5.291523337364196777e-01,3.968172241002321243e-03,-3.700081631541252136e-02,9.543139338493347168e-01,2.964795529842376709e-01,-7.118729352951049805e-01,-7.182452082633972168e-02,-3.529891371726989746e-01,9.630289077758789062e-01,-2.260474115610122681e-01,-1.575794816017150879e-01,-7.063038349151611328e-01,7.284591346979141235e-02,3.653773069381713867e-01,6.855354309082031250e-01,-1.113248690962791443e-01,1.238861754536628723e-01
2.411610931158065796e-01,-3.970890939235687256e-01,5.198346376419067383e-01,6.609170697629451752e-03,-2.980836480855941772e-02,9.618801474571228027e-01,2.717615962028503418e-01,-7.597113847732543945e-01,-1.140145063400268555e-01,-3.404797911643981934e-01,8.828160166740417480e-01,-1.891095936298370361e-01,-1.189444065093994141e-01,-7.416609525680541992e-01,4.963956773281097412e-02,3.523849844932556152e-01,7.579771876335144043e-01,-1.394249349832534790e-01,1.153795048594474792e-01
2.356850951910018921e-01,-3.887336552143096924e-01,5.067384839057922363e-01,6.968192756175994873e-03,-1.814524084329605103e-02,9.684675335884094238e-01,2.483803480863571167e-01,-8.058695197105407715e-01,-1.456647068262100220e-01,-2.905106544494628906e-01,8.636826872825622559e-01,-1.071058437228202820e-01,-8.657020330429077148e-02,-7.920485734939575195e-01,2.485526353120803833e-02,3.526609838008880615e-01,8.435635566711425781e-01,-1.671415567398071289e-01,1.155411452054977417e-01
2.312869280576705933e-01,-3.799562752246856689e-01,4.929839074611663818e-01,7.490965072065591812e-03,-1.348571293056011200e-02,9.713404774665832520e-01,2.371912002563476562e-01,-8.503919243812561035e-01,-1.619380712509155273e-01,-2.643582820892333984e-01,9.595832228660583496e-01,-1.378362625837326050e-01,-1.151323765516281128e-01,-8.452326655387878418e-01,3.977540507912635803e-02,3.718766868114471436e-01,9.571506977081298828e-01,-2.136648446321487427e-01,1.236017942428588867e-01
2.274666726589202881e-01,-3.719902336597442627e-01,4.779982864856719971e-01,5.454516969621181488e-03,-1.173940673470497131e-02,9.735934138298034668e-01,2.279217094182968140e-01,-9.106832146644592285e-01,-1.933406740427017212e-01,-2.816074192523956299e-01,1.105008125305175781e+00,-2.212179005146026611e-01,-1.553820669651031494e-01,-9.085234999656677246e-01,6.052118912339210510e-02,3.775924742221832275e-01,1.079206824302673340e+00,-2.657015025615692139e-01,1.243696659803390503e-01
2.240455746650695801e-01,-3.644342720508575439e-01,4.614751636981964111e-01,4.937921185046434402e-03,-1.115875598043203354e-02,9.744809269905090332e-01,2.241382747888565063e-01,-9.775404334068298340e-01,-2.161549925804138184e-01,-2.884044051170349121e-01,1.235851883888244629e+00,-2.931662201881408691e-01,-1.996996551752090454e-01,-9.741352796554565430e-01,8.865027874708175659e-02,3.765727877616882324e-01,1.208205223083496094e+00,-3.099233806133270264e-01,1.198442354798316956e-01
2.203122377395629883e-01,-3.572628498077392578e-01,4.455232322216033936e-01,1.838799566030502319e-02,-1.277467515319585800e-02,9.751521944999694824e-01,2.204015254974365234e-01,-1.005474925041198730e+00,-2.332854568958282471e-01,-2.814694643020629883e-01,1.369890928268432617e+00,-3.806036710739135742e-01,-2.385356873273849487e-01,-1.000313282012939453e+00,1.153620705008506775e-01,3.819762170314788818e-01,1.325223207473754883e+00,-3.460726141929626465e-01,1.028349623084068298e-01
2.170134633779525757e-01,-3.501849472522735596e-01,4.290738999843597412e-01,3.599522262811660767e-02,-1.643947139382362366e-02,9.757228493690490723e-01,2.154043167829513550e-01,-1.020640850067138672e+00,-2.473891824483871460e-01,-2.775071263313293457e-01,1.491657733917236328e+00,-4.545808732509613037e-01,-2.655965089797973633e-01,-1.013378858566284180e+00,1.443198174238204956e-01,3.878837525844573975e-01,1.434875607490539551e+00,-3.790249228477478027e-01,8.308316022157669067e-02
2.136760205030441284e-01,-3.439296185970306396e-01,4.133154451847076416e-01,5.195412039756774902e-02,-1.871823333203792572e-02,9.760160446166992188e-01,2.105779051780700684e-01,-1.034080147743225098e+00,-2.642708718776702881e-01,-2.747253775596618652e-01,1.600980997085571289e+00,-5.168680548667907715e-01,-2.861898839473724365e-01,-1.026613235473632812e+00,1.731980443000793457e-01,3.952118754386901855e-01,1.536399960517883301e+00,-4.139999151229858398e-01,7.434033602476119995e-02
2.127976864576339722e-01,-3.398207426071166992e-01,3.972852528095245361e-01,7.448086887598037720e-02,-2.787121944129467010e-02,9.723307490348815918e-01,2.196558415889739990e-01,-1.039999961853027344e+00,-2.504547834396362305e-01,-2.700622677803039551e-01,1.665791511535644531e+00,-5.199999809265136719e-01,-3.110721707344055176e-01,-1.029013037681579590e+00,2.231128513813018799e-01,3.880026638507843018e-01,1.646468281745910645e+00,-4.519192576408386230e-01,7.093010097742080688e-02
2.119046598672866821e-01,-3.366999626159667969e-01,3.846314251422882080e-01,9.512593597173690796e-02,-3.625023737549781799e-02,9.678962826728820801e-01,2.298123985528945923e-01,-1.039999961853027344e+00,-2.361865639686584473e-01,-2.678120434284210205e-01,1.714731097221374512e+00,-5.199999809265136719e-01,-3.339931964874267578e-01,-1.025314331054687500e+00,2.617153227329254150e-01,3.746933341026306152e-01,1.732909679412841797e+00,-4.825054407119750977e-01,6.556028127670288086e-02
2.108239978551864624e-01,-3.343421518802642822e-01,3.736626505851745605e-01,1.133763343095779419e-01,-4.283057525753974915e-02,9.642433524131774902e-01,2.356822341680526733e-01,-1.039999961853027344e+00,-2.326393872499465942e-01,-2.658572196960449219e-01,1.760730624198913574e+00,-5.199999809265136719e-01,-3.459788560867309570e-01,-1.019830346107482910e+00,2.926178276538848877e-01,3.670509159564971924e-01,1.804755210876464844e+00,-4.984668791294097900e-01,6.133127212524414062e-02
2.100463658571243286e-01,-3.311067819595336914e-01,3.634712994098663330e-01,1.297967433929443359e-01,-4.847394675016403198e-02,9.601880311965942383e-01,2.425737231969833374e-01,-1.039999961853027344e+00,-2.256190776824951172e-01,-2.664925158023834229e-01,1.803491830825805664e+00,-5.199999809265136719e-01,-3.588857948780059814e-01,-1.017901182174682617e+00,3.170704841613769531e-01,3.511111438274383545e-01,1.868176817893981934e+00,-5.185352563858032227e-01,5.603378266096115112e-02
2.087264955043792725e-01,-3.280335664749145508e-01,3.560468256473541260e-01,1.373588740825653076e-01,-5.277995020151138306e-02,9.568722844123840332e-01,2.504839897155761719e-01,-1.039999961853027344e+00,-2.124688923358917236e-01,-2.741943299770355225e-01,1.826513051986694336e+00,-5.199999809265136719e-01,-3.744199872016906738e-01,-1.024113535881042480e+00,3.408997654914855957e-01,3.357369303703308105e-01,1.910172939300537109e+00,-5.185497999191284180e-01,4.102424159646034241e-02
2.088091373443603516e-01,-3.254147469997406006e-01,3.506144881248474121e-01,1.453226804733276367e-01,-5.126307904720306396e-02,9.547660350799560547e-01,2.543131411075592041e-01,-1.039999961853027344e+00,-2.133059501647949219e-01,-2.776527702808380127e-01,1.846861600875854492e+00,-5.199999809265136719e-01,-3.790179789066314697e-01,-1.013674378395080566e+00,3.489249348640441895e-01,3.355932831764221191e-01,1.919999957084655762e+00,-5.073366761207580566e-01,3.757958114147186279e-02
2.073611766099929810e-01,-3.248229920864105225e-01,3.471780121326446533e-01,1.497830599546432495e-01,-4.914044961333274841e-02,9.543642997741699219e-01,2.536514997482299805e-01,-1.039999961853027344e+00,-2.297076880931854248e-01,-2.763111591339111328e-01,1.864455103874206543e+00,-5.199999809265136719e-01,-3.854953050613403320e-01,-1.007307410240173340e+00,3.440861701965332031e-01,3.402742147445678711e-01,1.919999957084655762e+00,-4.914340376853942871e-01,3.955724462866783142e-02
2.058509290218353271e-01,-3.250667750835418701e-01,3.426669538021087646e-01,1.548261195421218872e-01,-4.705779626965522766e-02,9.541090130805969238e-01,2.519731223583221436e-01,-1.039999961853027344e+00,-2.428467720746994019e-01,-2.760354280471801758e-01,1.882365942001342773e+00,-5.199999809265136719e-01,-3.926218152046203613e-01,-1.002279639244079590e+00,3.395729362964630127e-01,3.473480939865112305e-01,1.919999957084655762e+00,-4.751239717006683350e-01,4.271781444549560547e-02
2.065955400466918945e-01,-3.246365189552307129e-01,3.400733172893524170e-01,1.591020673513412476e-01,-4.765282943844795227e-02,9.526590704917907715e-01,2.546693086624145508e-01,-1.039999961853027344e+00,-2.546458840370178223e-01,-2.841705977916717529e-01,1.889617204666137695e+00,-5.199999809265136719e-01,-4.089201688766479492e-01,-9.971133470535278320e-01,3.455103337764739990e-01,3.460396826267242432e-01,1.919999957084655762e+00,-4.646233618259429932e-01,3.550552204251289368e-02
2.060356587171554565e-01,-3.235338926315307617e-01,3.388402760028839111e-01,1.596907675266265869e-01,-4.771030694246292114e-02,9.521534442901611328e-01,2.561764419078826904e-01,-1.039999961853027344e+00,-2.579477727413177490e-01,-2.877055406570434570e-01,1.893695712089538574e+00,-5.199999809265136719e-01,-4.244616627693176270e-01,-9.966031908988952637e-01,3.467192649841308594e-01,3.410192131996154785e-01,1.919999957084655762e+00,-4.600183367729187012e-01,2.723503112792968750e-02
2.066723108291625977e-01,-3.237819075584411621e-01,3.380118012428283691e-01,1.609914153814315796e-01,-4.797513782978057861e-02,9.515593647956848145e-01,2.575168609619140625e-01,-1.039999961853027344e+00,-2.544735074043273926e-01,-2.874232232570648193e-01,1.890738725662231445e+00,-5.199999809265136719e-01,-4.302278459072113037e-01,-9.949897527694702148e-01,3.480416238307952881e-01,3.391534686088562012e-01,1.919999957084655762e+00,-4.640765190124511719e-01,3.290111944079399109e-02
2.054820358753204346e-01,-3.218484222888946533e-01,3.396795690059661865e-01,1.570845544338226318e-01,-4.647085070610046387e-02,9.522250294685363770e-01,2.577447891235351562e-01,-1.039999961853027344e+00,-2.550921440124511719e-01,-2.908196747303009033e-01,1.887397408485412598e+00,-5.199999809265136719e-01,-4.306111037731170654e-01,-9.963408112525939941e-01,3.498977422714233398e-01,3.377541303634643555e-01,1.919999957084655762e+00,-4.730594754219055176e-01,3.420068696141242981e-02
2.054221183061599731e-01,-3.209176361560821533e-01,3.423151075839996338e-01,1.523336172103881836e-01,-4.575857147574424744e-02,9.524258375167846680e-01,2.599724829196929932e-01,-1.039999961853027344e+00,-2.488189637660980225e-01,-2.963606417179107666e-01,1.874184250831604004e+00,-5.199999809265136719e-01,-4.227323234081268311e-01,-9.978775978088378906e-01,3.545608818531036377e-01,3.365656435489654541e-01,1.919999957084655762e+00,-4.910486340522766113e-01,3.860669955611228943e-02
2.036982327699661255e-01,-3.193888366222381592e-01,3.474510014057159424e-01,1.434984803199768066e-01,-4.497807472944259644e-02,9.533603191375732422e-01,2.617045044898986816e-01,-1.039999961853027344e+00,-2.413642555475234985e-01,-2.979214787483215332e-01,1.859513044357299805e+00,-5.199999809265136719e-01,-4.277832806110382080e-01,-1.001390457153320312e+00,3.557153940200805664e-01,3.325068950653076172e-01,1.919999957084655762e+00,-5.061725378036499023e-01,3.976894170045852661e-02
2.030429393053054810e-01,-3.182947337627410889e-01,3.534094095230102539e-01,1.339284330606460571e-01,-4.514843598008155823e-02,9.548889398574829102e-01,2.611740827560424805e-01,-1.039999961853027344e+00,-2.381725162267684937e-01,-3.021988868713378906e-01,1.838420033454895020e+00,-5.199999809265136719e-01,-4.293499290943145752e-01,-1.016944766044616699e+00,3.596427142620086670e-01,3.252359032630920410e-01,1.919999957084655762e+00,-5.185735821723937988e-01,5.328333005309104919e-02
2.050416767597198486e-01,-3.178276717662811279e-01,3.593263626098632812e-01,1.291961073875427246e-01,-4.094826430082321167e-02,9.556733369827270508e-01,2.613810896873474121e-01,-1.039999961853027344e+00,-2.218867540359497070e-01,-2.991727888584136963e-01,1.811002969741821289e+00,-5.199999809265136719e-01,-4.125490188598632812e-01,-1.019621014595031738e+00,3.565819859504699707e-01,3.271218836307525635e-01,1.902308225631713867e+00,-5.196864604949951172e-01,7.067127525806427002e-02
2.065176665782928467e-01,-3.127904534339904785e-01,3.699919879436492920e-01,1.160257905721664429e-01,-3.348565846681594849e-02,9.571623802185058594e-01,2.631670832633972168e-01,-1.039999961853027344e+00,-2.110892385244369507e-01,-3.026897609233856201e-01,1.777292728424072266e+00,-5.199999809265136719e-01,-4.023861885070800781e-01,-1.016699194908142090e+00,3.515644967555999756e-01,3.227709829807281494e-01,1.861511588096618652e+00,-5.199999809265136719e-01,5.670344829559326172e-02
2.018411606550216675e-01,-3.084355890750885010e-01,3.892599940299987793e-01,7.584400475025177002e-02,-2.723149582743644714e-02,9.603449106216430664e-01,2.669153213500976562e-01,-1.039999961853027344e+00,-1.849097162485122681e-01,-3.186958730220794678e-01,1.697507858276367188e+00,-5.199999809265136719e-01,-3.861491680145263672e-01,-1.026885271072387695e+00,3.421128988265991211e-01,3.237149417400360107e-01,1.783548116683959961e+00,-5.199999809265136719e-01,3.774411231279373169e-02
1.999170631170272827e-01,-3.051661252975463867e-01,4.041631221771240234e-01,4.917895048856735229e-02,-1.844799146056175232e-02,9.619868397712707520e-01,2.679970860481262207e-01,-1.039999961853027344e+00,-1.623289436101913452e-01,-3.195573687553405762e-01,1.627550005912780762e+00,-5.199999809265136719e-01,-3.700471520423889160e-01,-1.025383353233337402e+00,3.241781294345855713e-01,3.291768431663513184e-01,1.711995482444763184e+00,-5.199999809265136719e-01,3.897585719823837280e-02
1.972217857837677002e-01,-3.018126487731933594e-01,4.195508360862731934e-01,2.089211717247962952e-02,-8.593875914812088013e-03,9.631289243698120117e-01,2.680901587009429932e-01,-1.039999961853027344e+00,-1.461424231529235840e-01,-3.207026720046997070e-01,1.554855585098266602e+00,-5.199999809265136719e-01,-3.515972495079040527e-01,-1.024737954139709473e+00,3.036362230777740479e-01,3.368794620037078857e-01,1.633390903472900391e+00,-5.199317932128906250e-01,4.510150477290153503e-02
1.939462572336196899e-01,-2.980701625347137451e-01,4.347453713417053223e-01,-6.298864260315895081e-03,1.939611043781042099e-03,9.630888700485229492e-01,2.691030204296112061e-01,-1.039999961853027344e+00,-1.305031627416610718e-01,-3.197936713695526123e-01,1.481866240501403809e+00,-5.199999809265136719e-01,-3.342533707618713379e-01,-1.021328449249267578e+00,2.837169766426086426e-01,3.442020714282989502e-01,1.555597782135009766e+00,-5.145858526229858398e-01,5.358970910310745239e-02
1.912381798028945923e-01,-2.927960753440856934e-01,4.495559334754943848e-01,-3.072665631771087646e-02,1.624714396893978119e-02,9.631131291389465332e-01,2.668426334857940674e-01,-1.039999961853027344e+00,-1.228315085172653198e-01,-3.152907490730285645e-01,1.417074680328369141e+00,-5.199999809265136719e-01,-3.191916048526763916e-01,-1.007989048957824707e+00,2.557700872421264648e-01,3.586089909076690674e-01,1.456733226776123047e+00,-4.925014972686767578e-01,5.230888724327087402e-02
1.877253353595733643e-01,-2.883523702621459961e-01,4.651662409305572510e-01,-4.838985204696655273e-02,2.694519050419330597e-02,9.639698863029479980e-01,2.601816058158874512e-01,-1.016073346138000488e+00,-1.249012723565101624e-01,-3.164466619491577148e-01,1.345702886581420898e+00,-5.199999809265136719e-01,-2.999341785907745361e-01,-9.818397164344787598e-01,2.190573960542678833e-01,3.637558817863464355e-01,1.352025747299194336e+00,-4.679517745971679688e-01,5.722352489829063416e-02
1.834034472703933716e-01,-2.837995290756225586e-01,4.809725284576416016e-01,-4.718908667564392090e-02,3.096040897071361542e-02,9.657225608825683594e-01,2.533664405345916748e-01,-9.455597400665283203e-01,-1.218199878931045532e-01,-3.172726333141326904e-01,1.269163370132446289e+00,-5.199999809265136719e-01,-2.826458513736724854e-01,-9.140821695327758789e-01,1.818333566188812256e-01,3.613432049751281738e-01,1.248752355575561523e+00,-4.462704658508300781e-01,6.187545135617256165e-02
1.786898970603942871e-01,-2.789947092533111572e-01,4.960397779941558838e-01,-4.244501888751983643e-02,3.351094946265220642e-02,9.676476120948791504e-01,2.464418560266494751e-01,-8.669410943984985352e-01,-1.200153455138206482e-01,-3.229019343852996826e-01,1.191575288772583008e+00,-5.199999809265136719e-01,-2.630130946636199951e-01,-8.391893506050109863e-01,1.458411514759063721e-01,3.542824089527130127e-01,1.143498539924621582e+00,-4.157874286174774170e-01,6.155803427100181580e-02
1.738815605640411377e-01,-2.730573117733001709e-01,5.099451541900634766e-01,-3.947528079152107239e-02,3.552405163645744324e-02,9.685993194580078125e-01,2.428889721632003784e-01,-7.953927516937255859e-01,-1.114706918597221375e-01,-3.285667598247528076e-01,1.109044432640075684e+00,-5.070767402648925781e-01,-2.466345429420471191e-01,-7.694310545921325684e-01,1.217737495899200439e-01,3.484071195125579834e-01,1.046609759330749512e+00,-3.913764655590057373e-01,6.159011274576187134e-02
1.693038493394851685e-01,-2.674590647220611572e-01,5.233823657035827637e-01,-3.664488717913627625e-02,3.653860837221145630e-02,9.686151146888732910e-01,2.431189268827438354e-01,-7.248875498771667480e-01,-9.480189532041549683e-02,-3.304239213466644287e-01,1.015013575553894043e+00,-4.827151894569396973e-01,-2.293991893529891968e-01,-6.961830854415893555e-01,1.036088168621063232e-01,3.471593558788299561e-01,9.462609291076660156e-01,-3.621152937412261963e-01,5.583249032497406006e-02
1.638618111610412598e-01,-2.620269060134887695e-01,5.356349349021911621e-01,-3.404587879776954651e-02,3.702608868479728699e-02,9.688465595245361328e-01,2.424999624490737915e-01,-6.543841361999511719e-01,-8.169086277484893799e-02,-3.367775082588195801e-01,9.238651990890502930e-01,-4.599614143371582031e-01,-2.111297100782394409e-01,-6.263914108276367188e-01,8.784899115562438965e-02,3.465629518032073975e-01,8.535918593406677246e-01,-3.400544226169586182e-01,5.979850515723228455e-02
1.585385352373123169e-01,-2.561811506748199463e-01,5.466604828834533691e-01,-3.027648478746414185e-02,3.694749251008033752e-02,9.689844250679016113e-01,2.424611002206802368e-01,-5.837572813034057617e-01,-6.589495390653610229e-02,-3.402301669120788574e-01,8.344469666481018066e-01,-4.335527122020721436e-01,-1.931179016828536987e-01,-5.569012761116027832e-01,7.478786259889602661e-02,3.455849587917327881e-01,7.645928859710693359e-01,-3.194942176342010498e-01,5.986393615603446960e-02
1.529732346534729004e-01,-2.496812790632247925e-01,5.562781691551208496e-01,-2.260395511984825134e-02,3.673709183931350708e-02,9.687983393669128418e-01,2.440681457519531250e-01,-5.099617242813110352e-01,-5.023220926523208618e-02,-3.407737910747528076e-01,7.527474761009216309e-01,-4.110869467258453369e-01,-1.788926869630813599e-01,-4.817900061607360840e-01,6.281486153602600098e-02,3.440756499767303467e-01,6.815658211708068848e-01,-2.972176373004913330e-01,6.185379996895790100e-02
1.471993029117584229e-01,-2.437535226345062256e-01,5.647030472755432129e-01,-1.670975983142852783e-02,3.690109774470329285e-02,9.689397215843200684e-01,2.439567148685455322e-01,-4.430773556232452393e-01,-3.687188774347305298e-02,-3.401232063770294189e-01,6.770277619361877441e-01,-3.926059305667877197e-01,-1.667872965335845947e-01,-4.151409268379211426e-01,4.898462817072868347e-02,3.404556512832641602e-01,6.049255728721618652e-01,-2.805665135383605957e-01,6.435105949640274048e-02
1.427185535430908203e-01,-2.376919388771057129e-01,5.714059472084045410e-01,-1.153244357556104660e-02,3.571175038814544678e-02,9.684401154518127441e-01,2.464048713445663452e-01,-3.849137723445892334e-01,-1.790997385978698730e-02,-3.347945809364318848e-01,6.075575351715087891e-01,-3.747426867485046387e-01,-1.609753519296646118e-01,-3.561184406280517578e-01,4.397392645478248596e-02,3.409925103187561035e-01,5.395723581314086914e-01,-2.566150128841400146e-01,6.177064776420593262e-02
1.379814296960830688e-01,-2.315144538879394531e-01,5.768862366676330566e-01,-5.409622099250555038e-03,3.462570533156394958e-02,9.680231213569641113e-01,2.484008669853210449e-01,-3.260829746723175049e-01,-1.372250262647867203e-03,-3.300458490848541260e-01,5.434015989303588867e-01,-3.615896105766296387e-01,-1.516144126653671265e-01,-3.024740219116210938e-01,3.999100998044013977e-02,3.405125141143798828e-01,4.882393777370452881e-01,-2.387641370296478271e-01,6.172252446413040161e-02
1.340921223163604736e-01,-2.261790335178375244e-01,5.812214612960815430e-01,-2.186516299843788147e-03,3.408951684832572937e-02,9.671675562858581543e-01,2.518332600593566895e-01,-2.816980779170989990e-01,1.596722751855850220e-02,-3.172290623188018799e-01,4.874868988990783691e-01,-3.483574986457824707e-01,-1.457621157169342041e-01,-2.637596428394317627e-01,3.787993267178535461e-02,3.387683928012847900e-01,4.493861794471740723e-01,-2.138283550739288330e-01,6.074119731783866882e-02
1.301285624504089355e-01,-2.208421826362609863e-01,5.844846367835998535e-01,7.959060021676123142e-04,3.439538925886154175e-02,9.656572341918945312e-01,2.575314640998840332e-01,-2.419160902500152588e-01,2.907601557672023773e-02,-3.021772801876068115e-01,4.390114843845367432e-01,-3.362275063991546631e-01,-1.412696391344070435e-01,-2.337295711040496826e-01,3.694550320506095886e-02,3.339985907077789307e-01,4.251317679882049561e-01,-1.891913712024688721e-01,6.453125178813934326e-02
1.263332366943359375e-01,-2.143213301897048950e-01,5.872412323951721191e-01,4.336286801844835281e-03,3.541591763496398926e-02,9.632916450500488281e-01,2.660754919052124023e-01,-2.016238272190093994e-01,4.260911047458648682e-02,-2.821086943149566650e-01,3.903177380561828613e-01,-3.240898549556732178e-01,-1.361199915409088135e-01,-2.067310810089111328e-01,4.101317003369331360e-02,3.406008481979370117e-01,4.187763035297393799e-01,-1.672722101211547852e-01,7.110466808080673218e-02
1.234593763947486877e-01,-2.083713859319686890e-01,5.893372893333435059e-01,8.273471146821975708e-03,3.633173927664756775e-02,9.605816602706909180e-01,2.754894196987152100e-01,-1.665426343679428101e-01,5.423363298177719116e-02,-2.589883506298065186e-01,3.499074280261993408e-01,-3.132428824901580811e-01,-1.364962309598922729e-01,-1.931529343128204346e-01,5.004318431019783020e-02,3.520676195621490479e-01,4.332378506660461426e-01,-1.440776735544204712e-01,9.291943907737731934e-02
1.208013892173767090e-01,-2.025876939296722412e-01,5.907383561134338379e-01,1.165062561631202698e-02,3.792137652635574341e-02,9.573821425437927246e-01,2.860868871212005615e-01,-1.393045186996459961e-01,6.331837177276611328e-02,-2.308710664510726929e-01,3.197290301322937012e-01,-3.068480193614959717e-01,-1.356423646211624146e-01,-1.890422850847244263e-01,5.804384872317314148e-02,3.701685369014739990e-01,4.603642821311950684e-01,-1.209135130047798157e-01,1.157641708850860596e-01
1.185985580086708069e-01,-1.969944834709167480e-01,5.919594764709472656e-01,1.504899747669696808e-02,4.049586132168769836e-02,9.536601901054382324e-01,2.977680563926696777e-01,-1.173040717840194702e-01,6.738229095935821533e-02,-2.047479301691055298e-01,2.967949211597442627e-01,-3.031592071056365967e-01,-1.325339227914810181e-01,-1.942040026187896729e-01,6.381211429834365845e-02,3.946833610534667969e-01,4.972702264785766602e-01,-1.018695011734962463e-01,1.479546725749969482e-01
1.158139184117317200e-01,-1.916125863790512085e-01,5.930517911911010742e-01,1.838464103639125824e-02,4.378186166286468506e-02,9.490500688552856445e-01,3.115270733833312988e-01,-9.911725670099258423e-02,6.944727897644042969e-02,-1.680673807859420776e-01,2.803649902343750000e-01,-2.975603044033050537e-01,-1.322304457426071167e-01,-2.147099524736404419e-01,4.816439375281333923e-02,3.894511163234710693e-01,5.322854518890380859e-01,-1.089922189712524414e-01,1.608677357435226440e-01
1.118626147508621216e-01,-1.863486766815185547e-01,5.931555032730102539e-01,2.236486785113811493e-02,4.117424041032791138e-02,9.433619379997253418e-01,3.284398615360260010e-01,-6.909018754959106445e-02,8.102189749479293823e-02,-1.308681517839431763e-01,2.536165416240692139e-01,-2.869499921798706055e-01,-1.306041032075881958e-01,-2.408065497875213623e-01,1.346556376665830612e-02,3.414623737335205078e-01,5.421392321586608887e-01,-1.008229330182075500e-01,1.383014619350433350e-01
1.075504422187805176e-01,-1.808889210224151611e-01,5.923233032226562500e-01,2.301334217190742493e-02,3.697903454303741455e-02,9.372916221618652344e-01,3.458141088485717773e-01,-4.861749336123466492e-02,9.550959616899490356e-02,-9.683820605278015137e-02,2.342602610588073730e-01,-2.821178436279296875e-01,-1.301852464675903320e-01,-2.748599052429199219e-01,-1.390629634261131287e-02,3.107281923294067383e-01,5.302931070327758789e-01,-9.045704454183578491e-02,1.089954301714897156e-01
1.030935347080230713e-01,-1.751740425825119019e-01,5.910882353782653809e-01,2.590112946927547455e-02,3.237569704651832581e-02,9.318105578422546387e-01,3.605690002441406250e-01,-2.423186786472797394e-02,1.084150820970535278e-01,-6.392320245504379272e-02,2.229572087526321411e-01,-2.769849598407745361e-01,-1.177751272916793823e-01,-3.054753839969635010e-01,-2.686461247503757477e-02,3.135084211826324463e-01,5.029345750808715820e-01,-9.807541221380233765e-02,9.071027487516403198e-02
9.765043109655380249e-02,-1.691546291112899780e-01,5.901384949684143066e-01,2.775423787534236908e-02,2.726131491363048553e-02,9.261575937271118164e-01,3.751248419284820557e-01,8.777841576375067234e-04,1.181600019335746765e-01,-4.021912440657615662e-02,2.122585773468017578e-01,-2.796023488044738770e-01,-1.145201846957206726e-01,-3.362241685390472412e-01,-3.200767189264297485e-02,3.233324885368347168e-01,4.611752927303314209e-01,-1.080002412199974060e-01,8.418724685907363892e-02
9.137739986181259155e-02,-1.632899492979049683e-01,5.886346697807312012e-01,2.836744114756584167e-02,2.333263307809829712e-02,9.212475419044494629e-01,3.872387409210205078e-01,2.259020134806632996e-02,1.263056248426437378e-01,-1.376053132116794586e-02,2.040059715509414673e-01,-2.824297249317169189e-01,-1.056405827403068542e-01,-3.714361488819122314e-01,-2.991873957216739655e-02,3.421261310577392578e-01,4.157465398311614990e-01,-1.244957149028778076e-01,8.137125521898269653e-02
8.417541533708572388e-02,-1.568280458450317383e-01,5.877175331115722656e-01,2.889602072536945343e-02,2.101125009357929230e-02,9.164210557937622070e-01,3.986176550388336182e-01,4.674003645777702332e-02,1.270198076963424683e-01,3.428776748478412628e-03,1.945618540048599243e-01,-2.874413728713989258e-01,-9.927948564291000366e-02,-4.035872519016265869e-01,-2.829318121075630188e-02,3.667157292366027832e-01,3.618531525135040283e-01,-1.562957018613815308e-01,8.813333511352539062e-02
7.616686075925827026e-02,-1.496465057134628296e-01,5.869084596633911133e-01,3.127421438694000244e-02,1.865722984075546265e-02,9.109288454055786133e-01,4.109531342983245850e-01,7.275130599737167358e-02,1.250676959753036499e-01,2.313002198934555054e-02,1.912961155176162720e-01,-2.955840229988098145e-01,-9.262032061815261841e-02,-4.260689318180084229e-01,-2.595496922731399536e-02,3.857104778289794922e-01,3.056942224502563477e-01,-1.803715974092483521e-01,9.151597321033477783e-02
6.734424829483032227e-02,-1.423953622579574585e-01,5.856947898864746094e-01,3.126386925578117371e-02,1.741373538970947266e-02,9.055389761924743652e-01,4.227511286735534668e-01,9.056686609983444214e-02,1.219796836376190186e-01,4.096053913235664368e-02,1.961093693971633911e-01,-3.124583065509796143e-01,-8.612369745969772339e-02,-4.524037539958953857e-01,-2.575577981770038605e-02,3.880916833877563477e-01,2.543709278106689453e-01,-1.992031484842300415e-01,9.276675432920455933e-02
5.820443481206893921e-02,-1.354259103536605835e-01,5.842521190643310547e-01,2.879901975393295288e-02,1.834547519683837891e-02,9.014806747436523438e-01,4.314703941345214844e-01,1.031640097498893738e-01,1.146062314510345459e-01,4.898310452699661255e-02,2.019334435462951660e-01,-3.294674754142761230e-01,-7.579083740711212158e-02,-4.838847815990447998e-01,-2.545832283794879913e-02,3.799023330211639404e-01,2.177089005708694458e-01,-2.207680940628051758e-01,9.701786190271377563e-02
4.795863851904869080e-02,-1.273569464683532715e-01,5.823788046836853027e-01,2.606193162500858307e-02,1.940760575234889984e-02,8.982283473014831543e-01,4.383263587951660156e-01,1.184338480234146118e-01,1.086217388510704041e-01,6.224831938743591309e-02,2.051417231559753418e-01,-3.472467958927154541e-01,-7.266573607921600342e-02,-5.074235796928405762e-01,-1.980379968881607056e-02,3.814588785171508789e-01,2.039543241262435913e-01,-2.371774762868881226e-01,1.084478124976158142e-01
3.550020977854728699e-02,-1.183357015252113342e-01,5.796268582344055176e-01,2.296087518334388733e-02,1.869171485304832458e-02,8.951310515403747559e-01,4.448188245296478271e-01,1.396238207817077637e-01,1.019811704754829407e-01,6.838189810514450073e-02,2.074610292911529541e-01,-3.601579070091247559e-01,-6.961149722337722778e-02,-5.163924098014831543e-01,-6.101763341575860977e-03,4.031313359737396240e-01,2.160627692937850952e-01,-2.425308972597122192e-01,1.170752272009849548e-01
2.267066575586795807e-02,-1.093524917960166931e-01,5.760615468025207520e-01,1.691267266869544983e-02,1.606665737926959991e-02,8.918437957763671875e-01,4.517415463924407959e-01,1.549115031957626343e-01,1.018337979912757874e-01,8.401072770357131958e-02,2.122119069099426270e-01,-3.675090670585632324e-01,-6.100087612867355347e-02,-5.284723639488220215e-01,1.322769001126289368e-02,3.993043899536132812e-01,2.549654543399810791e-01,-2.388774156570434570e-01,1.179987341165542603e-01
7.310228887945413589e-03,-9.820754081010818481e-02,5.726245641708374023e-01,1.584503985941410065e-02,1.512547116726636887e-02,8.862820267677307129e-01,4.626276791095733643e-01,1.784212142229080200e-01,9.148473292589187622e-02,1.125042438507080078e-01,2.207023650407791138e-01,-3.542732894420623779e-01,-3.970969840884208679e-02,-5.057916641235351562e-01,2.227766439318656921e-02,4.079264700412750244e-01,2.810444831848144531e-01,-2.284834831953048706e-01,1.144244894385337830e-01
-8.506708778440952301e-03,-8.809225261211395264e-02,5.693906545639038086e-01,7.378070615231990814e-03,1.438341941684484482e-02,8.852750062942504883e-01,4.647868871688842773e-01,1.809510439634323120e-01,9.019736200571060181e-02,1.299699842929840088e-01,2.429212927818298340e-01,-3.300731778144836426e-01,-3.649731352925300598e-02,-5.143851637840270996e-01,3.074118681252002716e-02,4.178039133548736572e-01,3.103793561458587646e-01,-1.775285452604293823e-01,1.213565245270729065e-01
-2.537451125681400299e-02,-7.751044631004333496e-02,5.676593780517578125e-01,3.143587382510304451e-03,2.074067108333110809e-02,8.860293030738830566e-01,4.631544053554534912e-01,1.812519282102584839e-01,7.106669992208480835e-02,1.206211671233177185e-01,2.753437459468841553e-01,-2.791583836078643799e-01,-7.705982774496078491e-03,-5.144264101982116699e-01,1.675404608249664307e-02,4.236879944801330566e-01,3.412728011608123779e-01,-1.572070419788360596e-01,1.323887109756469727e-01
-4.452741891145706177e-02,-6.612055748701095581e-02,5.664445161819458008e-01,-1.663103612372651696e-04,2.609592862427234650e-02,8.894440531730651855e-01,4.562983810901641846e-01,1.806121319532394409e-01,5.237936973571777344e-02,1.007105261087417603e-01,3.165960013866424561e-01,-1.935998648405075073e-01,8.555032312870025635e-03,-5.022286176681518555e-01,-6.587803363800048828e-03,4.286220669746398926e-01,3.589217662811279297e-01,-1.372224837541580200e-01,1.444506049156188965e-01
-6.392722576856613159e-02,-5.436011403799057007e-02,5.657138824462890625e-01,-1.706215785816311836e-03,3.730262443423271179e-02,8.924272656440734863e-01,4.496433436870574951e-01,1.591981798410415649e-01,2.366502769291400909e-02,7.313834130764007568e-02,3.847716152667999268e-01,-4.677639529109001160e-02,2.450622245669364929e-02,-4.849964976310729980e-01,-5.176894366741180420e-02,4.162195324897766113e-01,3.598412275314331055e-01,-1.329972147941589355e-01,1.807923316955566406e-01
-8.402868360280990601e-02,-4.346311092376708984e-02,5.650352835655212402e-01,-3.232031594961881638e-03,4.917652904987335205e-02,8.976683616638183594e-01,4.379072487354278564e-01,1.229075193405151367e-01,-8.270038291811943054e-03,3.134775161743164062e-02,4.701229035854339600e-01,1.403291672468185425e-01,3.165673092007637024e-02,-4.689610302448272705e-01,-1.051409095525741577e-01,3.904510140419006348e-01,3.603580296039581299e-01,-1.446479409933090210e-01,2.159780412912368774e-01
-1.034643203020095825e-01,-3.285602480173110962e-02,5.671197772026062012e-01,-4.380955826491117477e-03,5.095023289322853088e-02,9.038633704185485840e-01,4.247539639472961426e-01,7.591433078050613403e-02,-3.411620855331420898e-02,-2.497945167124271393e-02,5.670346617698669434e-01,2.972774505615234375e-01,2.985720289871096611e-03,-4.382359385490417480e-01,-1.389747112989425659e-01,3.602164685726165771e-01,3.594900667667388916e-01,-1.652571856975555420e-01,2.424317002296447754e-01
-1.228060498833656311e-01,-2.119154483079910278e-02,5.730285644531250000e-01,-3.789822105318307877e-03,3.685285523533821106e-02,9.126877784729003906e-01,4.069748222827911377e-01,1.452477462589740753e-02,-3.222032636404037476e-02,-9.542860835790634155e-02,6.644929051399230957e-01,3.015729188919067383e-01,-3.700167313218116760e-02,-3.808609247207641602e-01,-1.460291445255279541e-01,3.110957741737365723e-01,3.433601558208465576e-01,-1.839232742786407471e-01,2.473564445972442627e-01
-1.425888836383819580e-01,-9.181972593069076538e-03,5.794447660446166992e-01,-2.403693506494164467e-03,1.867465674877166748e-02,9.241629838943481445e-01,3.815340399742126465e-01,-5.440294742584228516e-02,-1.584380865097045898e-02,-1.686991006135940552e-01,7.234132289886474609e-01,2.270541042089462280e-01,-7.373402267694473267e-02,-3.164771199226379395e-01,-1.451423913240432739e-01,2.510025501251220703e-01,3.243390023708343506e-01,-1.967071592807769775e-01,2.344449013471603394e-01
-1.614062339067459106e-01,3.330165520310401917e-03,5.843951702117919922e-01,-1.362893672194331884e-04,9.277210570871829987e-03,9.359992742538452148e-01,3.518796861171722412e-01,-1.275213062763214111e-01,-3.312370041385293007e-03,-2.211177945137023926e-01,7.338900566101074219e-01,1.684784740209579468e-01,-8.502945303916931152e-02,-2.540258765220642090e-01,-1.558152288198471069e-01,1.851644963026046753e-01,2.954149246215820312e-01,-2.036970704793930054e-01,2.276296913623809814e-01
-1.806261241436004639e-01,1.676163822412490845e-02,5.882091522216796875e-01,4.736475180834531784e-03,1.205744338221848011e-03,9.476348757743835449e-01,3.193184733390808105e-01,-1.964461207389831543e-01,1.225244253873825073e-02,-2.548777461051940918e-01,7.109246850013732910e-01,8.640981465578079224e-02,-7.522080838680267334e-02,-1.847565621137619019e-01,-1.641974598169326782e-01,1.153836920857429504e-01,2.609178423881530762e-01,-2.072728723287582397e-01,2.114631831645965576e-01
-1.991107165813446045e-01,3.032823279500007629e-02,5.904281139373779297e-01,1.061041560024023056e-02,-1.480688224546611309e-03,9.572728872299194336e-01,2.889875471591949463e-01,-2.602068185806274414e-01,4.557582433335483074e-04,-2.960456609725952148e-01,6.577332019805908203e-01,2.332616411149501801e-02,-6.159249320626258850e-02,-1.185315102338790894e-01,-1.728609800338745117e-01,5.040491372346878052e-02,2.297646999359130859e-01,-2.135408222675323486e-01,2.002884298563003540e-01
-2.174674719572067261e-01,4.417875409126281738e-02,5.901913642883300781e-01,1.407194510102272034e-02,8.677410078234970570e-04,9.652977585792541504e-01,2.607710063457489014e-01,-3.262811601161956787e-01,-2.736207470297813416e-02,-3.358278274536132812e-01,5.879437923431396484e-01,-1.742928661406040192e-02,-4.584575816988945007e-02,-6.358041614294052124e-02,-1.825520396232604980e-01,-7.148317527025938034e-03,2.101582884788513184e-01,-2.263812422752380371e-01,1.791601926088333130e-01
-2.353775501251220703e-01,5.895647406578063965e-02,5.891122221946716309e-01,2.124500833451747894e-02,2.252129372209310532e-03,9.721002578735351562e-01,2.335907667875289917e-01,-3.767483532428741455e-01,-5.451522022485733032e-02,-3.650100827217102051e-01,4.980263710021972656e-01,-6.137029454112052917e-02,-2.205732651054859161e-02,-1.062628813087940216e-03,-1.836063563823699951e-01,-6.266916543245315552e-02,1.907794922590255737e-01,-2.350309044122695923e-01,1.575891822576522827e-01
-2.540183961391448975e-01,7.407576590776443481e-02,5.874203443527221680e-01,2.595863677561283112e-02,6.346392445266246796e-03,9.781957864761352539e-01,2.059583663940429688e-01,-4.283585250377655029e-01,-8.773823827505111694e-02,-3.754118084907531738e-01,4.001616835594177246e-01,-1.018733829259872437e-01,1.711987075395882130e-03,5.356397852301597595e-02,-1.833690553903579712e-01,-1.205816715955734253e-01,1.791724711656570435e-01,-2.593357563018798828e-01,1.427947729825973511e-01
-2.726121842861175537e-01,8.996057510375976562e-02,5.851715803146362305e-01,2.692678570747375488e-02,6.620169151574373245e-03,9.819688200950622559e-01,1.869983673095703125e-01,-4.836172461509704590e-01,-1.111649274826049805e-01,-3.845713138580322266e-01,3.069266676902770996e-01,-1.484221965074539185e-01,2.035294100642204285e-02,1.009862646460533142e-01,-1.674341857433319092e-01,-1.581887006759643555e-01,1.723744571208953857e-01,-2.856261432170867920e-01,1.257957667112350464e-01
-2.919297218322753906e-01,1.059370860457420349e-01,5.838391780853271484e-01,2.726917527616024017e-02,2.258695429190993309e-03,9.848638772964477539e-01,1.711560636758804321e-01,-5.165598392486572266e-01,-1.237197592854499817e-01,-4.072931706905364990e-01,2.034700363874435425e-01,-1.921092122793197632e-01,4.420620203018188477e-02,1.439198106527328491e-01,-1.385569274425506592e-01,-1.790489554405212402e-01,1.777048259973526001e-01,-3.127664029598236084e-01,1.075160801410675049e-01
-3.102385699748992920e-01,1.227208375930786133e-01,5.814346671104431152e-01,2.368154749274253845e-02,-1.768995891325175762e-03,9.854899048805236816e-01,1.680645346641540527e-01,-5.472323298454284668e-01,-1.252196282148361206e-01,-4.435510933399200439e-01,1.255741566419601440e-01,-2.215703874826431274e-01,4.947460070252418518e-02,1.771545410156250000e-01,-1.107767522335052490e-01,-1.828950196504592896e-01,1.882001310586929321e-01,-3.380302488803863525e-01,9.071207046508789062e-02
-3.291762769222259521e-01,1.408869028091430664e-01,5.759144425392150879e-01,1.741788163781166077e-02,3.645564895123243332e-03,9.863130450248718262e-01,1.639205068349838257e-01,-5.798846483230590820e-01,-1.449993252754211426e-01,-4.999957084655761719e-01,1.274584233760833740e-01,-2.410392314195632935e-01,6.216546148061752319e-02,1.931942850351333618e-01,-1.015125811100006104e-01,-2.065846174955368042e-01,2.127929627895355225e-01,-3.580208122730255127e-01,7.639858871698379517e-02
-3.506427407264709473e-01,1.595775336027145386e-01,5.704428553581237793e-01,2.006908133625984192e-02,7.890694774687290192e-03,9.876630306243896484e-01,1.551021188497543335e-01,-5.805247426033020020e-01,-1.708931922912597656e-01,-5.252638459205627441e-01,1.973092406988143921e-01,-2.540116608142852783e-01,3.676800057291984558e-02,2.306609898805618286e-01,-9.076123684644699097e-02,-2.326697558164596558e-01,2.371566444635391235e-01,-3.461912572383880615e-01,4.690323024988174438e-02
