2.367387533187866211e+00,-2.383790493011474609e+00,5.594227910041809082e-01,-1.134642958641052246e-02,5.009176954627037048e-02,8.110179305076599121e-01,5.827623605728149414e-01,1.565856635570526123e-01,-1.571969836950302124e-01,-7.418757081031799316e-01,1.754467338323593140e-01,1.293695271015167236e-01,5.218112841248512268e-02,-2.778586745262145996e-01,-1.315975189208984375e-01,6.842911839485168457e-01,2.403976172208786011e-01,-2.408187985420227051e-01,1.322102844715118408e-01
2.334215641021728516e+00,-2.358178615570068359e+00,5.690501928329467773e-01,1.994478981941938400e-03,-6.206398364156484604e-03,9.199541807174682617e-01,3.919716477394104004e-01,-3.242335915565490723e-01,9.291315078735351562e-02,8.696144446730613708e-03,8.245700001716613770e-01,1.825201064348220825e-01,-9.450920857489109039e-03,-2.488913238048553467e-01,-1.511133909225463867e-01,2.216700166463851929e-01,3.588135242462158203e-01,-2.565627992153167725e-01,1.746324300765991211e-01
2.308959245681762695e+00,-2.340306520462036133e+00,5.706444382667541504e-01,8.654225617647171021e-03,-2.420510631054639816e-03,9.303163290023803711e-01,3.666480779647827148e-01,-3.746274411678314209e-01,5.527276918292045593e-02,-6.366275250911712646e-02,7.443562150001525879e-01,1.519322395324707031e-01,6.312116235494613647e-02,-1.590081006288528442e-01,-1.878059059381484985e-01,1.708370000123977661e-01,3.067628443241119385e-01,-2.666183114051818848e-01,1.397308260202407837e-01
2.282926082611083984e+00,-2.320858955383300781e+00,5.706648826599121094e-01,2.136294916272163391e-02,1.784172491170465946e-03,9.419747591018676758e-01,3.349984288215637207e-01,-4.112152755260467529e-01,2.745058387517929077e-02,-1.570206582546234131e-01,6.373283863067626953e-01,1.197414472699165344e-01,8.371523022651672363e-02,-5.531739816069602966e-02,-2.251985818147659302e-01,7.672108709812164307e-02,2.551911175251007080e-01,-2.469308674335479736e-01,1.149863898754119873e-01
2.256188631057739258e+00,-2.299288988113403320e+00,5.719528198242187500e-01,2.649605832993984222e-02,-1.720029511488974094e-03,9.587381482124328613e-01,2.830478847026824951e-01,-4.663875699043273926e-01,3.494619578123092651e-02,-2.165179252624511719e-01,4.833819270133972168e-01,5.060408264398574829e-02,-1.614554785192012787e-03,3.215870261192321777e-02,-2.185041010379791260e-01,-2.535804733633995056e-02,2.175189256668090820e-01,-2.262328565120697021e-01,1.048437356948852539e-01
2.211275577545166016e+00,-2.276616573333740234e+00,5.735653638839721680e-01,2.644228190183639526e-02,-1.329932454973459244e-02,9.842432141304016113e-01,1.743250489234924316e-01,-4.152629375457763672e-01,-1.708310656249523163e-02,-3.273691236972808838e-01,3.165858983993530273e-01,-1.083566024899482727e-01,4.190919548273086548e-02,1.297775506973266602e-01,-1.775773018598556519e-01,-2.042928189039230347e-01,1.767936348915100098e-01,-1.980992704629898071e-01,6.246374547481536865e-02
2.186490297317504883e+00,-2.258245944976806641e+00,5.698924660682678223e-01,3.767268359661102295e-02,-1.292093750089406967e-02,9.896953701972961426e-01,1.375386565923690796e-01,-4.438851177692413330e-01,-6.802037358283996582e-02,-4.577015638351440430e-01,2.150790244340896606e-01,-1.510144472122192383e-01,9.082233160734176636e-02,2.182433903217315674e-01,-1.495316624641418457e-01,-2.531446516513824463e-01,1.447260975837707520e-01,-1.946169286966323853e-01,3.518204018473625183e-02
2.162493467330932617e+00,-2.242218732833862305e+00,5.675578117370605469e-01,3.656518831849098206e-02,-2.223378792405128479e-02,9.929195046424865723e-01,1.108128949999809265e-01,-4.812216162681579590e-01,-8.625681698322296143e-02,-5.037053823471069336e-01,1.234271973371505737e-01,-2.171202898025512695e-01,1.016776859760284424e-01,2.690776884555816650e-01,-9.995651245117187500e-02,-2.912261188030242920e-01,1.336773931980133057e-01,-2.106672227382659912e-01,9.892597794532775879e-03
2.138870000839233398e+00,-2.222882986068725586e+00,5.609400868415832520e-01,2.255064435303211212e-02,-1.102214399725198746e-02,9.942813515663146973e-01,1.038003936409950256e-01,-5.489213466644287109e-01,-1.159732863306999207e-01,-5.638782978057861328e-01,1.072789281606674194e-01,-2.506048679351806641e-01,1.184568628668785095e-01,2.820838987827301025e-01,-8.447900414466857910e-02,-2.905986905097961426e-01,1.487395018339157104e-01,-2.868559658527374268e-01,1.325363013893365860e-02
2.112676620483398438e+00,-2.201131582260131836e+00,5.542144775390625000e-01,3.346340358257293701e-02,-1.005958765745162964e-02,9.962217211723327637e-01,7.950681447982788086e-02,-5.201691985130310059e-01,-1.315611451864242554e-01,-6.050056815147399902e-01,1.455866545438766479e-01,-2.570588290691375732e-01,1.075172498822212219e-01,3.430160880088806152e-01,-4.836646467447280884e-02,-3.363935351371765137e-01,1.646347045898437500e-01,-2.550303936004638672e-01,-4.061239957809448242e-02
2.084078788757324219e+00,-2.180593490600585938e+00,5.464156866073608398e-01,2.464459091424942017e-02,2.741368021816015244e-03,9.975221157073974609e-01,6.583908200263977051e-02,-5.459935665130615234e-01,-1.525409221649169922e-01,-5.748901963233947754e-01,2.167800068855285645e-01,-1.846635192632675171e-01,6.323554366827011108e-02,3.520834147930145264e-01,-4.255056008696556091e-02,-3.839775919914245605e-01,1.964204907417297363e-01,-1.966317296028137207e-01,-5.268976464867591858e-02
2.054373025894165039e+00,-2.158252954483032227e+00,5.402733683586120605e-01,1.501927804201841354e-02,6.916667334735393524e-03,9.982595443725585938e-01,5.660835281014442444e-02,-5.846768617630004883e-01,-1.749642044305801392e-01,-5.421491861343383789e-01,3.328074216842651367e-01,-6.704833358526229858e-02,3.004675358533859253e-02,3.452501893043518066e-01,-2.761741913855075836e-02,-4.351413846015930176e-01,2.582818865776062012e-01,-7.810252904891967773e-02,-8.865208923816680908e-02
2.027978181838989258e+00,-2.136592864990234375e+00,5.381993055343627930e-01,7.153589744120836258e-03,-1.173978205770254135e-02,9.985788464546203613e-01,5.149097740650177002e-02,-5.593605637550354004e-01,-1.134189143776893616e-01,-5.476716160774230957e-01,3.609094619750976562e-01,-4.085664078593254089e-02,-2.789168991148471832e-02,3.081471323966979980e-01,2.816664054989814758e-02,-3.627695441246032715e-01,3.470847904682159424e-01,1.959434598684310913e-01,-1.150392889976501465e-01
1.999693751335144043e+00,-2.115130424499511719e+00,5.402378439903259277e-01,-6.268976256251335144e-03,-8.918516337871551514e-03,9.968737959861755371e-01,7.825451344251632690e-02,-5.772356390953063965e-01,-7.017878443002700806e-02,-5.110562443733215332e-01,4.183132946491241455e-01,-5.138977989554405212e-02,-9.184616059064865112e-02,2.589035332202911377e-01,1.863097585737705231e-02,-3.240068554878234863e-01,4.527291059494018555e-01,3.285096287727355957e-01,-1.158749163150787354e-01
1.974500536918640137e+00,-2.095128536224365234e+00,5.491769909858703613e-01,3.242870792746543884e-03,2.671003807336091995e-03,9.946007132530212402e-01,1.036909595131874084e-01,-5.178738236427307129e-01,-3.499305620789527893e-02,-4.538494944572448730e-01,4.168167412281036377e-01,-8.228460699319839478e-02,-1.200819090008735657e-01,1.980283260345458984e-01,-3.906602412462234497e-02,-3.069513142108917236e-01,5.751061439514160156e-01,3.772850036621093750e-01,-1.117568016052246094e-01
1.945421338081359863e+00,-2.072573900222778320e+00,5.616129040718078613e-01,2.728374302387237549e-02,2.298412472009658813e-02,9.890159368515014648e-01,1.434393674135208130e-01,-4.081618785858154297e-01,-8.884755894541740417e-03,-3.649775087833404541e-01,3.891708254814147949e-01,-1.022246628999710083e-01,-1.432377696037292480e-01,1.374746859073638916e-01,-6.298875063657760620e-02,-1.291071623563766479e-01,6.560282111167907715e-01,2.705990374088287354e-01,-1.529973652213811874e-02
1.918755173683166504e+00,-2.049434185028076172e+00,5.711227655410766602e-01,4.785040393471717834e-02,3.128480911254882812e-02,9.805207252502441406e-01,1.879114955663681030e-01,-3.044429421424865723e-01,2.915376238524913788e-02,-2.773545086383819580e-01,3.541085720062255859e-01,-1.222982406616210938e-01,-1.631896942853927612e-01,7.502502948045730591e-02,-6.270024925470352173e-02,3.143641725182533264e-02,6.985440254211425781e-01,1.924432665109634399e-01,5.813108384609222412e-02
1.892672896385192871e+00,-2.028277158737182617e+00,5.779715776443481445e-01,6.144413724541664124e-02,3.369111567735671997e-02,9.692976474761962891e-01,2.356937527656555176e-01,-2.037552297115325928e-01,6.564653664827346802e-02,-2.044527977705001831e-01,3.045812249183654785e-01,-1.319908350706100464e-01,-1.303420662879943848e-01,6.452754605561494827e-03,-9.050904959440231323e-02,1.300498545169830322e-01,6.771750450134277344e-01,1.153792217373847961e-01,7.041598111391067505e-02
1.866458773612976074e+00,-2.007837295532226562e+00,5.824238061904907227e-01,6.756785511970520020e-02,3.164649009704589844e-02,9.565082192420959473e-01,2.820019423961639404e-01,-1.140576675534248352e-01,9.846420586109161377e-02,-1.238214746117591858e-01,2.529926598072052002e-01,-1.444261521100997925e-01,-1.038512662053108215e-01,-7.698661088943481445e-02,-1.048299148678779602e-01,1.943226456642150879e-01,6.215964555740356445e-01,3.173430636525154114e-02,7.118570804595947266e-02
1.840381026268005371e+00,-1.987200617790222168e+00,5.838128328323364258e-01,6.845959275960922241e-02,2.492590807378292084e-02,9.424457550048828125e-01,3.263249695301055908e-01,-3.898259252309799194e-02,1.309899091720581055e-01,-2.989033237099647522e-02,2.192538827657699585e-01,-1.564613729715347290e-01,-8.894319832324981689e-02,-1.587345749139785767e-01,-8.756460249423980713e-02,2.589786946773529053e-01,5.309824347496032715e-01,-3.588284179568290710e-02,7.491102814674377441e-02
1.814560294151306152e+00,-1.968816637992858887e+00,5.826843976974487305e-01,5.980623885989189148e-02,1.864758506417274475e-02,9.283505082130432129e-01,3.663889467716217041e-01,6.569629535079002380e-03,1.517867743968963623e-01,5.125736445188522339e-02,2.093373388051986694e-01,-1.852837353944778442e-01,-8.431729674339294434e-02,-2.558631300926208496e-01,-5.038379877805709839e-02,3.312418758869171143e-01,4.254041314125061035e-01,-9.079160541296005249e-02,7.673630118370056152e-02
1.787670969963073730e+00,-1.948014616966247559e+00,5.805554986000061035e-01,5.952133983373641968e-02,8.971629664301872253e-03,9.133468866348266602e-01,4.027085304260253906e-01,9.152810275554656982e-02,1.606391966342926025e-01,1.130514368414878845e-01,1.746844500303268433e-01,-2.113730460405349731e-01,-6.614981591701507568e-02,-3.180519640445709229e-01,-1.390515267848968506e-02,3.771627545356750488e-01,3.024239540100097656e-01,-1.341697722673416138e-01,4.575420916080474854e-02
1.761741518974304199e+00,-1.927153229713439941e+00,5.776146054267883301e-01,5.871183425188064575e-02,4.810209851711988449e-03,8.984289765357971191e-01,4.351496100425720215e-01,1.676682382822036743e-01,1.503548622131347656e-01,1.759383976459503174e-01,1.419750899076461792e-01,-2.351917028427124023e-01,-5.508237704634666443e-02,-3.844626247882843018e-01,1.044248696416616440e-02,3.821751773357391357e-01,1.891804784536361694e-01,-1.758299916982650757e-01,4.795386921614408493e-04
1.736221313476562500e+00,-1.906830668449401855e+00,5.745332241058349609e-01,6.026642024517059326e-02,5.912383086979389191e-03,8.875865936279296875e-01,4.566432237625122070e-01,2.236233055591583252e-01,1.259969770908355713e-01,2.235847115516662598e-01,1.475220024585723877e-01,-2.655985355377197266e-01,-4.463282227516174316e-02,-4.437415897846221924e-01,2.629482559859752655e-02,3.944464921951293945e-01,1.283778846263885498e-01,-2.297706156969070435e-01,-2.316076867282390594e-02
1.711319446563720703e+00,-1.886083245277404785e+00,5.690976381301879883e-01,5.766504630446434021e-02,3.785512410104274750e-03,8.783504962921142578e-01,4.745111465454101562e-01,2.626733779907226562e-01,1.129637137055397034e-01,2.691949009895324707e-01,1.702241748571395874e-01,-2.876795828342437744e-01,-2.845126576721668243e-02,-4.816481173038482666e-01,5.510358139872550964e-02,4.407035708427429199e-01,1.273005455732345581e-01,-2.515266537666320801e-01,-3.285649418830871582e-02
1.684470534324645996e+00,-1.865523695945739746e+00,5.613724589347839355e-01,5.028479546308517456e-02,3.954160492867231369e-04,8.711344599723815918e-01,4.884629547595977783e-01,2.915423810482025146e-01,1.051097288727760315e-01,2.982588708400726318e-01,2.046095281839370728e-01,-2.749175131320953369e-01,-6.749833002686500549e-03,-4.969331622123718262e-01,7.344125956296920776e-02,4.774101674556732178e-01,1.689218729734420776e-01,-2.402058541774749756e-01,-3.208905830979347229e-02
1.656046509742736816e+00,-1.842944025993347168e+00,5.548848509788513184e-01,4.194336012005805969e-02,1.397131592966616154e-03,8.643212914466857910e-01,5.011861324310302734e-01,3.082525432109832764e-01,8.898102492094039917e-02,3.195854723453521729e-01,2.461703717708587646e-01,-2.093891203403472900e-01,3.108290769159793854e-02,-4.953131377696990967e-01,7.161948829889297485e-02,4.905455410480499268e-01,2.321257591247558594e-01,-2.064105272293090820e-01,-1.239361148327589035e-02
1.625079035758972168e+00,-1.819852352142333984e+00,5.496277809143066406e-01,3.334946930408477783e-02,1.297544036060571671e-02,8.583396077156066895e-01,5.118325948715209961e-01,2.947813272476196289e-01,5.959260463714599609e-02,3.371870815753936768e-01,3.177752792835235596e-01,-6.191157922148704529e-02,8.763982355594635010e-02,-5.026937127113342285e-01,5.101488158106803894e-02,4.540732502937316895e-01,2.660012543201446533e-01,-9.247586876153945923e-02,4.481114447116851807e-02
1.594423055648803711e+00,-1.797285556793212891e+00,5.448593497276306152e-01,3.254884853959083557e-02,3.802080824971199036e-02,8.645908236503601074e-01,4.999776482582092285e-01,2.739162743091583252e-01,1.917966827750205994e-02,2.826759815216064453e-01,4.106460511684417725e-01,1.796032041311264038e-01,1.653118878602981567e-01,-5.157963633537292480e-01,-1.840437389910221100e-02,4.506620764732360840e-01,3.388815224170684814e-01,-6.333111226558685303e-02,8.612420409917831421e-02
1.565314054489135742e+00,-1.775662422180175781e+00,5.462626814842224121e-01,3.743249922990798950e-02,5.051443725824356079e-02,8.704707622528076172e-01,4.881882369518280029e-01,2.407698035240173340e-01,-9.142110124230384827e-03,2.248420566320419312e-01,5.221612453460693359e-01,4.172957241535186768e-01,1.816797703504562378e-01,-4.872021675109863281e-01,-8.424359560012817383e-02,4.154866635799407959e-01,3.767146766185760498e-01,-7.960600405931472778e-02,1.551729291677474976e-01
1.536497235298156738e+00,-1.757395625114440918e+00,5.557769536972045898e-01,2.818220853805541992e-02,3.678205981850624084e-02,8.800508379936218262e-01,4.726133346557617188e-01,1.344840228557586670e-01,-2.929904311895370483e-02,7.795614004135131836e-02,6.455449461936950684e-01,4.720996320247650146e-01,9.431065618991851807e-02,-4.385379552841186523e-01,-1.005932316184043884e-01,3.634423613548278809e-01,3.770556449890136719e-01,-1.135788410902023315e-01,2.093176394701004028e-01
1.507574558258056641e+00,-1.735983967781066895e+00,5.676245093345642090e-01,3.028596937656402588e-02,1.269975025206804276e-02,8.941688537597656250e-01,4.465238451957702637e-01,4.251481965184211731e-02,-1.952441781759262085e-02,-5.105467513203620911e-02,7.236927151679992676e-01,3.766071498394012451e-01,-1.798700075596570969e-03,-3.370429277420043945e-01,-1.129776090383529663e-01,2.903797030448913574e-01,3.430173397064208984e-01,-1.369134932756423950e-01,2.058051377534866333e-01
1.479038834571838379e+00,-1.711096763610839844e+00,5.790221691131591797e-01,5.412657558917999268e-02,-1.562858559191226959e-02,9.103249907493591309e-01,4.100420475006103516e-01,2.320271171629428864e-02,5.665047559887170792e-03,-1.537390947341918945e-01,7.188681960105895996e-01,2.601050138473510742e-01,-4.654987528920173645e-02,-1.750702261924743652e-01,-1.255049705505371094e-01,2.019115686416625977e-01,2.881755232810974121e-01,-1.540768444538116455e-01,1.666335463523864746e-01
1.451696276664733887e+00,-1.688556194305419922e+00,5.852550268173217773e-01,5.851252749562263489e-02,-2.097797393798828125e-02,9.265170097351074219e-01,3.710828423500061035e-01,-6.115006655454635620e-02,1.329053752124309540e-02,-2.352257072925567627e-01,6.908786892890930176e-01,1.702097058296203613e-01,-4.926753044128417969e-02,-8.653120696544647217e-02,-1.452826857566833496e-01,1.190274059772491455e-01,2.480402141809463501e-01,-1.505517512559890747e-01,1.517975777387619019e-01
1.425412654876708984e+00,-1.666024684906005859e+00,5.885148644447326660e-01,5.976232886314392090e-02,-1.944856159389019012e-02,9.435808062553405762e-01,3.251238167285919189e-01,-1.382113248109817505e-01,-4.147683735936880112e-03,-3.209935724735260010e-01,6.139686107635498047e-01,9.789274632930755615e-02,-5.504832044243812561e-02,-1.255894917994737625e-02,-1.568587869405746460e-01,5.919045209884643555e-02,2.107928842306137085e-01,-1.544044911861419678e-01,1.251475960016250610e-01
1.399114727973937988e+00,-1.643707990646362305e+00,5.897660255432128906e-01,5.415872856974601746e-02,-1.695328205823898315e-02,9.588127136230468750e-01,2.783121168613433838e-01,-2.251713424921035767e-01,-2.983977273106575012e-02,-4.046870768070220947e-01,5.094895362854003906e-01,-1.900850608944892883e-02,-1.762527041137218475e-02,4.301476106047630310e-02,-1.590512394905090332e-01,-2.931911684572696686e-02,1.758934110403060913e-01,-1.602405160665512085e-01,1.048937961459159851e-01
1.373390555381774902e+00,-1.621437430381774902e+00,5.886319875717163086e-01,5.656867101788520813e-02,-1.134547963738441467e-02,9.702604413032531738e-01,2.350870370864868164e-01,-2.879212200641632080e-01,-7.190192490816116333e-02,-4.570665955543518066e-01,3.910751640796661377e-01,-8.687152713537216187e-02,3.312825784087181091e-02,1.128834486007690430e-01,-1.576323658227920532e-01,-1.106021627783775330e-01,1.453904360532760620e-01,-1.713983416557312012e-01,7.252757996320724487e-02
1.348026752471923828e+00,-1.598754525184631348e+00,5.868082046508789062e-01,5.825914442539215088e-02,-8.515916764736175537e-03,9.794096350669860840e-01,1.931063979864120483e-01,-3.500674962997436523e-01,-1.070993542671203613e-01,-4.578771293163299561e-01,2.665961384773254395e-01,-1.408261209726333618e-01,8.111929893493652344e-02,1.756392866373062134e-01,-1.380488723516464233e-01,-1.833684295415878296e-01,1.300933361053466797e-01,-2.010843306779861450e-01,5.485376343131065369e-02
1.324000120162963867e+00,-1.577112436294555664e+00,5.854184031486511230e-01,5.386726558208465576e-02,-1.505216490477323532e-02,9.851821660995483398e-01,1.621352434158325195e-01,-4.173381030559539795e-01,-1.281390488147735596e-01,-4.396632313728332520e-01,1.666760891675949097e-01,-2.090788185596466064e-01,1.081899777054786682e-01,2.185422778129577637e-01,-9.267065674066543579e-02,-2.258037328720092773e-01,1.323795765638351440e-01,-2.394904047250747681e-01,3.168513625860214233e-02
1.300985455513000488e+00,-1.554354310035705566e+00,5.810594558715820312e-01,4.846894368529319763e-02,-1.371739711612462997e-02,9.883984923362731934e-01,1.432863026857376099e-01,-4.825757145881652832e-01,-1.622064709663391113e-01,-4.396021366119384766e-01,1.266545355319976807e-01,-2.334398776292800903e-01,1.341552287340164185e-01,2.511262893676757812e-01,-6.096049398183822632e-02,-2.563151717185974121e-01,1.446808427572250366e-01,-2.720189988613128662e-01,2.021983079612255096e-02
1.276892304420471191e+00,-1.531157493591308594e+00,5.745545029640197754e-01,4.868756607174873352e-02,-8.111810311675071716e-03,9.906161427497863770e-01,1.274495422840118408e-01,-5.077300667762756348e-01,-1.997473388910293579e-01,-4.687392413616180420e-01,1.569849997758865356e-01,-2.535100877285003662e-01,1.426069140434265137e-01,2.846296727657318115e-01,-4.035846143960952759e-02,-2.961736023426055908e-01,1.752595007419586182e-01,-2.863483726978302002e-01,-3.956853412091732025e-03
1.251880645751953125e+00,-1.506034135818481445e+00,5.663254857063293457e-01,4.673323035240173340e-02,7.825369830243289471e-04,9.913887977600097656e-01,1.223260685801506042e-01,-5.244103670120239258e-01,-2.199310809373855591e-01,-4.885090589523315430e-01,2.402098178863525391e-01,-2.443320304155349731e-01,1.220753416419029236e-01,3.138346374034881592e-01,-2.931899018585681915e-02,-3.278297483921051025e-01,2.095897197723388672e-01,-2.581323683261871338e-01,-4.013680666685104370e-02
1.224122285842895508e+00,-1.478808522224426270e+00,5.587890744209289551e-01,4.219330102205276489e-02,1.344372145831584930e-02,9.927910566329956055e-01,1.113772168755531311e-01,-5.265359878540039062e-01,-2.377475798130035400e-01,-4.906883239746093750e-01,3.095594942569732666e-01,-1.448438912630081177e-01,1.009614095091819763e-01,3.262640237808227539e-01,-2.377208694815635681e-02,-3.682635724544525146e-01,2.546543478965759277e-01,-1.750973016023635864e-01,-7.157935947179794312e-02
1.197384476661682129e+00,-1.449787139892578125e+00,5.529686808586120605e-01,2.481295913457870483e-02,1.647316850721836090e-02,9.929251074790954590e-01,1.149462535977363586e-01,-5.635938644409179688e-01,-2.060378491878509521e-01,-4.173773527145385742e-01,3.612141311168670654e-01,-1.352795772254467010e-02,4.843031615018844604e-02,2.906927466392517090e-01,-1.028444338589906693e-02,-3.701699674129486084e-01,3.430757820606231689e-01,-3.458416834473609924e-02,-8.499491214752197266e-02
1.169871687889099121e+00,-1.421314954757690430e+00,5.520530939102172852e-01,1.775228790938854218e-02,4.480454081203788519e-04,9.919818639755249023e-01,1.251262724399566650e-01,-5.352796912193298340e-01,-1.360227912664413452e-01,-4.291731715202331543e-01,4.098965525627136230e-01,-2.479704283177852631e-02,-9.230929426848888397e-03,2.743806540966033936e-01,2.989934757351875305e-02,-3.262490034103393555e-01,4.335076808929443359e-01,1.872378289699554443e-01,-1.091021522879600525e-01
1.146084785461425781e+00,-1.394357204437255859e+00,5.567582249641418457e-01,1.730638742446899414e-02,-4.876687657088041306e-03,9.894894957542419434e-01,1.434823721647262573e-01,-4.969228208065032959e-01,-7.884690910577774048e-02,-4.165305197238922119e-01,4.403302967548370361e-01,-8.734451979398727417e-02,-7.363866269588470459e-02,2.234781533479690552e-01,4.859460145235061646e-02,-2.363926023244857788e-01,5.502594709396362305e-01,3.443584144115447998e-01,-7.912152260541915894e-02
1.121935486793518066e+00,-1.368062973022460938e+00,5.672287940979003906e-01,2.352244779467582703e-02,1.023835968226194382e-02,9.855928421020507812e-01,1.671784967184066772e-01,-4.337701499462127686e-01,-5.203976854681968689e-02,-3.730495572090148926e-01,4.304668605327606201e-01,-1.361033320426940918e-01,-1.063731908798217773e-01,1.230627819895744324e-01,2.314192801713943481e-02,-1.151449680328369141e-01,6.811357140541076660e-01,2.823956310749053955e-01,-2.616485347971320152e-03
1.096703529357910156e+00,-1.341680049896240234e+00,5.779696106910705566e-01,3.966619819402694702e-02,1.971244066953659058e-02,9.794607758522033691e-01,1.967095285654067993e-01,-3.316054344177246094e-01,-1.136209536343812943e-02,-3.017387092113494873e-01,3.885722756385803223e-01,-1.583144515752792358e-01,-1.213957965373992920e-01,5.662877485156059265e-02,-2.134907059371471405e-02,-1.759312674403190613e-02,7.336453199386596680e-01,2.005037963390350342e-01,3.581452369689941406e-02
1.071041345596313477e+00,-1.315515756607055664e+00,5.859782099723815918e-01,5.510905012488365173e-02,2.028067223727703094e-02,9.712011218070983887e-01,2.309114187955856323e-01,-2.158661633729934692e-01,3.739833086729049683e-02,-2.302276939153671265e-01,3.269742131233215332e-01,-1.755680292844772339e-01,-1.214434951543807983e-01,3.180926898494362831e-03,-5.236067995429039001e-02,7.992977648973464966e-02,7.259245514869689941e-01,1.293060183525085449e-01,6.006211414933204651e-02
1.045662045478820801e+00,-1.291400909423828125e+00,5.909203290939331055e-01,6.692700088024139404e-02,2.180203795433044434e-02,9.596567749977111816e-01,2.722209990024566650e-01,-1.160657927393913269e-01,5.833288282155990601e-02,-2.179693877696990967e-01,2.776292562484741211e-01,-1.655540466308593750e-01,-6.961578875780105591e-02,-5.229081586003303528e-02,-8.503066003322601318e-02,1.773314028978347778e-01,6.697419285774230957e-01,3.848768770694732666e-02,7.303853332996368408e-02
1.021560549736022949e+00,-1.267296314239501953e+00,5.925781726837158203e-01,6.763826310634613037e-02,1.223520655184984207e-02,9.475663304328918457e-01,3.120792210102081299e-01,-3.762245550751686096e-02,1.116381958127021790e-01,-9.384284168481826782e-02,2.308933734893798828e-01,-1.717589497566223145e-01,-7.091802358627319336e-02,-1.241256371140480042e-01,-8.534727990627288818e-02,2.639234364032745361e-01,5.792415738105773926e-01,-1.859146915376186371e-02,5.825068056583404541e-02
9.972346425056457520e-01,-1.244910717010498047e+00,5.910117626190185547e-01,6.427939236164093018e-02,7.616462185978889465e-03,9.347572922706604004e-01,3.493407070636749268e-01,2.173209190368652344e-02,1.373949646949768066e-01,-1.583100669085979462e-02,2.108140438795089722e-01,-1.749679446220397949e-01,-5.515791848301887512e-02,-2.048832029104232788e-01,-7.727443426847457886e-02,3.380746543407440186e-01,4.634121358394622803e-01,-8.404944092035293579e-02,5.209075286984443665e-02
9.725000262260437012e-01,-1.222174406051635742e+00,5.885499119758605957e-01,6.101228296756744385e-02,-2.027414739131927490e-03,9.199805855751037598e-01,3.871810436248779297e-01,8.809354156255722046e-02,1.564659774303436279e-01,4.751790314912796021e-02,1.931922286748886108e-01,-2.058805972337722778e-01,-3.597299754619598389e-02,-2.754195332527160645e-01,-5.091448873281478882e-02,3.969257473945617676e-01,3.345236182212829590e-01,-1.413123160600662231e-01,1.895838975906372070e-02
9.478009939193725586e-01,-1.200150847434997559e+00,5.857447385787963867e-01,6.179869920015335083e-02,-6.260588765144348145e-03,9.043532609939575195e-01,4.222402870655059814e-01,1.609563827514648438e-01,1.516166776418685913e-01,1.073348447680473328e-01,1.702504456043243408e-01,-2.192570418119430542e-01,-2.158013544976711273e-02,-3.325780034065246582e-01,-2.891942486166954041e-02,4.396478235721588135e-01,1.965628713369369507e-01,-1.847458928823471069e-01,-1.115942373871803284e-02
9.241328835487365723e-01,-1.177966952323913574e+00,5.832831263542175293e-01,5.929380282759666443e-02,-2.100341487675905228e-03,8.914874792098999023e-01,4.491434991359710693e-01,2.098389416933059692e-01,1.279788017272949219e-01,1.457609534263610840e-01,1.681392043828964233e-01,-2.509153783321380615e-01,-1.446390245109796524e-02,-4.000433683395385742e-01,-1.222386024892330170e-02,4.762077629566192627e-01,1.020769849419593811e-01,-2.274446040391921997e-01,-2.007254026830196381e-02
8.996782898902893066e-01,-1.156139969825744629e+00,5.777099728584289551e-01,5.309319868683815002e-02,-5.877689691260457039e-04,8.815914988517761230e-01,4.690172970294952393e-01,2.404649406671524048e-01,1.147553026676177979e-01,1.873218268156051636e-01,1.912253201007843018e-01,-2.681081295013427734e-01,2.313449513167142868e-03,-4.532757699489593506e-01,8.009594865143299103e-03,5.298895239830017090e-01,7.934870570898056030e-02,-2.530500590801239014e-01,-4.115813970565795898e-02
8.756498694419860840e-01,-1.132685065269470215e+00,5.707337856292724609e-01,4.772244393825531006e-02,-3.671330865472555161e-03,8.715676069259643555e-01,4.879334270954132080e-01,2.708662152290344238e-01,1.084654778242111206e-01,2.335900217294692993e-01,2.247709929943084717e-01,-2.503758668899536133e-01,2.824717015027999878e-02,-4.716180562973022461e-01,3.468113392591476440e-02,5.578356385231018066e-01,1.301621794700622559e-01,-2.591045200824737549e-01,-3.415103629231452942e-02
8.491284251213073730e-01,-1.107458710670471191e+00,5.629284381866455078e-01,4.530949518084526062e-02,-7.886408828198909760e-03,8.620436191558837891e-01,5.047431588172912598e-01,3.076036572456359863e-01,1.015253663063049316e-01,2.845422327518463135e-01,2.620749473571777344e-01,-1.761939823627471924e-01,7.576835900545120239e-02,-4.551324248313903809e-01,4.228234291076660156e-02,5.825128555297851562e-01,2.102817893028259277e-01,-2.227830439805984497e-01,-2.695767208933830261e-02
8.179265856742858887e-01,-1.082126021385192871e+00,5.570898056030273438e-01,3.914558514952659607e-02,8.957545273005962372e-03,8.549717068672180176e-01,5.171177983283996582e-01,2.949482500553131104e-01,5.441904067993164062e-02,2.827887833118438721e-01,3.351897001266479492e-01,-2.137869223952293396e-02,1.462187618017196655e-01,-4.688329696655273438e-01,9.171167388558387756e-03,5.278399586677551270e-01,2.438066750764846802e-01,-1.090204343199729919e-01,6.117887422442436218e-02
7.887047529220581055e-01,-1.057260036468505859e+00,5.529766082763671875e-01,4.379171133041381836e-02,2.845098264515399933e-02,8.599453568458557129e-01,5.077074170112609863e-01,2.835711836814880371e-01,2.222152240574359894e-02,2.507452666759490967e-01,4.318701326847076416e-01,2.300379574298858643e-01,2.214417755603790283e-01,-4.728622138500213623e-01,-5.351144075393676758e-02,4.952829480171203613e-01,3.274406194686889648e-01,-7.313697040081024170e-02,1.190713644027709961e-01
7.609749436378479004e-01,-1.034603476524353027e+00,5.548720955848693848e-01,4.700779542326927185e-02,3.871630132198333740e-02,8.659367561340332031e-01,4.964321255683898926e-01,2.449107617139816284e-01,-8.947802707552909851e-03,1.924578249454498291e-01,5.390024781227111816e-01,4.709121286869049072e-01,2.196924388408660889e-01,-4.420626461505889893e-01,-1.064347922801971436e-01,4.693714678287506104e-01,3.663891255855560303e-01,-1.044708341360092163e-01,1.822406798601150513e-01
7.318143248558044434e-01,-1.014050245285034180e+00,5.647965073585510254e-01,3.879538550972938538e-02,2.651479467749595642e-02,8.775926828384399414e-01,4.770985245704650879e-01,1.429446935653686523e-01,-1.731626130640506744e-02,7.175793498754501343e-02,6.442853808403015137e-01,5.133284926414489746e-01,1.250084787607192993e-01,-3.817656636238098145e-01,-1.304042935371398926e-01,4.082376956939697266e-01,3.505412340164184570e-01,-1.364794522523880005e-01,2.275938987731933594e-01
7.020832300186157227e-01,-9.907466769218444824e-01,5.769702792167663574e-01,4.352298751473426819e-02,2.392951631918549538e-03,8.952818512916564941e-01,4.433626234531402588e-01,6.930556893348693848e-02,-4.346314352005720139e-03,-5.726986378431320190e-02,6.830611824989318848e-01,4.053480029106140137e-01,3.580095991492271423e-02,-2.682890295982360840e-01,-1.476150900125503540e-01,3.209472000598907471e-01,3.096176981925964355e-01,-1.572228074073791504e-01,2.211202085018157959e-01
6.732798218727111816e-01,-9.670265316963195801e-01,5.860006213188171387e-01,4.591668397188186646e-02,-1.366130542010068893e-02,9.159670472145080566e-01,3.983834087848663330e-01,-1.135671697556972504e-02,-6.688688299618661404e-04,-1.855602115392684937e-01,6.896281242370605469e-01,2.768823802471160889e-01,-1.859127171337604523e-02,-1.741817891597747803e-01,-1.641274392604827881e-01,2.144554853439331055e-01,2.754888534545898438e-01,-1.705147773027420044e-01,2.047868818044662476e-01
6.461482644081115723e-01,-9.434679746627807617e-01,5.918400883674621582e-01,5.088809877634048462e-02,-2.178880386054515839e-02,9.343251585960388184e-01,3.520968258380889893e-01,-8.182539045810699463e-02,-4.062842577695846558e-03,-2.832141220569610596e-01,6.470773816108703613e-01,1.728040874004364014e-01,-3.000232763588428497e-02,-8.428485691547393799e-02,-1.763276159763336182e-01,1.147717610001564026e-01,2.462549358606338501e-01,-1.719438582658767700e-01,1.760216951370239258e-01
6.199249029159545898e-01,-9.202846288681030273e-01,5.949622392654418945e-01,5.466390028595924377e-02,-2.276154421269893646e-02,9.503062963485717773e-01,3.056333661079406738e-01,-1.566390544176101685e-01,-1.862950064241886139e-02,-3.523240387439727783e-01,5.686225891113281250e-01,7.281835377216339111e-02,-2.598289772868156433e-02,8.306950912810862064e-04,-1.817657798528671265e-01,4.695078730583190918e-02,2.089675962924957275e-01,-1.816054880619049072e-01,1.506273150444030762e-01
5.935369133949279785e-01,-8.971090316772460938e-01,5.949111580848693848e-01,6.020532920956611633e-02,-1.845704019069671631e-02,9.637842178344726562e-01,2.591420114040374756e-01,-2.186144143342971802e-01,-5.429676547646522522e-02,-4.141209721565246582e-01,4.645044505596160889e-01,-6.793438922613859177e-03,1.375591941177845001e-02,8.309142291545867920e-02,-1.872076988220214844e-01,-3.649686649441719055e-02,1.786474287509918213e-01,-1.948492228984832764e-01,1.249844208359718323e-01
5.678730010986328125e-01,-8.742142319679260254e-01,5.932841897010803223e-01,6.143957003951072693e-02,-1.430020574480295181e-02,9.749939441680908203e-01,2.130903899669647217e-01,-2.875331640243530273e-01,-9.075843542814254761e-02,-4.449894726276397705e-01,3.513350784778594971e-01,-8.323459327220916748e-02,6.103157624602317810e-02,1.477378457784652710e-01,-1.758833527565002441e-01,-1.227235421538352966e-01,1.627589464187622070e-01,-2.221940457820892334e-01,1.031695380806922913e-01
5.414865612983703613e-01,-8.513285517692565918e-01,5.912199020385742188e-01,6.053333356976509094e-02,-1.264348812401294708e-02,9.831740260124206543e-01,1.718856394290924072e-01,-3.569091558456420898e-01,-1.241455748677253723e-01,-4.270708560943603516e-01,2.388885021209716797e-01,-1.360541731119155884e-01,1.108557432889938354e-01,2.058921605348587036e-01,-1.486153602600097656e-01,-1.923881322145462036e-01,1.514753401279449463e-01,-2.448628395795822144e-01,8.248464018106460571e-02
5.162081122398376465e-01,-8.283469080924987793e-01,5.898854732513427734e-01,5.495171248912811279e-02,-1.853283494710922241e-02,9.878858327865600586e-01,1.439388543367385864e-01,-4.180501997470855713e-01,-1.485508680343627930e-01,-4.287547469139099121e-01,1.456828117370605469e-01,-1.859484910964965820e-01,1.312914639711380005e-01,2.489355951547622681e-01,-1.001897081732749939e-01,-2.372102588415145874e-01,1.514977663755416870e-01,-2.704176604747772217e-01,5.450218915939331055e-02
4.911915361881256104e-01,-8.039836883544921875e-01,5.855432152748107910e-01,4.809491708874702454e-02,-1.783142797648906708e-02,9.903987646102905273e-01,1.283714622259140015e-01,-4.714552164077758789e-01,-1.736513823270797729e-01,-4.702384173870086670e-01,1.200791746377944946e-01,-2.179560065269470215e-01,1.467373520135879517e-01,2.814897000789642334e-01,-6.330186128616333008e-02,-2.663029730319976807e-01,1.641377806663513184e-01,-2.828474640846252441e-01,2.867152728140354156e-02
4.650457799434661865e-01,-7.800736427307128906e-01,5.790214538574218750e-01,4.596709460020065308e-02,-1.212135422974824905e-02,9.921297430992126465e-01,1.158389523625373840e-01,-4.915466904640197754e-01,-1.999023109674453735e-01,-5.089270472526550293e-01,1.629613190889358521e-01,-2.322397381067276001e-01,1.345549225807189941e-01,3.140130937099456787e-01,-4.406704381108283997e-02,-3.025556504726409912e-01,1.937784403562545776e-01,-2.712213695049285889e-01,-2.924483036622405052e-03
4.373987615108489990e-01,-7.532004714012145996e-01,5.718211531639099121e-01,4.585803300142288208e-02,-5.397073458880186081e-03,9.927867650985717773e-01,1.106451153755187988e-01,-4.910189211368560791e-01,-1.999872177839279175e-01,-5.163466930389404297e-01,2.448920458555221558e-01,-2.265054285526275635e-01,1.059002950787544250e-01,3.455192148685455322e-01,-2.692290209233760834e-02,-3.321886658668518066e-01,2.347729355096817017e-01,-2.184809893369674683e-01,-4.013630747795104980e-02
4.071471095085144043e-01,-7.247367501258850098e-01,5.643991231918334961e-01,3.850315138697624207e-02,4.571315366774797440e-03,9.947124123573303223e-01,9.509897232055664062e-02,-4.934926927089691162e-01,-2.008174210786819458e-01,-4.846250414848327637e-01,3.002227842807769775e-01,-1.036056280136108398e-01,5.301285162568092346e-02,3.417325317859649658e-01,-1.243994478136301041e-02,-3.611786365509033203e-01,2.958205938339233398e-01,-9.805190563201904297e-02,-7.638862729072570801e-02
3.789728879928588867e-01,-6.948523521423339844e-01,5.588346123695373535e-01,2.713135071098804474e-02,-3.746595699340105057e-03,9.948877096176147461e-01,9.720256924629211426e-02,-5.067903399467468262e-01,-1.481866389513015747e-01,-4.322650134563446045e-01,3.590751290321350098e-01,-1.648540608584880829e-02,-1.067361980676651001e-02,3.150821328163146973e-01,2.098732069134712219e-02,-3.530915677547454834e-01,3.953018486499786377e-01,1.182574108242988586e-01,-1.174089759588241577e-01
3.517194986343383789e-01,-6.685956120491027832e-01,5.595856904983520508e-01,3.049059212207794189e-02,-1.439578644931316376e-02,9.934906363487243652e-01,1.088090986013412476e-01,-4.682065546512603760e-01,-8.745433390140533447e-02,-4.215705990791320801e-01,4.156905710697174072e-01,-4.265619441866874695e-02,-7.965862005949020386e-02,2.893948554992675781e-01,5.382028967142105103e-02,-2.665956914424896240e-01,5.101785063743591309e-01,3.077258467674255371e-01,-1.145742684602737427e-01
3.262850940227508545e-01,-6.438509821891784668e-01,5.664339661598205566e-01,3.541993349790573120e-02,-7.183095905929803848e-03,9.911050200462341309e-01,1.280805617570877075e-01,-4.163872003555297852e-01,-5.167218670248985291e-02,-3.862722814083099365e-01,4.270125925540924072e-01,-9.028555452823638916e-02,-1.175521537661552429e-01,2.102230191230773926e-01,4.485527426004409790e-02,-1.621980071067810059e-01,6.449376344680786133e-01,3.633507192134857178e-01,-5.082544311881065369e-02
3.006713986396789551e-01,-6.194075345993041992e-01,5.774862766265869141e-01,4.593959823250770569e-02,7.488802541047334671e-03,9.859494566917419434e-01,1.604279726743698120e-01,-3.336355388164520264e-01,-2.096412517130374908e-02,-3.272313177585601807e-01,3.930592238903045654e-01,-1.277795135974884033e-01,-1.339403986930847168e-01,1.187487095594406128e-01,-2.527383528649806976e-02,-8.717384934425354004e-02,7.378764748573303223e-01,2.598627507686614990e-01,8.826076984405517578e-03
2.738404572010040283e-01,-5.950294733047485352e-01,5.864869356155395508e-01,5.996461585164070129e-02,1.365793496370315552e-02,9.784907698631286621e-01,1.969100236892700195e-01,-2.350176423788070679e-01,1.837084069848060608e-02,-2.556733191013336182e-01,3.480752706527709961e-01,-1.498648673295974731e-01,-1.295923292636871338e-01,5.684332549571990967e-02,-5.665303394198417664e-02,3.637929633259773254e-02,7.570063471794128418e-01,1.786887943744659424e-01,4.344861581921577454e-02
2.477510422468185425e-01,-5.718925595283508301e-01,5.924900770187377930e-01,6.537573784589767456e-02,1.544705498963594437e-02,9.690495729446411133e-01,2.375507354736328125e-01,-1.521880626678466797e-01,5.658567324280738831e-02,-1.783913075923919678e-01,2.991257607936859131e-01,-1.546979099512100220e-01,-1.079780235886573792e-01,-2.258906699717044830e-02,-8.751753717660903931e-02,1.314858943223953247e-01,7.310525774955749512e-01,9.830158948898315430e-02,6.234964355826377869e-02
2.219243943691253662e-01,-5.497570633888244629e-01,5.960919857025146484e-01,6.891377270221710205e-02,1.131630782037973404e-02,9.578438401222229004e-01,2.786718606948852539e-01,-6.941451132297515869e-02,9.158893674612045288e-02,-1.056655719876289368e-01,2.525866329669952393e-01,-1.564445644617080688e-01,-9.061522036790847778e-02,-9.232485294342041016e-02,-9.819924831390380859e-02,2.237724363803863525e-01,6.526382565498352051e-01,2.569288760423660278e-02,6.588401645421981812e-02
1.961842179298400879e-01,-5.283950567245483398e-01,5.965039134025573730e-01,6.989810615777969360e-02,4.308465868234634399e-03,9.453138113021850586e-01,3.185553550720214844e-01,6.242637056857347488e-03,1.221944838762283325e-01,-3.145858272910118103e-02,2.145542055368423462e-01,-1.523672938346862793e-01,-6.063900142908096313e-02,-1.549792438745498657e-01,-8.622572571039199829e-02,3.212479054927825928e-01,5.393387675285339355e-01,-4.970569163560867310e-02,5.331946164369583130e-02
1.705660521984100342e-01,-5.076958537101745605e-01,5.947878360748291016e-01,6.695983558893203735e-02,-5.048396531492471695e-03,9.314246177673339844e-01,3.576857149600982666e-01,6.781001389026641846e-02,1.445860564708709717e-01,3.705586865544319153e-02,1.982848495244979858e-01,-1.693587899208068848e-01,-3.815083950757980347e-02,-2.150709331035614014e-01,-5.007626116275787354e-02,4.334663748741149902e-01,4.143040180206298828e-01,-1.182137429714202881e-01,2.771549299359321594e-02
1.447922885417938232e-01,-4.874869287014007568e-01,5.918008089065551758e-01,6.317590922117233276e-02,-1.124891545623540878e-02,9.158014655113220215e-01,3.964718282222747803e-01,1.251602023839950562e-01,1.485367417335510254e-01,9.266718477010726929e-02,1.849880367517471313e-01,-1.908510178327560425e-01,-2.123071625828742981e-02,-2.776305973529815674e-01,-2.506455592811107635e-02,4.954748451709747314e-01,2.752890884876251221e-01,-1.656800806522369385e-01,-6.586750503629446030e-03
1.184730082750320435e-01,-4.668482244014739990e-01,5.894864797592163086e-01,6.198342144489288330e-02,-1.164341624826192856e-02,8.994697332382202148e-01,4.324080646038055420e-01,1.820735633373260498e-01,1.307447850704193115e-01,1.374561935663223267e-01,1.760672330856323242e-01,-2.218074053525924683e-01,-9.099162183701992035e-03,-3.377856612205505371e-01,-1.388982287608087063e-03,5.263838171958923340e-01,1.561468988656997681e-01,-2.186426818370819092e-01,-3.784769400954246521e-02
9.212642908096313477e-02,-4.463241100311279297e-01,5.863376259803771973e-01,6.010919809341430664e-02,-8.047669194638729095e-03,8.877343535423278809e-01,4.563439786434173584e-01,2.334582209587097168e-01,1.000541448593139648e-01,1.505647748708724976e-01,1.740946918725967407e-01,-2.598135769367218018e-01,1.474165474064648151e-03,-3.927708566188812256e-01,1.449745148420333862e-02,5.541128516197204590e-01,8.026859909296035767e-02,-2.675502598285675049e-01,-5.768128111958503723e-02
6.476055085659027100e-02,-4.249046146869659424e-01,5.798703432083129883e-01,5.433382466435432434e-02,-9.753220714628696442e-03,8.790620565414428711e-01,4.735004305839538574e-01,2.727986574172973633e-01,8.419957756996154785e-02,1.801148355007171631e-01,1.929617673158645630e-01,-2.746516168117523193e-01,1.294330134987831116e-02,-4.269497394561767578e-01,4.264083504676818848e-02,5.916065573692321777e-01,8.007438480854034424e-02,-2.844922840595245361e-01,-6.386125832796096802e-02
3.610659390687942505e-02,-4.019267261028289795e-01,5.713133811950683594e-01,4.796729609370231628e-02,-1.382339280098676682e-02,8.712138533592224121e-01,4.883589148521423340e-01,3.045068979263305664e-01,7.537925243377685547e-02,2.380442470312118530e-01,2.287918180227279663e-01,-2.444238960742950439e-01,4.212873429059982300e-02,-4.391314685344696045e-01,7.073356956243515015e-02,6.161198019981384277e-01,1.579558998346328735e-01,-2.779506146907806396e-01,-4.388676956295967102e-02
3.709678770974278450e-03,-3.781321644783020020e-01,5.626302957534790039e-01,4.092436283826828003e-02,-1.149423327296972275e-02,8.648239374160766602e-01,5.002725124359130859e-01,3.221862018108367920e-01,5.260353162884712219e-02,2.793996036052703857e-01,2.778601646423339844e-01,-1.553953438997268677e-01,9.310834854841232300e-02,-4.398061037063598633e-01,6.836055219173431396e-02,6.120178699493408203e-01,2.315828651189804077e-01,-2.145821154117584229e-01,2.337153302505612373e-03
-2.942463755607604980e-02,-3.557003140449523926e-01,5.553515553474426270e-01,3.393038362264633179e-02,8.526564575731754303e-03,8.653603196144104004e-01,4.999275207519531250e-01,3.001614809036254883e-01,1.087700761854648590e-02,2.715689539909362793e-01,3.664515316486358643e-01,3.776356950402259827e-02,1.650695800781250000e-01,-4.692304432392120361e-01,2.504152990877628326e-02,5.562927126884460449e-01,2.882253229618072510e-01,-9.372402727603912354e-02,8.541137725114822388e-02
-6.076731532812118530e-02,-3.318879604339599609e-01,5.524950027465820312e-01,4.131625220179557800e-02,2.673335000872612000e-02,8.698965311050415039e-01,4.907731711864471436e-01,2.917771041393280029e-01,-2.419859543442726135e-02,2.495498806238174438e-01,4.652332067489624023e-01,2.888258993625640869e-01,2.123805284500122070e-01,-4.530315995216369629e-01,-3.740383312106132507e-02,5.379177927970886230e-01,3.641234338283538818e-01,-9.883959591388702393e-02,1.286338716745376587e-01
-9.102656692266464233e-02,-3.132871389389038086e-01,5.559371113777160645e-01,3.663437068462371826e-02,3.232556954026222229e-02,8.766863346099853516e-01,4.785749614238739014e-01,2.226412892341613770e-01,-5.753373354673385620e-02,1.652090251445770264e-01,5.762351751327514648e-01,5.089120268821716309e-01,1.775572597980499268e-01,-4.243113100528717041e-01,-8.428244292736053467e-02,5.072364807128906250e-01,3.844061493873596191e-01,-1.336313933134078979e-01,1.926656514406204224e-01
-1.232864633202552795e-01,-2.944302856922149658e-01,5.660325884819030762e-01,3.283511102199554443e-02,1.391380187124013901e-02,8.922210931777954102e-01,4.501885771751403809e-01,1.285361945629119873e-01,-3.506734594702720642e-02,6.500209122896194458e-02,6.670659780502319336e-01,4.702639579772949219e-01,8.689894527196884155e-02,-3.518808782100677490e-01,-1.118754222989082336e-01,4.310102462768554688e-01,3.665447533130645752e-01,-1.644418984651565552e-01,2.162627577781677246e-01
-1.555771529674530029e-01,-2.729798257350921631e-01,5.762505531311035156e-01,3.719004988670349121e-02,-4.994023591279983521e-03,9.107995033264160156e-01,4.111402034759521484e-01,4.288735240697860718e-02,-1.395076327025890350e-02,-4.134890437126159668e-02,7.079107165336608887e-01,3.431840837001800537e-01,5.254712421447038651e-03,-2.503964304924011230e-01,-1.393749713897705078e-01,3.354338407516479492e-01,3.307003080844879150e-01,-1.848737597465515137e-01,2.075590193271636963e-01
-1.867014318704605103e-01,-2.515151500701904297e-01,5.844795107841491699e-01,4.278116300702095032e-02,-1.820352673530578613e-02,9.287735223770141602e-01,3.677202463150024414e-01,-3.930299356579780579e-02,2.612522104755043983e-03,-1.334747970104217529e-01,7.037694454193115234e-01,2.216254770755767822e-01,-3.179046139121055603e-02,-1.491099148988723755e-01,-1.599973738193511963e-01,2.347110509872436523e-01,2.886075377464294434e-01,-1.917169094085693359e-01,1.910155713558197021e-01
-2.163688093423843384e-01,-2.300262302160263062e-01,5.899866819381713867e-01,4.709111154079437256e-02,-2.494542300701141357e-02,9.447818398475646973e-01,3.233379423618316650e-01,-1.168813407421112061e-01,1.309121306985616684e-02,-2.132352143526077271e-01,6.472862958908081055e-01,1.137661859393119812e-01,-4.462062567472457886e-02,-5.227049440145492554e-02,-1.737822145223617554e-01,1.438141167163848877e-01,2.445842027664184570e-01,-1.897718608379364014e-01,1.538522541522979736e-01
-2.451117336750030518e-01,-2.091642171144485474e-01,5.925027132034301758e-01,5.020535737276077271e-02,-2.495590597391128540e-02,9.610310792922973633e-01,2.706952691078186035e-01,-1.862512230873107910e-01,9.961486794054508209e-03,-2.788227796554565430e-01,5.417565107345581055e-01,3.127973899245262146e-02,-3.282923251390457153e-02,2.731947973370552063e-02,-1.839174777269363403e-01,3.761243447661399841e-02,2.077355086803436279e-01,-1.804613471031188965e-01,1.119749471545219421e-01
-2.738133668899536133e-01,-1.886897832155227661e-01,5.923643708229064941e-01,5.256703123450279236e-02,-1.896005682647228241e-02,9.745116233825683594e-01,2.172655314207077026e-01,-2.493710815906524658e-01,-1.836106181144714355e-02,-3.559345602989196777e-01,4.216703772544860840e-01,-4.872336611151695251e-02,1.476443652063608170e-02,1.011236384510993958e-01,-1.862777322530746460e-01,-4.814083501696586609e-02,1.817800551652908325e-01,-1.930681169033050537e-01,8.132405579090118408e-02
-3.018065690994262695e-01,-1.675162315368652344e-01,5.912856459617614746e-01,5.732217803597450256e-02,-1.689061336219310760e-02,9.838510155677795410e-01,1.687187403440475464e-01,-3.072199523448944092e-01,-3.765608370304107666e-02,-3.865417540073394775e-01,2.904191017150878906e-01,-1.229101791977882385e-01,8.957070857286453247e-02,1.810315996408462524e-01,-1.666893661022186279e-01,-1.231301501393318176e-01,1.519982963800430298e-01,-1.939746588468551636e-01,4.795092344284057617e-02
-3.309360146522521973e-01,-1.477296501398086548e-01,5.893347859382629395e-01,4.939553886651992798e-02,-1.852785423398017883e-02,9.908622503280639648e-01,1.241319701075553894e-01,-3.854260146617889404e-01,-7.333192974328994751e-02,-4.095812737941741943e-01,1.832020729780197144e-01,-1.874609440565109253e-01,1.251864880323410034e-01,2.278108298778533936e-01,-1.254103630781173706e-01,-1.779057532548904419e-01,1.367581337690353394e-01,-2.229080796241760254e-01,3.236243501305580139e-02
-3.582480847835540771e-01,-1.272801905870437622e-01,5.865759849548339844e-01,4.049007967114448547e-02,-2.466973103582859039e-02,9.941319823265075684e-01,9.722959250211715698e-02,-4.530426263809204102e-01,-1.005158498883247375e-01,-4.516733288764953613e-01,1.026549339294433594e-01,-2.278481274843215942e-01,1.242424026131629944e-01,2.639263272285461426e-01,-7.593627274036407471e-02,-2.194297164678573608e-01,1.354727745056152344e-01,-2.476629018783569336e-01,1.344748493283987045e-02
-3.861272931098937988e-01,-1.064204201102256775e-01,5.803706049919128418e-01,3.385847061872482300e-02,-2.222195081412792206e-02,9.956210255622863770e-01,8.425277471542358398e-02,-4.993026256561279297e-01,-1.346510201692581177e-01,-5.414851307868957520e-01,9.658575803041458130e-02,-2.719107568264007568e-01,1.217398047447204590e-01,3.004364371299743652e-01,-4.719425365328788757e-02,-2.480025589466094971e-01,1.464371830224990845e-01,-2.676021754741668701e-01,-6.787379388697445393e-04
-4.149802923202514648e-01,-8.486025035381317139e-02,5.709950327873229980e-01,3.356720879673957825e-02,-9.327271021902561188e-03,9.968941807746887207e-01,7.062721252441406250e-02,-5.259968042373657227e-01,-1.766306310892105103e-01,-5.916531085968017578e-01,1.677056699991226196e-01,-2.857792675495147705e-01,1.274515688419342041e-01,3.349618911743164062e-01,-3.971618413925170898e-02,-3.007638752460479736e-01,1.766417473554611206e-01,-2.543815076351165771e-01,-2.562982030212879181e-02
-4.474113583564758301e-01,-6.036687269806861877e-02,5.613096356391906738e-01,3.246342763304710388e-02,1.875183952506631613e-04,9.977284669876098633e-01,5.902573093771934509e-02,-5.306950211524963379e-01,-1.836804300546646118e-01,-5.945997238159179688e-01,2.576325535774230957e-01,-2.357242256402969360e-01,8.042176067829132080e-02,3.673990666866302490e-01,-2.301923930644989014e-02,-3.432725965976715088e-01,2.131010591983795166e-01,-1.805016696453094482e-01,-7.797786593437194824e-02
-4.809568226337432861e-01,-3.399024903774261475e-02,5.540993213653564453e-01,2.612522244453430176e-02,6.771065760403871536e-03,9.985410571098327637e-01,4.677003249526023865e-02,-5.478595495223999023e-01,-1.764234453439712524e-01,-5.129342675209045410e-01,3.137219846248626709e-01,-7.180503010749816895e-02,3.595255315303802490e-02,3.666706681251525879e-01,-7.780879735946655273e-03,-4.010831117630004883e-01,2.776136398315429688e-01,-4.190242663025856018e-02,-1.226813718676567078e-01
-5.140250325202941895e-01,-7.867403328418731689e-03,5.495176911354064941e-01,1.860547065734863281e-02,-9.521776810288429260e-03,9.983081817626953125e-01,5.425824224948883057e-02,-5.423839092254638672e-01,-1.128980293869972229e-01,-4.998264014720916748e-01,3.822863101959228516e-01,-1.493243686854839325e-02,-2.329293265938758850e-02,3.491395115852355957e-01,2.595748193562030792e-02,-3.912242650985717773e-01,3.838638663291931152e-01,1.867771595716476440e-01,-1.914536356925964355e-01
-5.441800355911254883e-01,1.640903763473033905e-02,5.519084930419921875e-01,2.304688468575477600e-02,-1.767755672335624695e-02,9.967596530914306641e-01,7.501039654016494751e-02,-5.051736831665039062e-01,-4.584318026900291443e-02,-4.684643447399139404e-01,4.301013946533203125e-01,-5.309500172734260559e-02,-1.075534224510192871e-01,3.225326240062713623e-01,3.869326412677764893e-02,-3.299151957035064697e-01,4.945365786552429199e-01,4.004921019077301025e-01,-1.789596378803253174e-01
-5.739264488220214844e-01,4.188308119773864746e-02,5.615387558937072754e-01,3.094289638102054596e-02,9.052847744897007942e-04,9.941352605819702148e-01,1.036184057593345642e-01,-4.404118955135345459e-01,-1.686421409249305725e-02,-4.106389284133911133e-01,4.297621846199035645e-01,-9.130167961120605469e-02,-1.511390805244445801e-01,2.294304519891738892e-01,6.528108846396207809e-03,-2.057081609964370728e-01,6.230711936950683594e-01,3.707393407821655273e-01,-1.035661622881889343e-01
-6.040694713592529297e-01,6.697754561901092529e-02,5.735792517662048340e-01,4.334356263279914856e-02,1.772082783281803131e-02,9.885255098342895508e-01,1.436125785112380981e-01,-3.527927696704864502e-01,1.763136126101016998e-02,-3.325435519218444824e-01,4.049027264118194580e-01,-1.397220939397811890e-01,-1.679354906082153320e-01,1.244469732046127319e-01,-3.745555877685546875e-02,-7.635276019573211670e-02,7.144551873207092285e-01,2.449652999639511108e-01,-7.827213034033775330e-03
-6.339854598045349121e-01,9.115936607122421265e-02,5.832286477088928223e-01,5.741661787033081055e-02,2.633199281990528107e-02,9.807863831520080566e-01,1.845754235982894897e-01,-2.476457059383392334e-01,5.509907007217407227e-02,-2.490893453359603882e-01,3.590744733810424805e-01,-1.639565080404281616e-01,-1.598064601421356201e-01,3.705738484859466553e-02,-5.896793678402900696e-02,5.557154864072799683e-02,7.424892783164978027e-01,1.361417621374130249e-01,4.324398562312126160e-02
-6.642222404479980469e-01,1.139380931854248047e-01,5.899239182472229004e-01,6.409434974193572998e-02,2.962039411067962646e-02,9.711292982101440430e-01,2.278649359941482544e-01,-1.538082212209701538e-01,8.856233209371566772e-02,-1.640868932008743286e-01,3.140483498573303223e-01,-1.808830797672271729e-01,-1.370368450880050659e-01,-5.356036126613616943e-02,-8.072009682655334473e-02,1.586858630180358887e-01,7.083614468574523926e-01,3.957519680261611938e-02,7.121304422616958618e-02
-6.940962076187133789e-01,1.368428021669387817e-01,5.928878784179687500e-01,6.444013118743896484e-02,2.380984276533126831e-02,9.592986106872558594e-01,2.739100456237792969e-01,-6.190565228462219238e-02,1.288926005363464355e-01,-8.112516254186630249e-02,2.569627761840820312e-01,-1.851925998926162720e-01,-1.264333575963973999e-01,-1.341558545827865601e-01,-7.686472684144973755e-02,2.405077368021011353e-01,6.167581081390380859e-01,-8.414929732680320740e-03,7.472448050975799561e-02
-7.226099371910095215e-01,1.587059497833251953e-01,5.924179553985595703e-01,6.335542351007461548e-02,1.898843795061111450e-02,9.449959397315979004e-01,3.203251659870147705e-01,1.327982265502214432e-02,1.527902930974960327e-01,3.731851233169436455e-03,2.258838713169097900e-01,-1.881406754255294800e-01,-9.535240381956100464e-02,-2.164666056632995605e-01,-6.256372481584548950e-02,3.111249804496765137e-01,4.971713125705718994e-01,-7.161398231983184814e-02,6.319916248321533203e-02
-7.523810863494873047e-01,1.796317845582962036e-01,5.901693105697631836e-01,6.385859847068786621e-02,1.146963797509670258e-02,9.299206733703613281e-01,3.619917631149291992e-01,9.355105459690093994e-02,1.609995216131210327e-01,7.722421735525131226e-02,2.027594447135925293e-01,-2.002920061349868774e-01,-6.971581280231475830e-02,-2.780841588973999023e-01,-3.140595927834510803e-02,3.879750967025756836e-01,3.495040237903594971e-01,-1.275875419378280640e-01,3.428116068243980408e-02
-7.810276746749877930e-01,2.015931904315948486e-01,5.876035094261169434e-01,6.403721123933792114e-02,7.484726142138242722e-03,9.121751189231872559e-01,4.046970605850219727e-01,1.731655597686767578e-01,1.516036540269851685e-01,1.556043028831481934e-01,1.743869483470916748e-01,-2.179168164730072021e-01,-4.534567892551422119e-02,-3.443329930305480957e-01,8.036965737119317055e-04,4.364876449108123779e-01,2.169272601604461670e-01,-1.815129369497299194e-01,-6.719496566802263260e-03
-8.107129931449890137e-01,2.223760634660720825e-01,5.846185088157653809e-01,5.921971425414085388e-02,1.350937504321336746e-02,8.987392783164978027e-01,4.342559874057769775e-01,2.254697233438491821e-01,1.150543689727783203e-01,1.942949742078781128e-01,1.649367660284042358e-01,-2.441035211086273193e-01,-2.600408345460891724e-02,-4.221504032611846924e-01,1.519096363335847855e-02,4.617311358451843262e-01,1.155276745557785034e-01,-2.380858212709426880e-01,-2.023659832775592804e-02
-8.398055434226989746e-01,2.444352656602859497e-01,5.789380073547363281e-01,5.200163647532463074e-02,1.302536949515342712e-02,8.876904845237731934e-01,4.573092162609100342e-01,2.653106749057769775e-01,9.588001668453216553e-02,2.427165210247039795e-01,1.816019862890243530e-01,-2.749101221561431885e-01,-3.344387561082839966e-02,-4.774174094200134277e-01,4.506540298461914062e-02,5.228347778320312500e-01,8.553520590066909790e-02,-2.752008736133575439e-01,-5.489427223801612854e-02
-8.694514632225036621e-01,2.663048505783081055e-01,5.699947476387023926e-01,4.562626034021377563e-02,1.245819684118032455e-02,8.781467676162719727e-01,4.760475754737854004e-01,2.956762313842773438e-01,7.960500568151473999e-02,2.844603955745697021e-01,2.163697928190231323e-01,-2.563554644584655762e-01,9.016408585011959076e-03,-5.051119327545166016e-01,6.881199777126312256e-02,5.598239302635192871e-01,1.308892369270324707e-01,-2.765081524848937988e-01,-3.051907382905483246e-02
-9.023070335388183594e-01,2.896982729434967041e-01,5.600525736808776855e-01,3.879125788807868958e-02,9.843519888818264008e-03,8.701083660125732422e-01,4.912328720092773438e-01,3.241608738899230957e-01,6.507772952318191528e-02,3.261617124080657959e-01,2.597640752792358398e-01,-1.855628043413162231e-01,6.889311969280242920e-02,-5.052534341812133789e-01,7.128074020147323608e-02,5.726355910301208496e-01,2.119711041450500488e-01,-2.327903807163238525e-01,-1.533612608909606934e-02
-9.367657303810119629e-01,3.141860663890838623e-01,5.519272685050964355e-01,2.882656827569007874e-02,2.158625796437263489e-02,8.628994822502136230e-01,5.040907859802246094e-01,3.085550963878631592e-01,3.326015546917915344e-02,3.394949436187744141e-01,3.428609371185302734e-01,-1.912266016006469727e-02,1.213281005620956421e-01,-5.289630889892578125e-01,5.437295883893966675e-02,5.168280601501464844e-01,2.585845887660980225e-01,-7.717536389827728271e-02,5.011290684342384338e-02
-9.690306186676025391e-01,3.377405405044555664e-01,5.462852716445922852e-01,2.584769204258918762e-02,4.433376714587211609e-02,8.678875565528869629e-01,4.941028356552124023e-01,2.770783305168151855e-01,-5.756486672908067703e-03,2.708557546138763428e-01,4.569634795188903809e-01,2.755714654922485352e-01,1.800089180469512939e-01,-5.632547736167907715e-01,-7.955409237183630466e-04,4.892978072166442871e-01,3.692703843116760254e-01,-3.669732436537742615e-02,1.135142147541046143e-01
-1.000067353248596191e+00,3.603026568889617920e-01,5.513818264007568359e-01,2.953349798917770386e-02,4.539459198713302612e-02,8.734543323516845703e-01,4.838849008083343506e-01,2.242401689291000366e-01,-4.506923258304595947e-02,1.634052991867065430e-01,5.798644423484802246e-01,4.887001216411590576e-01,1.261444985866546631e-01,-5.177202820777893066e-01,-4.567277431488037109e-02,4.566615819931030273e-01,4.079026877880096436e-01,-6.940162926912307739e-02,1.776878833770751953e-01
-1.033395171165466309e+00,3.799112141132354736e-01,5.632430315017700195e-01,1.809749193489551544e-02,2.594455890357494354e-02,8.916907310485839844e-01,4.515384733676910400e-01,8.114480227231979370e-02,-1.642940007150173187e-02,3.873105347156524658e-02,7.155227661132812500e-01,4.096900224685668945e-01,1.594748161733150482e-02,-4.722357392311096191e-01,-7.309418171644210815e-02,3.676981925964355469e-01,4.085117876529693604e-01,-1.093897894024848938e-01,2.283881604671478271e-01
-1.063723444938659668e+00,4.052838385105133057e-01,5.773585438728332520e-01,3.398662805557250977e-02,1.777340541593730450e-03,9.042563438415527344e-01,4.256315827369689941e-01,-6.431694608181715012e-03,2.113515511155128479e-02,-4.235253110527992249e-02,7.624657750129699707e-01,2.894395887851715088e-01,-3.493307530879974365e-02,-3.239561319351196289e-01,-9.354905784130096436e-02,3.027683794498443604e-01,3.565855026245117188e-01,-1.444173604249954224e-01,1.993911862373352051e-01
-1.094274520874023438e+00,4.288859069347381592e-01,5.880607366561889648e-01,4.406920075416564941e-02,-1.421151589602231979e-02,9.213466644287109375e-01,3.859743773937225342e-01,-9.651184082031250000e-02,3.712042421102523804e-02,-1.517800241708755493e-01,7.411651015281677246e-01,1.711016893386840820e-01,-5.963912978768348694e-02,-2.029477506875991821e-01,-1.185425519943237305e-01,2.097318470478057861e-01,3.031780123710632324e-01,-1.597508341073989868e-01,1.746483892202377319e-01
-1.123347043991088867e+00,4.518558979034423828e-01,5.957304239273071289e-01,4.558246210217475891e-02,-2.386845834553241730e-02,9.388296008110046387e-01,3.405165374279022217e-01,-1.867779344320297241e-01,4.265889525413513184e-02,-2.593454718589782715e-01,6.567894816398620605e-01,5.459218472242355347e-02,-5.528618022799491882e-02,-1.108873039484024048e-01,-1.303986012935638428e-01,1.178584992885589600e-01,2.569688558578491211e-01,-1.588752120733261108e-01,1.365634500980377197e-01
-1.152016520500183105e+00,4.759277999401092529e-01,5.992091894149780273e-01,5.043543502688407898e-02,-2.331783622503280640e-02,9.535371065139770508e-01,2.961072623729705811e-01,-2.608646154403686523e-01,1.556418184190988541e-02,-3.461203277111053467e-01,5.382247567176818848e-01,-2.179523557424545288e-02,-2.560378611087799072e-02,-2.134357206523418427e-02,-1.417006403207778931e-01,4.901081323623657227e-02,2.132204920053482056e-01,-1.527128666639328003e-01,1.028925925493240356e-01
-1.181149244308471680e+00,4.993803799152374268e-01,6.012560725212097168e-01,5.522165074944496155e-02,-2.372699417173862457e-02,9.661824107170104980e-01,2.507572472095489502e-01,-3.188641667366027832e-01,-1.599201746284961700e-02,-4.250472784042358398e-01,3.862164914608001709e-01,-1.055816039443016052e-01,2.631364017724990845e-02,6.521179527044296265e-02,-1.395006626844406128e-01,-3.973774984478950500e-02,1.747016459703445435e-01,-1.594741344451904297e-01,6.650715321302413940e-02
-1.209359645843505859e+00,5.238047838211059570e-01,6.016038060188293457e-01,5.722375214099884033e-02,-2.535930089652538300e-02,9.769197702407836914e-01,2.042305767536163330e-01,-3.819740414619445801e-01,-4.568995162844657898e-02,-4.493517279624938965e-01,2.372314631938934326e-01,-1.745235174894332886e-01,9.694480150938034058e-02,1.430414617061614990e-01,-1.138260066509246826e-01,-1.149180009961128235e-01,1.436579078435897827e-01,-1.812803149223327637e-01,3.294396027922630310e-02
-1.237952947616577148e+00,5.478515625000000000e-01,6.007391214370727539e-01,4.923148825764656067e-02,-2.990186959505081177e-02,9.848643541336059570e-01,1.634758561849594116e-01,-4.609918296337127686e-01,-8.525957912206649780e-02,-4.560852944850921631e-01,1.248337775468826294e-01,-2.190908789634704590e-01,1.420884132385253906e-01,1.951937377452850342e-01,-6.830637902021408081e-02,-1.730526089668273926e-01,1.223441734910011292e-01,-2.079768925905227661e-01,7.641323376446962357e-03
-1.264375090599060059e+00,5.713379383087158203e-01,5.972038507461547852e-01,3.982411324977874756e-02,-2.971185930073261261e-02,9.889808297157287598e-01,1.394565105438232422e-01,-5.458061695098876953e-01,-1.335702836513519287e-01,-4.752210676670074463e-01,8.928705751895904541e-02,-2.581939995288848877e-01,1.929162144660949707e-01,2.312332689762115479e-01,-3.058913536369800568e-02,-2.018194496631622314e-01,1.207267716526985168e-01,-2.504686415195465088e-01,-2.971922185679432005e-05
-1.291016101837158203e+00,5.951715707778930664e-01,5.898393988609313965e-01,4.385279864072799683e-02,-2.311102859675884247e-02,9.920734763145446777e-01,1.154685318470001221e-01,-5.730898976325988770e-01,-1.943914145231246948e-01,-4.876712560653686523e-01,1.307364851236343384e-01,-2.692911028861999512e-01,1.944604814052581787e-01,2.802780270576477051e-01,-7.152191828936338425e-03,-2.491106390953063965e-01,1.388254314661026001e-01,-2.759284973144531250e-01,-1.902581378817558289e-02
-1.318997263908386230e+00,6.195069551467895508e-01,5.807930231094360352e-01,4.861397668719291687e-02,-1.059117261320352554e-02,9.934813380241394043e-01,1.025635674595832825e-01,-5.830218791961669922e-01,-2.497713714838027954e-01,-5.172497034072875977e-01,2.391616702079772949e-01,-2.473909854888916016e-01,1.549557894468307495e-01,3.267140388488769531e-01,6.903223693370819092e-04,-2.960839271545410156e-01,1.684400290250778198e-01,-2.698383629322052002e-01,-4.167317971587181091e-02
-1.348660945892333984e+00,6.473007798194885254e-01,5.750582814216613770e-01,4.153168201446533203e-02,-5.737036932259798050e-03,9.948162436485290527e-01,9.264361858367919922e-02,-5.946303606033325195e-01,-2.432488352060317993e-01,-4.616687595844268799e-01,3.398211896419525146e-01,-1.809351593255996704e-01,8.251017332077026367e-02,3.413409590721130371e-01,2.738481201231479645e-02,-3.318098187446594238e-01,2.101983726024627686e-01,-1.941192597150802612e-01,-7.436120510101318359e-02
-1.378726959228515625e+00,6.766850352287292480e-01,5.733320116996765137e-01,2.143328078091144562e-02,-1.493155024945735931e-02,9.946551322937011719e-01,9.989438205957412720e-02,-6.173037886619567871e-01,-1.863540709018707275e-01,-4.392037391662597656e-01,4.128288924694061279e-01,-1.601264923810958862e-01,-7.629045750945806503e-03,3.173680305480957031e-01,6.673508882522583008e-02,-3.361006081104278564e-01,2.821697294712066650e-01,-4.277714714407920837e-02,-7.359243184328079224e-02
-1.407738327980041504e+00,7.048813104629516602e-01,5.745148062705993652e-01,2.073025703430175781e-02,-3.648317232728004456e-02,9.934436082839965820e-01,1.063439175486564636e-01,-5.668827891349792480e-01,-1.075494512915611267e-01,-4.525401890277862549e-01,4.459189474582672119e-01,-1.621259450912475586e-01,-8.134076744318008423e-02,3.168875277042388916e-01,1.228331252932548523e-01,-2.797321975231170654e-01,3.737378120422363281e-01,1.964812725782394409e-01,-1.455037444829940796e-01
-1.435208320617675781e+00,7.326032519340515137e-01,5.793479681015014648e-01,1.967977173626422882e-02,-3.780041262507438660e-02,9.913909435272216797e-01,1.238057166337966919e-01,-5.205252170562744141e-01,-4.922690242528915405e-02,-4.305714666843414307e-01,4.598965644836425781e-01,-1.958440393209457397e-01,-1.641511470079421997e-01,2.688361406326293945e-01,1.426321119070053101e-01,-1.827325969934463501e-01,4.952963292598724365e-01,3.777454793453216553e-01,-9.312319010496139526e-02
-1.462206482887268066e+00,7.588185667991638184e-01,5.904936790466308594e-01,2.685873769223690033e-02,-1.849385164678096771e-02,9.869546294212341309e-01,1.576614975929260254e-01,-4.651290476322174072e-01,-2.102083154022693634e-02,-3.630940318107604980e-01,4.584142863750457764e-01,-2.258903235197067261e-01,-2.003124356269836426e-01,1.785331368446350098e-01,9.294216334819793701e-02,-6.923689693212509155e-02,6.520240306854248047e-01,3.067718744277954102e-01,-7.311893161386251450e-03
-1.489009499549865723e+00,7.834625244140625000e-01,6.023041605949401855e-01,3.868633508682250977e-02,5.235422868281602859e-04,9.797802567481994629e-01,1.963000893592834473e-01,-3.935858011245727539e-01,-2.123767044395208359e-03,-2.923142015933990479e-01,4.420309066772460938e-01,-2.429479956626892090e-01,-1.822956055402755737e-01,7.204303145408630371e-02,1.245568320155143738e-02,1.242767367511987686e-02,7.736148834228515625e-01,1.845001280307769775e-01,4.821912199258804321e-02
-1.515187621116638184e+00,8.068319559097290039e-01,6.126238703727722168e-01,4.705213010311126709e-02,1.164555829018354416e-02,9.711145162582397461e-01,2.336388379335403442e-01,-3.150630295276641846e-01,2.187611721456050873e-02,-2.242028117179870605e-01,4.080612659454345703e-01,-2.533881664276123047e-01,-1.687179356813430786e-01,-4.096480831503868103e-02,-4.930929094552993774e-02,9.593775123357772827e-02,8.296361565589904785e-01,8.893550932407379150e-02,8.501126617193222046e-02
-1.541203975677490234e+00,8.303633928298950195e-01,6.212339997291564941e-01,5.704144760966300964e-02,1.473848335444927216e-02,9.610864520072937012e-01,2.698922753334045410e-01,-2.169192582368850708e-01,5.172090232372283936e-02,-1.573960036039352417e-01,3.563185632228851318e-01,-2.567341327667236328e-01,-1.490316390991210938e-01,-1.336165666580200195e-01,-8.573878556489944458e-02,1.726660430431365967e-01,8.100270032882690430e-01,1.401617005467414856e-02,8.388276398181915283e-02
-1.567209243774414062e+00,8.534858226776123047e-01,6.265786290168762207e-01,6.047168374061584473e-02,1.467931270599365234e-02,9.498993158340454102e-01,3.062988817691802979e-01,-1.363414674997329712e-01,7.917625457048416138e-02,-8.583427965641021729e-02,3.129170835018157959e-01,-2.442937344312667847e-01,-1.297499239444732666e-01,-2.226734608411788940e-01,-8.665522933006286621e-02,2.607832252979278564e-01,7.364858388900756836e-01,-4.982038214802742004e-02,7.271396368741989136e-02
-1.593869924545288086e+00,8.758472204208374023e-01,6.291999220848083496e-01,6.485002487897872925e-02,1.261171512305736542e-02,9.364440441131591797e-01,3.445402681827545166e-01,-5.544980615377426147e-02,9.454657137393951416e-02,-2.055290527641773224e-02,2.807106971740722656e-01,-2.350803017616271973e-01,-1.024283319711685181e-01,-2.894647419452667236e-01,-6.560073792934417725e-02,3.539741635322570801e-01,6.227831244468688965e-01,-1.209129318594932556e-01,7.611430436372756958e-02
-1.620982766151428223e+00,8.973040580749511719e-01,6.290252208709716797e-01,6.515644490718841553e-02,3.584332531318068504e-03,9.235031604766845703e-01,3.779995441436767578e-01,2.280515432357788086e-02,1.152594611048698425e-01,5.081924051046371460e-02,2.500393390655517578e-01,-2.405965626239776611e-01,-8.633398264646530151e-02,-3.454263210296630859e-01,-2.439285814762115479e-02,4.300111532211303711e-01,4.771924614906311035e-01,-1.612540334463119507e-01,5.224641785025596619e-02
-1.648046851158142090e+00,9.186913371086120605e-01,6.262461543083190918e-01,6.229072064161300659e-02,-5.137872416526079178e-03,9.098764061927795410e-01,4.101444184780120850e-01,9.487722069025039673e-02,1.259939670562744141e-01,1.142949610948562622e-01,2.211379706859588623e-01,-2.436852306127548218e-01,-6.524141877889633179e-02,-3.978308439254760742e-01,1.446438953280448914e-02,4.689828455448150635e-01,3.069649934768676758e-01,-1.758584380149841309e-01,3.636877518147230148e-03
-1.675904870033264160e+00,9.400442838668823242e-01,6.243984699249267578e-01,6.591665744781494141e-02,-1.899811322800815105e-03,8.974080085754394531e-01,4.362456798553466797e-01,1.725209653377532959e-01,9.455323964357376099e-02,1.473824083805084229e-01,1.916628330945968628e-01,-2.479925453662872314e-01,-2.965763583779335022e-02,-4.344223439693450928e-01,2.935290709137916565e-02,4.957919120788574219e-01,1.617935001850128174e-01,-2.364755868911743164e-01,-2.075954340398311615e-02
-1.702864170074462891e+00,9.613700509071350098e-01,6.195343732833862305e-01,6.340824067592620850e-02,3.606358775869011879e-03,8.885675668716430664e-01,4.543280899524688721e-01,2.283968776464462280e-01,6.280609965324401855e-02,1.770499497652053833e-01,1.740774512290954590e-01,-2.435173690319061279e-01,-9.151435457170009613e-03,-4.866068065166473389e-01,4.799214005470275879e-02,5.336628556251525879e-01,1.030971333384513855e-01,-2.739042043685913086e-01,-3.373079001903533936e-02
-1.730273962020874023e+00,9.834797978401184082e-01,6.108767986297607422e-01,5.910854041576385498e-02,2.578646410256624222e-03,8.791990876197814941e-01,4.727667868137359619e-01,2.646034061908721924e-01,4.441872984170913696e-02,2.176841795444488525e-01,1.942021101713180542e-01,-2.374576479196548462e-01,6.153326015919446945e-03,-5.076274275779724121e-01,7.511124014854431152e-02,5.439304113388061523e-01,1.210704669356346130e-01,-2.938240170478820801e-01,-3.865535557270050049e-02
-1.759325623512268066e+00,1.005231022834777832e+00,5.992567539215087891e-01,5.281681194901466370e-02,-3.094607032835483551e-03,8.735885024070739746e-01,4.837808907032012939e-01,2.946081757545471191e-01,4.013126343488693237e-02,2.540510892868041992e-01,2.370105832815170288e-01,-2.116594165563583374e-01,4.232488200068473816e-02,-5.117191672325134277e-01,9.700448811054229736e-02,5.517607927322387695e-01,2.091070562601089478e-01,-2.802462279796600342e-01,-3.573669120669364929e-02
-1.791060328483581543e+00,1.029130101203918457e+00,5.912845134735107422e-01,5.131660774350166321e-02,-8.193957619369029999e-04,8.623019456863403320e-01,5.037869215011596680e-01,3.194452822208404541e-01,6.075627636164426804e-03,2.887849509716033936e-01,2.817211747169494629e-01,-1.204395294189453125e-01,8.242715150117874146e-02,-4.923647642135620117e-01,6.593706458806991577e-02,4.502563774585723877e-01,2.489400953054428101e-01,-2.310504764318466187e-01,-1.799788326025009155e-02
-1.824716925621032715e+00,1.050938010215759277e+00,5.847032666206359863e-01,4.365591704845428467e-02,1.549717411398887634e-02,8.648887276649475098e-01,4.998214840888977051e-01,2.908217012882232666e-01,-3.302621841430664062e-02,2.349378019571304321e-01,3.901509046554565430e-01,5.746142938733100891e-02,1.255046576261520386e-01,-4.909701645374298096e-01,2.382571622729301453e-02,4.581771194934844971e-01,2.795597314834594727e-01,-1.563034206628799438e-01,8.080215752124786377e-02
-1.855951189994812012e+00,1.071724534034729004e+00,5.830435156822204590e-01,4.588490724563598633e-02,2.549818530678749084e-02,8.710283637046813965e-01,4.884199500083923340e-01,2.637538015842437744e-01,-6.181399896740913391e-02,1.560304462909698486e-01,5.238281488418579102e-01,3.187450766563415527e-01,1.227481737732887268e-01,-4.849544465541839600e-01,-3.253446519374847412e-02,4.153774082660675049e-01,3.458476364612579346e-01,-1.545042097568511963e-01,1.544303745031356812e-01
-1.885715007781982422e+00,1.089150786399841309e+00,5.876170992851257324e-01,4.108675569295883179e-02,1.872690580785274506e-02,8.786232471466064453e-01,4.753760397434234619e-01,1.866999566555023193e-01,-8.443723618984222412e-02,5.566818267107009888e-02,6.917939782142639160e-01,5.017769932746887207e-01,6.552057713270187378e-02,-4.535584747791290283e-01,-5.712188407778739929e-02,3.802295625209808350e-01,3.763515055179595947e-01,-1.677113622426986694e-01,2.070464193820953369e-01
-1.914461016654968262e+00,1.106909871101379395e+00,5.978335142135620117e-01,4.134416952729225159e-02,-3.691686084493994713e-03,8.921828866004943848e-01,4.497630298137664795e-01,7.168655842542648315e-02,-4.536126926541328430e-02,-2.540400251746177673e-02,8.505917787551879883e-01,4.309451878070831299e-01,-2.230379916727542877e-02,-3.846788108348846436e-01,-6.777323782444000244e-02,3.187546432018280029e-01,3.786803185939788818e-01,-1.955429464578628540e-01,2.161011099815368652e-01
-1.941122174263000488e+00,1.125981211662292480e+00,6.076406836509704590e-01,4.723094031214714050e-02,-2.171821147203445435e-02,9.089148640632629395e-01,4.137285649776458740e-01,-3.029293380677700043e-02,6.279670633375644684e-03,-9.949842095375061035e-02,9.181475639343261719e-01,3.343117535114288330e-01,-5.291437357664108276e-02,-2.964037060737609863e-01,-8.907651901245117188e-02,2.423579245805740356e-01,3.529149591922760010e-01,-2.074722945690155029e-01,1.958730667829513550e-01
-1.968434095382690430e+00,1.144698977470397949e+00,6.148954629898071289e-01,4.843049496412277222e-02,-2.729427255690097809e-02,9.249300360679626465e-01,3.760503828525543213e-01,-1.394113600254058838e-01,1.645789667963981628e-02,-1.817055195569992065e-01,9.256565570831298828e-01,2.619434893131256104e-01,-6.325367093086242676e-02,-2.235677689313888550e-01,-1.192190721631050110e-01,1.696305423974990845e-01,3.223924338817596436e-01,-2.114773690700531006e-01,1.824834346771240234e-01
-1.994076371192932129e+00,1.164567589759826660e+00,6.222295165061950684e-01,5.612709000706672668e-02,-3.422991931438446045e-02,9.410766959190368652e-01,3.317419886589050293e-01,-2.212154269218444824e-01,2.150269784033298492e-02,-2.622531652450561523e-01,8.671439290046691895e-01,1.528740376234054565e-01,-8.106198161840438843e-02,-1.355661004781723022e-01,-1.388417333364486694e-01,7.886100560426712036e-02,2.890169918537139893e-01,-2.071043848991394043e-01,1.673195362091064453e-01
-2.019228696823120117e+00,1.184262275695800781e+00,6.262637972831726074e-01,6.134391948580741882e-02,-3.311079367995262146e-02,9.543824791908264160e-01,2.903355360031127930e-01,-2.908596396446228027e-01,7.969595026224851608e-04,-3.262024223804473877e-01,7.500835061073303223e-01,7.083889096975326538e-02,-6.383280456066131592e-02,-5.877557396888732910e-02,-1.581576168537139893e-01,-3.525969339534640312e-03,2.586185932159423828e-01,-2.087536901235580444e-01,1.435732692480087280e-01
-2.043715476989746094e+00,1.204109668731689453e+00,6.281924247741699219e-01,6.825169175863265991e-02,-2.975638397037982941e-02,9.660133719444274902e-01,2.475367039442062378e-01,-3.343536555767059326e-01,-4.069180041551589966e-02,-4.047369360923767090e-01,6.056522130966186523e-01,-8.134337142109870911e-03,-5.238020420074462891e-02,9.673536755144596100e-03,-1.684559583663940430e-01,-8.198376744985580444e-02,2.432026267051696777e-01,-2.071599811315536499e-01,1.240517124533653259e-01
-2.067681074142456055e+00,1.224032402038574219e+00,6.269480586051940918e-01,7.395196706056594849e-02,-1.785909943282604218e-02,9.736525416374206543e-01,2.149717062711715698e-01,-3.658199608325958252e-01,-9.171740710735321045e-02,-4.784218370914459229e-01,4.272283911705017090e-01,-2.396050468087196350e-02,-9.186774492263793945e-03,8.163142204284667969e-02,-1.842748671770095825e-01,-1.367965638637542725e-01,2.186236679553985596e-01,-2.274039238691329956e-01,9.852814674377441406e-02
-2.094815969467163086e+00,1.245307445526123047e+00,6.210170984268188477e-01,8.526568114757537842e-02,3.257714910432696342e-03,9.822554588317871094e-01,1.670131683349609375e-01,-3.931593596935272217e-01,-1.630797386169433594e-01,-5.071613788604736328e-01,2.854493856430053711e-01,6.044271960854530334e-02,7.926117628812789917e-02,1.561696380376815796e-01,-2.109149694442749023e-01,-2.291682809591293335e-01,2.060332894325256348e-01,-2.463194280862808228e-01,8.653753995895385742e-02
-2.121695995330810547e+00,1.265628576278686523e+00,6.143487691879272461e-01,9.467762708663940430e-02,1.742566376924514771e-02,9.878522157669067383e-01,1.219858527183532715e-01,-4.187258481979370117e-01,-2.178856134414672852e-01,-4.733844995498657227e-01,1.780174970626831055e-01,1.612636744976043701e-01,1.819273680448532104e-01,2.320823371410369873e-01,-2.116845697164535522e-01,-3.166585266590118408e-01,1.945738792419433594e-01,-2.547194659709930420e-01,6.164427474141120911e-02
-2.147236108779907227e+00,1.286697149276733398e+00,6.077549457550048828e-01,9.555619955062866211e-02,2.712346985936164856e-02,9.906004667282104492e-01,9.404249489307403564e-02,-4.519615471363067627e-01,-2.621263563632965088e-01,-4.362196922302246094e-01,1.303332746028900146e-01,2.099938094615936279e-01,2.181430011987686157e-01,2.786017358303070068e-01,-1.963394135236740112e-01,-3.835640549659729004e-01,2.007803916931152344e-01,-2.779457271099090576e-01,5.768238008022308350e-02
-2.171507120132446289e+00,1.306922793388366699e+00,5.987191200256347656e-01,9.532191604375839233e-02,3.803048282861709595e-02,9.914860725402832031e-01,8.014236390590667725e-02,-4.643404483795166016e-01,-3.084476590156555176e-01,-4.802782237529754639e-01,1.460601985454559326e-01,2.280676662921905518e-01,2.200816720724105835e-01,3.150669038295745850e-01,-1.867994219064712524e-01,-4.037390351295471191e-01,2.280829846858978271e-01,-2.930410504341125488e-01,4.586787521839141846e-02
-2.196841716766357422e+00,1.328617334365844727e+00,5.887311100959777832e-01,9.355048090219497681e-02,5.106844380497932434e-02,9.911426305770874023e-01,7.922501862049102783e-02,-4.530481696128845215e-01,-3.323322534561157227e-01,-5.154510736465454102e-01,1.848776340484619141e-01,2.496667802333831787e-01,2.156884372234344482e-01,3.531695008277893066e-01,-1.869997084140777588e-01,-4.168590605258941650e-01,2.457779943943023682e-01,-2.909501492977142334e-01,2.193431742489337921e-02
-2.222975730895996094e+00,1.350629806518554688e+00,5.786505341529846191e-01,8.580897003412246704e-02,6.642311811447143555e-02,9.903151392936706543e-01,8.660684525966644287e-02,-4.296625554561614990e-01,-3.423555493354797363e-01,-5.942291021347045898e-01,2.347300648689270020e-01,2.714311182498931885e-01,1.986810564994812012e-01,3.626042604446411133e-01,-2.006346285343170166e-01,-4.209445416927337646e-01,2.933120727539062500e-01,-2.714029550552368164e-01,3.869025409221649170e-02
-2.249412298202514648e+00,1.374454140663146973e+00,5.739938616752624512e-01,7.476270198822021484e-02,6.024343520402908325e-02,9.913793206214904785e-01,8.915299177169799805e-02,-3.958786427974700928e-01,-2.732332944869995117e-01,-5.789923071861267090e-01,2.500887811183929443e-01,1.739746332168579102e-01,1.373916715383529663e-01,3.685806691646575928e-01,-1.589062809944152832e-01,-3.936674594879150391e-01,3.337909281253814697e-01,-1.780391186475753784e-01,1.197836641222238541e-02
-2.275212764739990234e+00,1.400400996208190918e+00,5.712540745735168457e-01,5.402804538607597351e-02,4.494720697402954102e-02,9.925170540809631348e-01,9.985312074422836304e-02,-3.957027792930603027e-01,-1.871208101511001587e-01,-5.595812797546386719e-01,2.743410468101501465e-01,1.549800578504800797e-02,3.155324235558509827e-02,3.227895200252532959e-01,-1.061693951487541199e-01,-3.021165132522583008e-01,4.497896730899810791e-01,-4.138816893100738525e-02,-2.521180547773838043e-02
-2.297885417938232422e+00,1.425570368766784668e+00,5.686753988265991211e-01,3.545651212334632874e-02,2.681401371955871582e-02,9.920538663864135742e-01,1.176987662911415100e-01,-4.360373914241790771e-01,-1.132978498935699463e-01,-5.095885992050170898e-01,3.696675896644592285e-01,-5.067603290081024170e-02,-8.841750770807266235e-02,2.436817586421966553e-01,-5.734942108392715454e-02,-1.919004917144775391e-01,6.052606701850891113e-01,1.885594576597213745e-01,-8.239722996950149536e-02
-2.323875188827514648e+00,1.448279738426208496e+00,5.755285620689392090e-01,6.096331402659416199e-02,2.767215855419635773e-02,9.880213141441345215e-01,1.390381753444671631e-01,-3.417989909648895264e-01,-8.207988739013671875e-02,-4.740464687347412109e-01,3.998273313045501709e-01,-1.067452654242515564e-01,-9.949461370706558228e-02,2.115298956632614136e-01,-3.088808618485927582e-02,-7.591448724269866943e-02,7.475636005401611328e-01,2.257779389619827271e-01,-3.503420576453208923e-02
-2.346045017242431641e+00,1.469958782196044922e+00,5.826347470283508301e-01,7.224803417921066284e-02,4.687437415122985840e-02,9.817196130752563477e-01,1.697340756654739380e-01,-2.879383265972137451e-01,-8.063256740570068359e-02,-4.278864562511444092e-01,4.077632725238800049e-01,-1.600333899259567261e-01,-9.744740277528762817e-02,9.868860244750976562e-02,-4.064169153571128845e-02,6.472712010145187378e-02,9.244558811187744141e-01,1.385498791933059692e-01,6.640562415122985840e-02
-2.369306325912475586e+00,1.491848349571228027e+00,5.938686132431030273e-01,9.316787868738174438e-02,6.472164392471313477e-02,9.692590832710266113e-01,2.183292210102081299e-01,-1.910445690155029297e-01,-6.669354438781738281e-02,-3.322788774967193604e-01,3.569184839725494385e-01,-1.773515045642852783e-01,-8.557252585887908936e-02,-8.003531023859977722e-03,-2.158067524433135986e-01,5.365975201129913330e-02,1.021246552467346191e+00,-1.307039111852645874e-01,6.780899316072463989e-02
-2.390143156051635742e+00,1.513399958610534668e+00,6.004920601844787598e-01,1.005402728915214539e-01,7.025726884603500366e-02,9.584835767745971680e-01,2.574195861816406250e-01,-1.317275017499923706e-01,-4.415650665760040283e-02,-2.553710043430328369e-01,3.402768075466156006e-01,-1.808362752199172974e-01,-9.514158219099044800e-02,-1.148118227720260620e-01,-1.800840049982070923e-01,1.526655256748199463e-01,1.023995637893676758e+00,-1.984878331422805786e-01,1.533528566360473633e-01
-2.412561655044555664e+00,1.532216668128967285e+00,5.995863080024719238e-01,9.038767218589782715e-02,4.331414401531219482e-02,9.520267844200134277e-01,2.891348600387573242e-01,-7.364220172166824341e-02,4.236148297786712646e-02,-2.052642703056335449e-01,2.972371578216552734e-01,-1.862263530492782593e-01,-1.180421411991119385e-01,-1.314717382192611694e-01,-1.061574593186378479e-01,2.257878631353378296e-01,8.859685063362121582e-01,5.980120971798896790e-02,1.119755133986473083e-01
-2.435562849044799805e+00,1.551626205444335938e+00,5.998502373695373535e-01,9.522955119609832764e-02,3.096758574247360229e-02,9.353405237197875977e-01,3.392793536186218262e-01,3.524772124364972115e-03,8.096276968717575073e-02,-1.188844516873359680e-01,2.604742050170898438e-01,-1.753663122653961182e-01,-9.849175065755844116e-02,-1.807248145341873169e-01,-1.004446521401405334e-01,2.667794823646545410e-01,7.677314877510070801e-01,3.619144111871719360e-02,1.003039628267288208e-01
-2.457378864288330078e+00,1.570722103118896484e+00,5.985072851181030273e-01,9.031642973423004150e-02,1.938444934785366058e-02,9.142289161682128906e-01,3.945284187793731689e-01,5.868986621499061584e-02,1.125306710600852966e-01,-1.935707777738571167e-02,2.283314615488052368e-01,-1.682772636413574219e-01,-7.653549313545227051e-02,-2.424746602773666382e-01,-1.241709962487220764e-01,2.568797767162322998e-01,5.937194228172302246e-01,-2.058748900890350342e-02,4.351502284407615662e-02
-2.477104425430297852e+00,1.589803099632263184e+00,5.930814146995544434e-01,7.675628364086151123e-02,4.429678432643413544e-03,9.168091416358947754e-01,3.918543457984924316e-01,9.683247655630111694e-02,1.507032066583633423e-01,-2.732485346496105194e-02,2.384926527738571167e-01,-2.187999933958053589e-01,-9.758216887712478638e-02,-2.154017835855484009e-01,6.656306236982345581e-02,5.716012716293334961e-01,5.784043669700622559e-01,5.028633400797843933e-02,1.700688451528549194e-01
-2.498858690261840820e+00,1.606519222259521484e+00,5.862861871719360352e-01,6.099785491824150085e-02,-1.478156354278326035e-02,9.023673534393310547e-01,4.263729453086853027e-01,1.428987681865692139e-01,1.907879859209060669e-01,4.225184768438339233e-02,2.084737271070480347e-01,-2.265077680349349976e-01,-1.018481031060218811e-01,-2.502355575561523438e-01,8.688030391931533813e-02,5.930167436599731445e-01,4.249735772609710693e-01,9.400017559528350830e-02,1.331197619438171387e-01
-2.520536184310913086e+00,1.625686764717102051e+00,5.816569328308105469e-01,4.353387281298637390e-02,-1.927178725600242615e-02,8.840690255165100098e-01,4.649251401424407959e-01,1.653799563646316528e-01,1.969065070152282715e-01,1.184848248958587646e-01,2.034832388162612915e-01,-2.506482303142547607e-01,-1.139926314353942871e-01,-3.261037766933441162e-01,1.226382255554199219e-01,6.048001050949096680e-01,3.668636977672576904e-01,1.108455434441566467e-01,1.720016896724700928e-01
-2.540982007980346680e+00,1.641871452331542969e+00,5.833325386047363281e-01,4.581687599420547485e-02,9.126389399170875549e-03,8.757768869400024414e-01,4.804501831531524658e-01,1.957777142524719238e-01,1.210376620292663574e-01,1.460795700550079346e-01,1.904017776250839233e-01,-2.783467471599578857e-01,-6.690553575754165649e-02,-2.717567086219787598e-01,-1.023721694946289062e-01,1.563720703125000000e-01,4.901352524757385254e-01,-2.448774874210357666e-01,6.377813220024108887e-02
-2.568699836730957031e+00,1.664118885993957520e+00,5.688507556915283203e-01,3.884525597095489502e-02,-2.663952112197875977e-02,8.611764907836914062e-01,5.061190128326416016e-01,2.594079375267028809e-01,1.637613028287887573e-01,2.118482142686843872e-01,2.274059802293777466e-01,-2.845781743526458740e-01,-7.190579175949096680e-02,-3.513539135456085205e-01,9.130179882049560547e-02,3.779682815074920654e-01,2.999798059463500977e-01,-8.423358947038650513e-02,5.929325520992279053e-02
-2.589786291122436523e+00,1.682759404182434082e+00,5.725127458572387695e-01,3.713800385594367981e-02,1.418559532612562180e-02,8.556407690048217773e-01,5.160411000251770020e-01,2.427988797426223755e-01,7.242145389318466187e-02,2.243830859661102295e-01,2.550786435604095459e-01,-2.651310265064239502e-01,-3.681782260537147522e-02,-3.610219657421112061e-01,-7.464292645454406738e-02,8.316685259342193604e-02,4.970531761646270752e-01,-2.501121163368225098e-01,9.723671525716781616e-02
-2.616914510726928711e+00,1.704641222953796387e+00,5.673434734344482422e-01,3.249807283282279968e-02,2.253191545605659485e-02,8.533281683921813965e-01,5.198723077774047852e-01,2.508942186832427979e-01,3.904774785041809082e-02,2.183386534452438354e-01,3.109820187091827393e-01,-2.211669832468032837e-01,-3.974224440753459930e-03,-3.901160657405853271e-01,-9.158394485712051392e-02,7.497677952051162720e-02,5.179690122604370117e-01,-2.750985622406005859e-01,1.130741164088249207e-01
-2.646260261535644531e+00,1.727387785911560059e+00,5.591134428977966309e-01,2.396084554493427277e-02,2.335575595498085022e-02,8.511861562728881836e-01,5.237962603569030762e-01,2.368117123842239380e-01,2.188700810074806213e-02,1.757118552923202515e-01,4.066199958324432373e-01,-7.913547754287719727e-02,-7.038882467895746231e-03,-3.817470371723175049e-01,-7.377371937036514282e-02,1.348773688077926636e-01,4.939806461334228516e-01,-2.099636495113372803e-01,1.434467881917953491e-01
-2.673700809478759766e+00,1.743326306343078613e+00,5.582816004753112793e-01,4.313945304602384567e-03,3.112766146659851074e-02,8.750939965248107910e-01,4.829316139221191406e-01,1.435441523790359497e-01,6.509714294224977493e-03,1.788971573114395142e-02,5.797977447509765625e-01,-1.146579906344413757e-02,-7.375477813184261322e-03,-1.993285417556762695e-01,-7.442533224821090698e-02,4.978695511817932129e-02,4.230816066265106201e-01,-2.609291076660156250e-01,1.739337444305419922e-01
-2.702235698699951172e+00,1.764467597007751465e+00,5.647657513618469238e-01,1.661331765353679657e-02,2.442740276455879211e-02,8.743211030960083008e-01,4.844480454921722412e-01,7.340379059314727783e-02,-4.000580683350563049e-02,-7.977877743542194366e-03,7.921505570411682129e-01,-1.066652359440922737e-03,-5.923004075884819031e-02,-2.252984941005706787e-01,-6.158981099724769592e-02,-2.077426016330718994e-02,4.623285233974456787e-01,-2.991816103458404541e-01,2.285832613706588745e-01
-2.730514049530029297e+00,1.787585735321044922e+00,5.666078329086303711e-01,4.117656126618385315e-02,1.497817784547805786e-02,8.615722656250000000e-01,5.057404041290283203e-01,3.919003531336784363e-02,8.199015632271766663e-03,9.206876158714294434e-02,8.055469393730163574e-01,1.447954922914505005e-01,5.200741346925497055e-03,-2.851301431655883789e-01,-2.675799466669559479e-02,-5.384952574968338013e-02,3.734849393367767334e-01,-1.582394242286682129e-01,1.803920418024063110e-01
-2.756156206130981445e+00,1.806059360504150391e+00,5.743373632431030273e-01,4.604047164320945740e-02,1.517432741820812225e-03,8.701949119567871094e-01,4.905494451522827148e-01,-5.724859237670898438e-02,2.026470750570297241e-02,2.096438780426979065e-02,8.822969198226928711e-01,1.112705469131469727e-01,-3.017686121165752411e-02,-2.440753877162933350e-01,-1.227195188403129578e-02,-3.712411969900131226e-02,2.935534417629241943e-01,-1.663635820150375366e-01,1.740345656871795654e-01
-2.779951572418212891e+00,1.824187636375427246e+00,5.807982087135314941e-01,5.284368246793746948e-02,-4.002080298960208893e-03,8.919394612312316895e-01,4.490384459495544434e-01,-1.098263338208198547e-01,4.901459440588951111e-02,-4.409938585013151169e-03,8.762851953506469727e-01,1.009935364127159119e-01,-2.673428133130073547e-02,-1.852326840162277222e-01,-3.013555705547332764e-02,-5.839474499225616455e-02,2.979844808578491211e-01,-1.503483802080154419e-01,1.668751984834671021e-01
-2.805391550064086914e+00,1.847559690475463867e+00,5.906762480735778809e-01,7.817238569259643555e-02,3.631035331636667252e-03,9.019942879676818848e-01,4.245964586734771729e-01,-1.150178387761116028e-01,1.404830999672412872e-02,-6.403305381536483765e-02,7.397591471672058105e-01,9.376686066389083862e-02,1.188222225755453110e-02,-1.853632777929306030e-01,-5.114140734076499939e-02,3.577084466814994812e-02,3.148118257522583008e-01,-1.888792663812637329e-01,1.444544643163681030e-01
-2.826652050018310547e+00,1.867116570472717285e+00,5.857219696044921875e-01,7.630584388971328735e-02,3.672583028674125671e-03,9.248991012573242188e-01,3.724587857723236084e-01,-1.744067072868347168e-01,4.618700221180915833e-02,-8.171206712722778320e-02,6.211653351783752441e-01,1.232736781239509583e-01,4.550003260374069214e-02,-6.128697097301483154e-02,-9.628167748451232910e-02,-2.136387489736080170e-02,2.050155550241470337e-01,-1.266486644744873047e-01,1.117982044816017151e-01
-2.855507612228393555e+00,1.890948891639709473e+00,5.828643441200256348e-01,1.070682182908058167e-01,1.807766407728195190e-02,9.303640127182006836e-01,3.501891493797302246e-01,-1.586613655090332031e-01,3.011956438422203064e-02,-1.788628846406936646e-02,4.563100039958953857e-01,1.874349713325500488e-01,1.165324598550796509e-01,-9.197008609771728516e-02,-1.422331631183624268e-01,-1.775466836988925934e-03,1.480514854192733765e-01,-9.087524563074111938e-02,8.100573718547821045e-02
