2.263816356658935547e+00,-2.433179140090942383e+00,7.501487135887145996e-01,1.193530205637216568e-02,3.870408982038497925e-02,9.033731222152709961e-01,4.269385337829589844e-01,-2.347282320261001587e-01,-3.941478207707405090e-02,2.232370376586914062e-01,1.096640676259994507e-01,2.228721380233764648e-01,1.775385439395904541e-01,6.050103157758712769e-02,-6.660217791795730591e-02,6.144466996192932129e-01,2.673000842332839966e-02,-2.128182351589202881e-01,-9.235613048076629639e-02
2.268845558166503906e+00,-2.441577911376953125e+00,7.673304080963134766e-01,3.105227649211883545e-02,1.058109197765588760e-02,9.390302300453186035e-01,3.422659933567047119e-01,-1.300814747810363770e-01,-5.267344415187835693e-02,5.654100328683853149e-02,2.332533895969390869e-02,4.038091376423835754e-02,1.042637750506401062e-01,5.796789750456809998e-02,-1.455335970968008041e-02,4.200837612152099609e-01,3.500595688819885254e-02,-1.483006030321121216e-01,-6.355895847082138062e-02
2.268852233886718750e+00,-2.438743829727172852e+00,7.682656049728393555e-01,4.099793359637260437e-02,1.762636122293770313e-03,9.558607339859008789e-01,2.909403443336486816e-01,-6.392178684473037720e-02,-4.811137542128562927e-02,-5.842302739620208740e-02,2.848819829523563385e-02,-1.662361994385719299e-02,7.728458195924758911e-02,5.953350663185119629e-02,1.916304609039798379e-04,3.044343292713165283e-01,3.042431175708770752e-02,-1.231930032372474670e-01,-5.141180753707885742e-02
2.267148256301879883e+00,-2.437494277954101562e+00,7.684242129325866699e-01,4.053567349910736084e-02,1.456440892070531845e-03,9.582559466361999512e-01,2.830198705196380615e-01,-5.336567386984825134e-02,-4.633181169629096985e-02,-8.634608983993530273e-02,2.664990536868572235e-02,-2.618929371237754822e-02,7.277173548936843872e-02,6.307907402515411377e-02,-6.268903962336480618e-04,2.920233905315399170e-01,2.600324340164661407e-02,-1.252512782812118530e-01,-4.906454309821128845e-02
2.266225099563598633e+00,-2.436903476715087891e+00,7.685965895652770996e-01,4.100837931036949158e-02,8.226967765949666500e-04,9.605199098587036133e-01,2.751711606979370117e-01,-4.464392736554145813e-02,-4.682919383049011230e-02,-1.048961132764816284e-01,2.613726817071437836e-02,-3.176758438348770142e-02,7.050143182277679443e-02,6.451463699340820312e-02,5.139744462212547660e-05,2.766364514827728271e-01,2.314138226211071014e-02,-1.245095804333686829e-01,-4.747574031352996826e-02
2.265496492385864258e+00,-2.436861276626586914e+00,7.686104178428649902e-01,4.192147031426429749e-02,1.464131637476384640e-04,9.621147513389587402e-01,2.694026529788970947e-01,-3.699494153261184692e-02,-4.567765444517135620e-02,-1.234450414776802063e-01,2.614545077085494995e-02,-3.573684021830558777e-02,7.255027443170547485e-02,6.512292474508285522e-02,1.664522824285086244e-05,2.627546489238739014e-01,2.183396182954311371e-02,-1.216005980968475342e-01,-4.737299680709838867e-02
2.264979600906372070e+00,-2.436808109283447266e+00,7.684303522109985352e-01,4.264654591679573059e-02,-8.184731705114245415e-04,9.638800621032714844e-01,2.628989815711975098e-01,-3.043205663561820984e-02,-4.700672626495361328e-02,-1.348652243614196777e-01,2.521643228828907013e-02,-3.989644721150398254e-02,7.020433992147445679e-02,6.513353437185287476e-02,1.164785586297512054e-03,2.487757802009582520e-01,2.071642689406871796e-02,-1.183284968137741089e-01,-4.695283249020576477e-02
2.264808893203735352e+00,-2.436713695526123047e+00,7.686616182327270508e-01,4.338476434350013733e-02,-1.219884841702878475e-03,9.652992486953735352e-01,2.575144171714782715e-01,-2.466195449233055115e-02,-4.608478397130966187e-02,-1.470762640237808228e-01,2.446250617504119873e-02,-4.379125311970710754e-02,7.149629294872283936e-02,6.494954228401184082e-02,1.651768921874463558e-03,2.375345379114151001e-01,1.980006322264671326e-02,-1.154081299901008606e-01,-4.724634811282157898e-02
2.264280080795288086e+00,-2.436283111572265625e+00,7.684926986694335938e-01,4.411460086703300476e-02,-1.211962779052555561e-03,9.663946032524108887e-01,2.532467842102050781e-01,-1.921666786074638367e-02,-4.667562618851661682e-02,-1.613989174365997314e-01,2.580823376774787903e-02,-4.324769973754882812e-02,7.349646091461181641e-02,6.546201556921005249e-02,2.027184236794710159e-03,2.284698188304901123e-01,1.869322173297405243e-02,-1.140328124165534973e-01,-4.666505753993988037e-02
2.263878107070922852e+00,-2.436564207077026367e+00,7.684914469718933105e-01,4.478401690721511841e-02,-1.520825084298849106e-03,9.675400257110595703e-01,2.487134188413619995e-01,-1.508773863315582275e-02,-4.723832383751869202e-02,-1.708345860242843628e-01,2.530268579721450806e-02,-4.455885663628578186e-02,7.566627115011215210e-02,6.568671017885208130e-02,1.612338121049106121e-03,2.189487069845199585e-01,1.807408221065998077e-02,-1.121848896145820618e-01,-4.597321525216102600e-02
2.263765573501586914e+00,-2.436904907226562500e+00,7.681190371513366699e-01,4.554842039942741394e-02,-1.950983889400959015e-03,9.683476686477661133e-01,2.454064339399337769e-01,-1.257303636521100998e-02,-4.828581213951110840e-02,-1.719928234815597534e-01,2.578567899763584137e-02,-4.573203623294830322e-02,7.499966770410537720e-02,6.487106531858444214e-02,1.983265858143568039e-03,2.109973281621932983e-01,1.871270872652530670e-02,-1.099607273936271667e-01,-4.448663070797920227e-02
2.263329744338989258e+00,-2.436963796615600586e+00,7.680781483650207520e-01,4.585269466042518616e-02,-2.378620672971010208e-03,9.688820242881774902e-01,2.432272434234619141e-01,-1.007973309606313705e-02,-4.947124794125556946e-02,-1.747354567050933838e-01,2.563317865133285522e-02,-4.809202253818511963e-02,7.264176011085510254e-02,6.457515060901641846e-02,2.346602734178304672e-03,2.042244523763656616e-01,1.910930126905441284e-02,-1.083903983235359192e-01,-4.281383752822875977e-02
2.262756347656250000e+00,-2.436343669891357422e+00,7.680271863937377930e-01,4.616383463144302368e-02,-2.011002507060766220e-03,9.692118763923645020e-01,2.418535649776458740e-01,-7.323453202843666077e-03,-4.833095893263816833e-02,-1.810990720987319946e-01,2.680421806871891022e-02,-4.866055026650428772e-02,7.345374673604965210e-02,6.483852863311767578e-02,1.992007251828908920e-03,1.997897326946258545e-01,1.932050287723541260e-02,-1.076605245471000671e-01,-4.229220002889633179e-02
2.262151956558227539e+00,-2.435976505279541016e+00,7.682389616966247559e-01,4.639634862542152405e-02,-1.945399562828242779e-03,9.697273373603820801e-01,2.397341132164001465e-01,-4.933759104460477829e-03,-4.804592579603195190e-02,-1.851569712162017822e-01,2.737512812018394470e-02,-4.939724504947662354e-02,7.495871186256408691e-02,6.543234735727310181e-02,1.792024471797049046e-03,1.956037133932113647e-01,1.934741251170635223e-02,-1.073954924941062927e-01,-4.199728742241859436e-02
2.261831760406494141e+00,-2.436182737350463867e+00,7.681597471237182617e-01,4.668708145618438721e-02,-2.574220765382051468e-03,9.702562689781188965e-01,2.375215142965316772e-01,-3.762962063774466515e-03,-4.951084777712821960e-02,-1.858687549829483032e-01,2.612440288066864014e-02,-5.220022797584533691e-02,7.359617948532104492e-02,6.567510962486267090e-02,2.562649780884385109e-03,1.900739222764968872e-01,1.912393979728221893e-02,-1.071379631757736206e-01,-4.082141071557998657e-02
2.261305093765258789e+00,-2.435984849929809570e+00,7.680773735046386719e-01,4.684339091181755066e-02,-2.596627920866012573e-03,9.705243110656738281e-01,2.363927662372589111e-01,-1.592845190316438675e-03,-4.904802888631820679e-02,-1.890570819377899170e-01,2.669734880328178406e-02,-5.357215553522109985e-02,7.245921343564987183e-02,6.575699150562286377e-02,2.554243430495262146e-03,1.857950687408447266e-01,1.908323727548122406e-02,-1.067301332950592041e-01,-3.972546383738517761e-02
2.261471271514892578e+00,-2.435893774032592773e+00,7.681696414947509766e-01,4.715729877352714539e-02,-2.865760587155818939e-03,9.709346294403076172e-01,2.346358299255371094e-01,-6.372928619384765625e-04,-4.910620674490928650e-02,-1.901174336671829224e-01,2.696104533970355988e-02,-5.472530052065849304e-02,7.056365162134170532e-02,6.617578119039535522e-02,3.126988187432289124e-03,1.813098043203353882e-01,1.917452365159988403e-02,-1.064411401748657227e-01,-3.878574073314666748e-02
2.264356374740600586e+00,-2.436650514602661133e+00,7.682608366012573242e-01,5.154850333929061890e-02,-4.029600415378808975e-03,9.711364507675170898e-01,2.328530699014663696e-01,-5.241699982434511185e-04,-4.753216356039047241e-02,-1.860485523939132690e-01,3.775268048048019409e-02,-5.193860456347465515e-02,6.863105297088623047e-02,6.536414474248886108e-02,5.275827366858720779e-03,1.621506512165069580e-01,2.574444003403186798e-02,-9.726513177156448364e-02,-3.595859184861183167e-02
2.264959573745727539e+00,-2.436606645584106445e+00,7.685456871986389160e-01,5.121059715747833252e-02,-3.614169312641024590e-03,9.713454246520996094e-01,2.320614904165267944e-01,8.032598998397588730e-04,-4.678132757544517517e-02,-1.956831365823745728e-01,3.735227510333061218e-02,-5.263889953494071960e-02,6.896480917930603027e-02,6.549571454524993896e-02,4.572923295199871063e-03,1.665954291820526123e-01,2.355492673814296722e-02,-9.975419193506240845e-02,-3.479434922337532043e-02
2.268095970153808594e+00,-2.438149690628051758e+00,7.683818936347961426e-01,5.472990125417709351e-02,-4.512125626206398010e-03,9.714736342430114746e-01,2.307016253471374512e-01,-1.997118350118398666e-03,-4.816508665680885315e-02,-1.924228072166442871e-01,4.513159394264221191e-02,-4.860866814851760864e-02,6.717725843191146851e-02,6.315726041793823242e-02,4.841953050345182419e-03,1.536971181631088257e-01,2.869505062699317932e-02,-9.282743930816650391e-02,-3.171997144818305969e-02
2.270759820938110352e+00,-2.439660072326660156e+00,7.684608101844787598e-01,5.558004975318908691e-02,-4.450623411685228348e-03,9.717168211936950684e-01,2.294722646474838257e-01,-6.401491817086935043e-03,-4.892897233366966248e-02,-1.919451206922531128e-01,5.014304071664810181e-02,-4.558747634291648865e-02,6.453187018632888794e-02,5.934923514723777771e-02,4.892993252724409103e-03,1.490688025951385498e-01,3.075113147497177124e-02,-8.896299451589584351e-02,-2.674527280032634735e-02
2.274688243865966797e+00,-2.442010402679443359e+00,7.683590650558471680e-01,5.608291178941726685e-02,-4.225813318043947220e-03,9.719038009643554688e-01,2.285604327917098999e-01,-1.557381823658943176e-02,-5.023979023098945618e-02,-1.912249326705932617e-01,5.736580118536949158e-02,-3.946984186768531799e-02,6.171804293990135193e-02,5.144387111067771912e-02,3.482848871499300003e-03,1.440396904945373535e-01,3.343721106648445129e-02,-8.418277651071548462e-02,-2.120282687246799469e-02
2.278619050979614258e+00,-2.445392608642578125e+00,7.684388160705566406e-01,5.543988570570945740e-02,-3.477820660918951035e-03,9.721899628639221191e-01,2.275103926658630371e-01,-2.790361829102039337e-02,-5.232265591621398926e-02,-1.908009052276611328e-01,6.497225910425186157e-02,-3.171153366565704346e-02,6.200231239199638367e-02,4.061581566929817200e-02,6.715178024023771286e-04,1.397348791360855103e-01,3.627933934330940247e-02,-7.975306361913681030e-02,-1.554581988602876663e-02
2.285056114196777344e+00,-2.448964834213256836e+00,7.677904963493347168e-01,5.217797681689262390e-02,-1.353021478280425072e-03,9.724397063255310059e-01,2.272370755672454834e-01,-5.214863643050193787e-02,-5.720023810863494873e-02,-1.857618987560272217e-01,7.388978451490402222e-02,-2.423508465290069580e-02,5.779451876878738403e-02,1.958483643829822540e-02,-1.026588841341435909e-03,1.346730887889862061e-01,4.051022604107856750e-02,-7.420883327722549438e-02,-5.685254000127315521e-03
2.290314435958862305e+00,-2.453087806701660156e+00,7.668950557708740234e-01,4.623456671833992004e-02,3.120813635177910328e-04,9.726520180702209473e-01,2.276187986135482788e-01,-7.964629679918289185e-02,-6.000706180930137634e-02,-1.847338825464248657e-01,8.221254497766494751e-02,-1.605345495045185089e-02,5.405996367335319519e-02,-7.121731992810964584e-03,-2.353263786062598228e-03,1.331309974193572998e-01,4.701963067054748535e-02,-6.915034353733062744e-02,7.735623046755790710e-03
2.295891523361206055e+00,-2.458012104034423828e+00,7.659555673599243164e-01,4.145971685647964478e-02,2.296020509675145149e-03,9.730601310729980469e-01,2.267812937498092651e-01,-1.060203686356544495e-01,-6.429887562990188599e-02,-1.836592108011245728e-01,9.117592126131057739e-02,-7.821862585842609406e-03,5.659390240907669067e-02,-3.658974170684814453e-02,-6.845780182629823685e-03,1.277305334806442261e-01,6.020135805010795593e-02,-5.966233089566230774e-02,1.745324395596981049e-02
2.302000761032104492e+00,-2.462426424026489258e+00,7.639375925064086914e-01,3.695983812212944031e-02,4.432556685060262680e-03,9.735214114189147949e-01,2.255446016788482666e-01,-1.311417371034622192e-01,-7.002706080675125122e-02,-1.837328672409057617e-01,9.934999048709869385e-02,-2.121828263625502586e-03,5.740714073181152344e-02,-6.510580331087112427e-02,-9.638686664402484894e-03,1.251129508018493652e-01,7.266229391098022461e-02,-5.298892036080360413e-02,2.465289644896984100e-02
2.308245182037353516e+00,-2.467237710952758789e+00,7.618631720542907715e-01,3.382568433880805969e-02,5.240967962890863419e-03,9.739555120468139648e-01,2.241407334804534912e-01,-1.528342813253402710e-01,-7.451564073562622070e-02,-1.855856925249099731e-01,1.061628311872482300e-01,-2.173878950998187065e-03,5.477767437696456909e-02,-9.165573120117187500e-02,-1.072261109948158264e-02,1.242153123021125793e-01,8.714764565229415894e-02,-4.638220369815826416e-02,2.803909592330455780e-02
2.315803527832031250e+00,-2.471594572067260742e+00,7.579738497734069824e-01,3.070177137851715088e-02,6.460239645093679428e-03,9.746838212013244629e-01,2.213754504919052124e-01,-1.796443313360214233e-01,-7.497368007898330688e-02,-1.959463357925415039e-01,1.162191927433013916e-01,-7.014858070760965347e-03,7.433487474918365479e-02,-1.233607977628707886e-01,-1.542398333549499512e-02,1.327335685491561890e-01,1.022884473204612732e-01,-4.759197682142257690e-02,6.957826204597949982e-03
2.321292400360107422e+00,-2.474348783493041992e+00,7.528901696205139160e-01,2.699781954288482666e-02,8.457247167825698853e-03,9.749650955200195312e-01,2.205507010221481323e-01,-2.052837610244750977e-01,-8.071577548980712891e-02,-1.972380578517913818e-01,1.319432258605957031e-01,-3.707065712660551071e-03,7.893600314855575562e-02,-1.521730124950408936e-01,-1.432674285024404526e-02,1.357543468475341797e-01,1.209508776664733887e-01,-4.407057166099548340e-02,9.099784074351191521e-04
2.327012538909912109e+00,-2.477659940719604492e+00,7.475824952125549316e-01,2.588790468871593475e-02,1.003694441169500351e-02,9.752454161643981934e-01,2.193751037120819092e-01,-2.278701364994049072e-01,-8.494090288877487183e-02,-1.958142071962356567e-01,1.503942459821701050e-01,-2.011312972172163427e-05,7.995513081550598145e-02,-1.769984811544418335e-01,-1.543686445802450180e-02,1.381772756576538086e-01,1.402016878128051758e-01,-4.029208794236183167e-02,2.896646969020366669e-03
2.332303524017333984e+00,-2.480660438537597656e+00,7.414522171020507812e-01,2.548255026340484619e-02,1.148199290037155151e-02,9.753038883209228516e-01,2.190916538238525391e-01,-2.494788616895675659e-01,-9.234804660081863403e-02,-1.961370706558227539e-01,1.699644625186920166e-01,4.658523947000503540e-03,7.419347763061523438e-02,-2.001588195562362671e-01,-1.575194485485553741e-02,1.408619880676269531e-01,1.613634228706359863e-01,-3.697845712304115295e-02,1.125201396644115448e-02
2.336609840393066406e+00,-2.482960939407348633e+00,7.333834767341613770e-01,2.591300755739212036e-02,1.428384240716695786e-02,9.752401709556579590e-01,2.191599160432815552e-01,-2.713755369186401367e-01,-1.011818796396255493e-01,-1.967848688364028931e-01,1.915543228387832642e-01,9.371443651616573334e-03,6.819024682044982910e-02,-2.226498872041702271e-01,-2.039717696607112885e-02,1.416309773921966553e-01,1.851893067359924316e-01,-3.497688844799995422e-02,2.064197696745395660e-02
2.341217041015625000e+00,-2.485704183578491211e+00,7.245594263076782227e-01,2.552394941449165344e-02,1.703023537993431091e-02,9.752621054649353027e-01,2.189115434885025024e-01,-2.978757917881011963e-01,-1.093680858612060547e-01,-1.968362331390380859e-01,2.148882001638412476e-01,1.398212835192680359e-02,6.684321910142898560e-02,-2.483279705047607422e-01,-2.481752261519432068e-02,1.432444006204605103e-01,2.092850208282470703e-01,-3.362335264682769775e-02,2.993104606866836548e-02
2.347330093383789062e+00,-2.488604545593261719e+00,7.152483463287353516e-01,2.548890747129917145e-02,1.742429286241531372e-02,9.748870730400085449e-01,2.205490916967391968e-01,-3.271132111549377441e-01,-1.145446598529815674e-01,-1.964652091264724731e-01,2.398114055395126343e-01,1.245815493166446686e-02,6.678433716297149658e-02,-2.744154632091522217e-01,-2.182483114302158356e-02,1.499956697225570679e-01,2.363609075546264648e-01,-3.304873034358024597e-02,3.334137424826622009e-02
2.351012468338012695e+00,-2.491219520568847656e+00,7.054239511489868164e-01,2.654509618878364563e-02,1.760531030595302582e-02,9.745984673500061035e-01,2.216826975345611572e-01,-3.515000939369201660e-01,-1.246131360530853271e-01,-2.015569657087326050e-01,2.687572538852691650e-01,8.353993296623229980e-03,6.755136698484420776e-02,-2.987492382526397705e-01,-1.910725049674510956e-02,1.584096550941467285e-01,2.690619230270385742e-01,-3.036279417574405670e-02,3.094516135752201080e-02
2.354156255722045898e+00,-2.493112325668334961e+00,6.948439478874206543e-01,2.820163592696189880e-02,1.867481693625450134e-02,9.745962023735046387e-01,2.214004993438720703e-01,-3.755616247653961182e-01,-1.333271265029907227e-01,-2.004279643297195435e-01,3.023125529289245605e-01,9.365085512399673462e-03,6.446079164743423462e-02,-3.244111239910125732e-01,-1.893861591815948486e-02,1.709726452827453613e-01,3.039140701293945312e-01,-2.732005529105663300e-02,2.634011954069137573e-02
2.358226776123046875e+00,-2.494917392730712891e+00,6.833092570304870605e-01,2.959576062858104706e-02,1.794701442122459412e-02,9.746422171592712402e-01,2.210757583379745483e-01,-4.020847678184509277e-01,-1.378827244043350220e-01,-2.000369727611541748e-01,3.356216847896575928e-01,2.025379100814461708e-03,5.776651576161384583e-02,-3.518460690975189209e-01,-9.171909652650356293e-03,1.897500157356262207e-01,3.429880738258361816e-01,-2.512347884476184845e-02,2.436382882297039032e-02
2.360499620437622070e+00,-2.496206045150756836e+00,6.707067489624023438e-01,3.212989494204521179e-02,1.834430359303951263e-02,9.744601249694824219e-01,2.214917838573455811e-01,-4.263651371002197266e-01,-1.455603837966918945e-01,-1.989951431751251221e-01,3.740731179714202881e-01,-6.013024132698774338e-03,4.706890881061553955e-02,-3.785746991634368896e-01,-4.540286492556333542e-03,2.046595662832260132e-01,3.869810402393341064e-01,-2.527759782969951630e-02,2.373796887695789337e-02
2.364367485046386719e+00,-2.495812177658081055e+00,6.553975939750671387e-01,3.276602923870086670e-02,2.072223462164402008e-02,9.739194512367248535e-01,2.235572338104248047e-01,-4.677716493606567383e-01,-1.511645466089248657e-01,-1.910119205713272095e-01,4.239230155944824219e-01,-1.255576405674219131e-02,3.910230845212936401e-02,-4.156475961208343506e-01,2.579757012426853180e-03,2.183032929897308350e-01,4.392803013324737549e-01,-2.600152976810932159e-02,1.796255633234977722e-02
2.366448163986206055e+00,-2.498086452484130859e+00,6.420913934707641602e-01,3.377657756209373474e-02,2.177265100181102753e-02,9.730784296989440918e-01,2.269437015056610107e-01,-5.072243809700012207e-01,-1.590512990951538086e-01,-1.742874681949615479e-01,4.743700921535491943e-01,-2.509095892310142517e-02,1.918289810419082642e-02,-4.530966877937316895e-01,9.452804923057556152e-03,2.302085310220718384e-01,4.944969713687896729e-01,-2.603688463568687439e-02,1.919768750667572021e-02
2.366771697998046875e+00,-2.500088453292846680e+00,6.288574337959289551e-01,3.592823073267936707e-02,2.192503586411476135e-02,9.725700020790100098e-01,2.287707477807998657e-01,-5.443994998931884766e-01,-1.680814027786254883e-01,-1.676541864871978760e-01,5.307455062866210938e-01,-4.340535402297973633e-02,1.278748363256454468e-02,-4.880494177341461182e-01,1.806394942104816437e-02,2.513338029384613037e-01,5.556508898735046387e-01,-2.618794329464435577e-02,1.135658379644155502e-02
2.367978572845458984e+00,-2.499581575393676758e+00,6.141574978828430176e-01,3.837367892265319824e-02,2.116562612354755402e-02,9.727420806884765625e-01,2.277109920978546143e-01,-5.769962668418884277e-01,-1.738998889923095703e-01,-1.671713292598724365e-01,5.890964269638061523e-01,-5.697890743613243103e-02,4.296328872442245483e-03,-5.258554220199584961e-01,3.076254948973655701e-02,2.669673562049865723e-01,6.225504279136657715e-01,-3.120916895568370819e-02,3.050643485039472580e-03
2.368141651153564453e+00,-2.499836921691894531e+00,5.991486907005310059e-01,4.123400896787643433e-02,2.078687958419322968e-02,9.725426435470581055e-01,2.280975431203842163e-01,-6.149449944496154785e-01,-1.818566024303436279e-01,-1.628297269344329834e-01,6.531153321266174316e-01,-7.029458880424499512e-02,-6.454754155129194260e-03,-5.635468363761901855e-01,4.074916616082191467e-02,2.727990746498107910e-01,6.962483525276184082e-01,-3.977596387267112732e-02,-1.424334570765495300e-02
2.367120027542114258e+00,-2.499960660934448242e+00,5.855230689048767090e-01,4.372770339250564575e-02,1.508009340614080429e-02,9.722517728805541992e-01,2.293184399604797363e-01,-6.493863463401794434e-01,-1.860036104917526245e-01,-1.668833494186401367e-01,7.240831255912780762e-01,-9.399665892124176025e-02,-2.514289692044258118e-02,-6.007114052772521973e-01,6.755872070789337158e-02,2.768206000328063965e-01,7.690560221672058105e-01,-4.836635291576385498e-02,-2.188904769718647003e-02
2.366080284118652344e+00,-2.500415563583374023e+00,5.703330636024475098e-01,4.643025994300842285e-02,1.670592091977596283e-02,9.720518589019775391e-01,2.295219898223876953e-01,-6.874662637710571289e-01,-1.991050839424133301e-01,-1.625012159347534180e-01,7.877884507179260254e-01,-1.016306504607200623e-01,-1.366537436842918396e-02,-6.449107527732849121e-01,7.644831389188766479e-02,2.831623554229736328e-01,8.485065102577209473e-01,-5.397693440318107605e-02,-3.489486128091812134e-02
2.365677356719970703e+00,-2.499696016311645508e+00,5.565303564071655273e-01,4.721339046955108643e-02,1.348281279206275940e-02,9.713737368583679199e-01,2.324267327785491943e-01,-7.314800024032592773e-01,-1.972885429859161377e-01,-1.565751880407333374e-01,8.576521277427673340e-01,-1.227711066603660583e-01,-2.970163337886333466e-02,-6.850642561912536621e-01,9.868963062763214111e-02,2.846492528915405273e-01,9.216262698173522949e-01,-6.033938378095626831e-02,-6.575729697942733765e-02
2.363610506057739258e+00,-2.500188827514648438e+00,5.437081456184387207e-01,4.824636131525039673e-02,1.336524914950132370e-02,9.701607823371887207e-01,2.372376173734664917e-01,-7.747631669044494629e-01,-1.988056004047393799e-01,-1.420609503984451294e-01,9.278881549835205078e-01,-1.325709968805313110e-01,-3.297249600291252136e-02,-7.239786982536315918e-01,1.147204488515853882e-01,2.872951030731201172e-01,9.933183789253234863e-01,-7.089802622795104980e-02,-6.851310282945632935e-02
2.361285448074340820e+00,-2.500258922576904297e+00,5.309339165687561035e-01,4.930933937430381775e-02,1.046377979218959808e-02,9.702577590942382812e-01,2.367677092552185059e-01,-8.131284117698669434e-01,-2.102338671684265137e-01,-1.375638097524642944e-01,9.882439374923706055e-01,-1.517266631126403809e-01,-5.918805673718452454e-02,-7.594742774963378906e-01,1.336716860532760620e-01,2.912364602088928223e-01,1.065055966377258301e+00,-7.871835678815841675e-02,-8.401612937450408936e-02
2.359116315841674805e+00,-2.500379800796508789e+00,5.191577672958374023e-01,4.988860338926315308e-02,7.568393833935260773e-03,9.699580669403076172e-01,2.379815429449081421e-01,-8.488367795944213867e-01,-2.139829248189926147e-01,-1.373333930969238281e-01,1.046623945236206055e+00,-1.716838181018829346e-01,-6.036289408802986145e-02,-7.933586835861206055e-01,1.546491235494613647e-01,2.931883931159973145e-01,1.127098679542541504e+00,-8.830027282238006592e-02,-9.481459110975265503e-02
2.355135917663574219e+00,-2.501154184341430664e+00,5.085129141807556152e-01,5.137872323393821716e-02,6.871723104268312454e-03,9.695187807083129883e-01,2.394710630178451538e-01,-8.807133436203002930e-01,-2.134192287921905518e-01,-1.240969598293304443e-01,1.114387750625610352e+00,-1.808764636516571045e-01,-3.629563003778457642e-02,-8.300768136978149414e-01,1.658745706081390381e-01,2.867692112922668457e-01,1.197730183601379395e+00,-9.417428076267242432e-02,-1.008276864886283875e-01
2.353193998336791992e+00,-2.500545501708984375e+00,4.980590641498565674e-01,5.107939243316650391e-02,5.564600694924592972e-03,9.692562222480773926e-01,2.406288981437683105e-01,-9.173864722251892090e-01,-2.141604721546173096e-01,-1.156382709741592407e-01,1.171350359916687012e+00,-1.978704929351806641e-01,-4.248538985848426819e-02,-8.590885400772094727e-01,1.813228279352188110e-01,2.782942652702331543e-01,1.259285330772399902e+00,-1.141013279557228088e-01,-1.109972894191741943e-01
2.349966287612915039e+00,-2.500792264938354492e+00,4.893661141395568848e-01,5.073232948780059814e-02,2.971621928736567497e-03,9.694566130638122559e-01,2.399400621652603149e-01,-9.442345499992370605e-01,-2.188188731670379639e-01,-1.111913546919822693e-01,1.216999053955078125e+00,-2.084952443838119507e-01,-4.666492342948913574e-02,-8.925274610519409180e-01,1.968787461519241333e-01,2.793126106262207031e-01,1.315868616104125977e+00,-1.267356574535369873e-01,-9.603447467088699341e-02
2.345868587493896484e+00,-2.500496625900268555e+00,4.817917943000793457e-01,5.187322944402694702e-02,4.356927529443055391e-04,9.693994522094726562e-01,2.399451434612274170e-01,-9.632139205932617188e-01,-2.242292314767837524e-01,-1.118763163685798645e-01,1.259082913398742676e+00,-2.205703407526016235e-01,-5.249435827136039734e-02,-9.137251973152160645e-01,2.089881300926208496e-01,2.780094146728515625e-01,1.364034533500671387e+00,-1.393359005451202393e-01,-1.014090031385421753e-01
2.342559814453125000e+00,-2.500289440155029297e+00,4.754922389984130859e-01,5.322949215769767761e-02,5.614566180156543851e-05,9.686927795410156250e-01,2.424889355897903442e-01,-9.817235469818115234e-01,-2.291589528322219849e-01,-1.104279756546020508e-01,1.296942710876464844e+00,-2.289744019508361816e-01,-5.367356911301612854e-02,-9.294572472572326660e-01,2.143006026744842529e-01,2.752384841442108154e-01,1.407966494560241699e+00,-1.521659046411514282e-01,-1.046823784708976746e-01
2.338625669479370117e+00,-2.499993085861206055e+00,4.700995981693267822e-01,5.716554820537567139e-02,-2.592239063233137131e-03,9.686188697814941406e-01,2.418735921382904053e-01,-9.841169714927673340e-01,-2.332614362239837646e-01,-1.080689877271652222e-01,1.327521562576293945e+00,-2.398930937051773071e-01,-5.222368612885475159e-02,-9.371538758277893066e-01,2.170622497797012329e-01,2.695925831794738770e-01,1.442485094070434570e+00,-1.566313058137893677e-01,-1.089922264218330383e-01
2.335072994232177734e+00,-2.499443292617797852e+00,4.662049412727355957e-01,5.849795415997505188e-02,-2.145826583728194237e-03,9.689481258392333984e-01,2.402351796627044678e-01,-9.840487241744995117e-01,-2.316263616085052490e-01,-1.004894897341728210e-01,1.337932348251342773e+00,-2.250827848911285400e-01,-4.522108659148216248e-02,-9.458947777748107910e-01,2.090803831815719604e-01,2.582987248897552490e-01,1.463041186332702637e+00,-1.565783768892288208e-01,-1.117813810706138611e-01
2.334889650344848633e+00,-2.501567363739013672e+00,4.628147482872009277e-01,7.293178886175155640e-02,-5.380316288210451603e-04,9.644628763198852539e-01,2.539527714252471924e-01,-9.929412007331848145e-01,-2.132994830608367920e-01,-5.986764654517173767e-02,1.379250526428222656e+00,-2.564500570297241211e-01,-6.003576889634132385e-02,-9.141726493835449219e-01,2.167743593454360962e-01,2.691581249237060547e-01,1.476298213005065918e+00,-1.552365124225616455e-01,-1.015234664082527161e-01
2.334150075912475586e+00,-2.500967502593994141e+00,4.661237299442291260e-01,6.854609400033950806e-02,8.488434832543134689e-04,9.646914601325988770e-01,2.543052136898040771e-01,-9.915170669555664062e-01,-2.121160775423049927e-01,-5.751879513263702393e-02,1.367985844612121582e+00,-2.512310445308685303e-01,-6.334434449672698975e-02,-9.132536053657531738e-01,2.099199295043945312e-01,2.656750679016113281e-01,1.463201284408569336e+00,-1.564840227365493774e-01,-1.018136814236640930e-01
2.333423376083374023e+00,-2.501402854919433594e+00,4.728245139122009277e-01,5.913876369595527649e-02,3.837687894701957703e-03,9.655925035476684570e-01,2.532173395156860352e-01,-9.879902601242065430e-01,-2.111874073743820190e-01,-6.246235594153404236e-02,1.333716392517089844e+00,-2.408777177333831787e-01,-6.328843533992767334e-02,-9.113163948059082031e-01,2.001921534538269043e-01,2.713653743267059326e-01,1.429488420486450195e+00,-1.482619047164916992e-01,-9.397876262664794922e-02
2.333851099014282227e+00,-2.501504182815551758e+00,4.850130677223205566e-01,4.314395040273666382e-02,9.811046533286571503e-03,9.663205146789550781e-01,2.535094618797302246e-01,-9.826655387878417969e-01,-2.113710343837738037e-01,-7.365212589502334595e-02,1.280097484588623047e+00,-2.244014889001846313e-01,-6.095414236187934875e-02,-9.060745239257812500e-01,1.932743191719055176e-01,2.857718169689178467e-01,1.366702675819396973e+00,-1.362776458263397217e-01,-7.539632916450500488e-02
2.334572315216064453e+00,-2.502062320709228516e+00,5.009530782699584961e-01,3.079361096024513245e-02,1.103887427598237991e-02,9.673293232917785645e-01,2.514038383960723877e-01,-9.558523893356323242e-01,-2.164991497993469238e-01,-8.979386091232299805e-02,1.200032353401184082e+00,-2.206788957118988037e-01,-8.951855450868606567e-02,-8.836935758590698242e-01,1.827401667833328247e-01,2.921804189682006836e-01,1.287948131561279297e+00,-1.253530979156494141e-01,-5.317454785108566284e-02
2.334832668304443359e+00,-2.504214048385620117e+00,5.208233594894409180e-01,2.056129090487957001e-02,1.230518333613872528e-02,9.680598974227905273e-01,2.495714128017425537e-01,-9.107730388641357422e-01,-2.162217646837234497e-01,-1.079784631729125977e-01,1.107222080230712891e+00,-2.091928273439407349e-01,-1.049552261829376221e-01,-8.400915861129760742e-01,1.639098823070526123e-01,2.963729798793792725e-01,1.189621329307556152e+00,-1.079285889863967896e-01,-3.858572244644165039e-02
2.333536148071289062e+00,-2.504584074020385742e+00,5.441837906837463379e-01,7.696256507188081741e-03,1.278992183506488800e-02,9.699906110763549805e-01,2.426837831735610962e-01,-8.437681198120117188e-01,-2.168011814355850220e-01,-1.423263102769851685e-01,9.765021204948425293e-01,-1.674352884292602539e-01,-8.856040984392166138e-02,-7.921711206436157227e-01,1.391720920801162720e-01,3.036348521709442139e-01,1.058719396591186523e+00,-7.777053862810134888e-02,-3.265167027711868286e-02
2.331213235855102539e+00,-2.506300210952758789e+00,5.660689473152160645e-01,-2.927014371380209923e-03,1.525284815579652786e-02,9.708830714225769043e-01,2.390499413013458252e-01,-7.836625576019287109e-01,-2.131392359733581543e-01,-1.614723354578018188e-01,8.591392636299133301e-01,-1.439162045717239380e-01,-9.158241003751754761e-02,-7.435616254806518555e-01,1.078670471906661987e-01,3.048425316810607910e-01,9.418987631797790527e-01,-6.390660256147384644e-02,-8.026808500289916992e-03
2.328406095504760742e+00,-2.504882812500000000e+00,5.872563719749450684e-01,-1.229763403534889221e-02,1.645276881754398346e-02,9.717583656311035156e-01,2.350823283195495605e-01,-7.288646697998046875e-01,-2.057647705078125000e-01,-1.781844347715377808e-01,7.580943107604980469e-01,-1.318776160478591919e-01,-9.421455860137939453e-02,-6.944110393524169922e-01,8.772627264261245728e-02,3.082672655582427979e-01,8.363960385322570801e-01,-5.609136447310447693e-02,8.548066252842545509e-04
2.323084592819213867e+00,-2.502979040145874023e+00,6.078050136566162109e-01,-1.978917792439460754e-02,1.838023588061332703e-02,9.717870354652404785e-01,2.343085110187530518e-01,-6.790868639945983887e-01,-1.970400810241699219e-01,-1.900657266378402710e-01,6.747310161590576172e-01,-1.176231354475021362e-01,-8.778921514749526978e-02,-6.461088061332702637e-01,6.409941613674163818e-02,2.967550158500671387e-01,7.455671429634094238e-01,-5.361309275031089783e-02,1.037680078297853470e-02
2.314761400222778320e+00,-2.501790761947631836e+00,6.299504637718200684e-01,-2.724661491811275482e-02,1.811980456113815308e-02,9.719904661178588867e-01,2.327311187982559204e-01,-6.284973621368408203e-01,-1.895314455032348633e-01,-2.029343992471694946e-01,5.998718142509460449e-01,-1.125669479370117188e-01,-7.707144320011138916e-02,-6.001060009002685547e-01,4.441618546843528748e-02,2.858002781867980957e-01,6.623285412788391113e-01,-5.886582657694816589e-02,1.567945070564746857e-02
2.307233333587646484e+00,-2.499619722366333008e+00,6.482741236686706543e-01,-3.437168896198272705e-02,1.769263111054897308e-02,9.727971553802490234e-01,2.284103333950042725e-01,-5.860038995742797852e-01,-1.837433725595474243e-01,-2.197123020887374878e-01,5.356302261352539062e-01,-1.098012179136276245e-01,-6.806003302335739136e-02,-5.557353496551513672e-01,3.232687339186668396e-02,2.807904481887817383e-01,5.838904380798339844e-01,-7.751960307359695435e-02,2.293499559164047241e-02
2.297535419464111328e+00,-2.496436834335327148e+00,6.658072471618652344e-01,-4.138171300292015076e-02,1.699169725179672241e-02,9.728861451148986816e-01,2.269172221422195435e-01,-5.483766198158264160e-01,-1.835801154375076294e-01,-2.381359487771987915e-01,4.765948653221130371e-01,-1.147533953189849854e-01,-7.813656330108642578e-02,-5.112748742103576660e-01,2.043215371668338776e-02,2.735278010368347168e-01,5.192828178405761719e-01,-9.626927971839904785e-02,2.744772844016551971e-02
2.285805702209472656e+00,-2.489650011062622070e+00,6.820103526115417480e-01,-4.679693654179573059e-02,1.669080927968025208e-02,9.740715622901916504e-01,2.207170128822326660e-01,-4.982912838459014893e-01,-1.676523089408874512e-01,-2.554674446582794189e-01,4.331221878528594971e-01,-1.074375361204147339e-01,-7.265251874923706055e-02,-4.632357954978942871e-01,8.433823473751544952e-03,2.558208107948303223e-01,4.553106129169464111e-01,-1.154445186257362366e-01,2.941701188683509827e-02
2.272676944732666016e+00,-2.484794139862060547e+00,6.967273354530334473e-01,-5.053648352622985840e-02,1.501472946256399155e-02,9.752837419509887695e-01,2.145745903253555298e-01,-4.549729228019714355e-01,-1.623669862747192383e-01,-2.764897346496582031e-01,3.989991545677185059e-01,-9.114221483469009399e-02,-7.745477557182312012e-02,-4.183480441570281982e-01,9.324437123723328114e-04,2.388540506362915039e-01,4.004620313644409180e-01,-1.345916390419006348e-01,3.288153186440467834e-02
2.256711244583129883e+00,-2.479615449905395508e+00,7.127007246017456055e-01,-5.527007207274436951e-02,1.115586422383785248e-02,9.768189191818237305e-01,2.065079510211944580e-01,-4.147832393646240234e-01,-1.548230201005935669e-01,-3.003202378749847412e-01,3.849715292453765869e-01,-5.380098149180412292e-02,-9.659685939550399780e-02,-3.736465871334075928e-01,-1.051413710229098797e-03,2.197207510471343994e-01,3.522534966468811035e-01,-1.546157896518707275e-01,3.903731703758239746e-02
2.240327358245849609e+00,-2.475339889526367188e+00,7.277354001998901367e-01,-5.505411326885223389e-02,2.300766995176672935e-03,9.813300967216491699e-01,1.842687427997589111e-01,-3.898732066154479980e-01,-1.106046810746192932e-01,-2.985509634017944336e-01,3.690053820610046387e-01,-1.957814767956733704e-02,-1.064896434545516968e-01,-3.244100213050842285e-01,-1.434761798009276390e-03,1.807326525449752808e-01,3.054204583168029785e-01,-1.703748852014541626e-01,4.874689504504203796e-02
2.218829154968261719e+00,-2.471071243286132812e+00,7.389318346977233887e-01,-4.850263893604278564e-02,-6.788672413676977158e-03,9.886716604232788086e-01,1.418792158365249634e-01,-3.762515783309936523e-01,-2.340940758585929871e-02,-2.484584301710128784e-01,3.523716628551483154e-01,7.707854267209768295e-03,-7.831303030252456665e-02,-2.670387327671051025e-01,-1.016753446310758591e-02,1.070186644792556763e-01,2.646540999412536621e-01,-1.780041307210922241e-01,5.530294030904769897e-02
2.193568944931030273e+00,-2.467671871185302734e+00,7.457199096679687500e-01,-3.911721333861351013e-02,-8.606710471212863922e-03,9.947450160980224609e-01,9.422383457422256470e-02,-3.798631727695465088e-01,5.972359329462051392e-02,-1.940745413303375244e-01,3.355173766613006592e-01,3.340527042746543884e-02,-1.362071838229894638e-02,-2.105744928121566772e-01,-2.836187370121479034e-02,3.002724051475524902e-02,2.346657812595367432e-01,-1.868802756071090698e-01,5.502291396260261536e-02
2.167201280593872070e+00,-2.463145494461059570e+00,7.499207854270935059e-01,-2.934084273874759674e-02,-5.173612851649522781e-03,9.979920387268066406e-01,5.589461326599121094e-02,-4.053855836391448975e-01,1.144620105624198914e-01,-1.587012410163879395e-01,3.155956864356994629e-01,6.459786742925643921e-02,4.541079699993133545e-02,-1.594890654087066650e-01,-4.207208380103111267e-02,-2.439387515187263489e-02,2.215774655342102051e-01,-1.976562738418579102e-01,5.820447579026222229e-02
2.139804840087890625e+00,-2.460752964019775391e+00,7.551262378692626953e-01,-1.983396522700786591e-02,-5.900252610445022583e-03,9.994693398475646973e-01,2.515588514506816864e-02,-4.390574991703033447e-01,1.241222545504570007e-01,-1.566533446311950684e-01,2.820955812931060791e-01,8.470653742551803589e-02,1.063417270779609680e-01,-1.022783443331718445e-01,-4.481800645589828491e-02,-8.001178503036499023e-02,2.053818851709365845e-01,-2.178833931684494019e-01,5.944275856018066406e-02
2.110240697860717773e+00,-2.455314397811889648e+00,7.591046094894409180e-01,-1.204745192080736160e-02,-1.001335214823484421e-02,9.998657107353210449e-01,4.817021545022726059e-03,-4.713321626186370850e-01,7.995776087045669556e-02,-2.044940888881683350e-01,2.406571209430694580e-01,9.225273132324218750e-02,1.479558795690536499e-01,-4.088979214429855347e-02,-3.143848106265068054e-02,-1.269899904727935791e-01,1.897228509187698364e-01,-2.415848672389984131e-01,5.291234701871871948e-02
2.077339172363281250e+00,-2.445702791213989258e+00,7.603732943534851074e-01,-3.713835729286074638e-03,-1.189184747636318207e-02,9.998311400413513184e-01,-1.350728422403335571e-02,-5.043812990188598633e-01,2.596122585237026215e-02,-2.607170939445495605e-01,2.034419924020767212e-01,1.028999388217926025e-01,1.638789921998977661e-01,1.672274805605411530e-02,-1.412847638130187988e-02,-1.574634760618209839e-01,1.800616681575775146e-01,-2.687725722789764404e-01,4.090506210923194885e-02
2.043865442276000977e+00,-2.430804967880249023e+00,7.591565251350402832e-01,3.720430657267570496e-03,-1.189152337610721588e-02,9.993953704833984375e-01,-3.245903551578521729e-02,-5.374758243560791016e-01,-4.643993452191352844e-02,-3.357408344745635986e-01,1.639836877584457397e-01,1.065914630889892578e-01,1.756721287965774536e-01,7.606234401464462280e-02,1.163480710238218307e-02,-1.871718615293502808e-01,1.711451709270477295e-01,-2.980946600437164307e-01,2.350938133895397186e-02
2.008799076080322266e+00,-2.413376331329345703e+00,7.571089267730712891e-01,1.012481097131967545e-02,-1.146185304969549179e-02,9.982199668884277344e-01,-5.764546245336532593e-02,-5.645754337310791016e-01,-1.263943314552307129e-01,-4.091921448707580566e-01,1.287948489189147949e-01,1.068858802318572998e-01,1.775681078433990479e-01,1.320252418518066406e-01,4.718581587076187134e-02,-2.216398119926452637e-01,1.618703603744506836e-01,-3.264966309070587158e-01,5.250549409538507462e-03
1.973805427551269531e+00,-2.393795967102050781e+00,7.541882991790771484e-01,1.529155112802982330e-02,-1.171167194843292236e-02,9.959921240806579590e-01,-8.734253048896789551e-02,-5.835490822792053223e-01,-2.059723883867263794e-01,-4.732525944709777832e-01,9.969683736562728882e-02,1.046315729618072510e-01,1.789246052503585815e-01,1.810146272182464600e-01,9.163036197423934937e-02,-2.639805078506469727e-01,1.507213115692138672e-01,-3.533637821674346924e-01,-1.645837165415287018e-02
1.939533829689025879e+00,-2.374202489852905273e+00,7.493776082992553711e-01,1.819314621388912201e-02,-1.325706299394369125e-02,9.928558468818664551e-01,-1.171774044632911682e-01,-5.914273858070373535e-01,-2.869587540626525879e-01,-5.287195444107055664e-01,7.542818784713745117e-02,9.692228585481643677e-02,1.764085441827774048e-01,2.220053970813751221e-01,1.435316801071166992e-01,-3.096239864826202393e-01,1.383359432220458984e-01,-3.771252930164337158e-01,-4.135137796401977539e-02
1.907818436622619629e+00,-2.353335857391357422e+00,7.430570125579833984e-01,1.932494901120662689e-02,-1.184094976633787155e-02,9.896795153617858887e-01,-1.414949297904968262e-01,-5.920762419700622559e-01,-3.623711466789245605e-01,-5.928695201873779297e-01,5.941050499677658081e-02,8.591263741254806519e-02,1.751085072755813599e-01,2.543929219245910645e-01,1.955742239952087402e-01,-3.514999747276306152e-01,1.237129196524620056e-01,-3.991893231868743896e-01,-6.719131767749786377e-02
1.876695632934570312e+00,-2.332499504089355469e+00,7.346792221069335938e-01,1.719414815306663513e-02,-9.273430332541465759e-03,9.867331981658935547e-01,-1.611704826354980469e-01,-5.827569365501403809e-01,-4.279307425022125244e-01,-6.611327528953552246e-01,5.581351742148399353e-02,7.830177992582321167e-02,1.722783744335174561e-01,2.808463871479034424e-01,2.421128898859024048e-01,-3.898530900478363037e-01,1.088998019695281982e-01,-4.178241789340972900e-01,-9.516095370054244995e-02
1.846689581871032715e+00,-2.312258958816528320e+00,7.248550653457641602e-01,1.249097846448421478e-02,-4.506463184952735901e-03,9.839528799057006836e-01,-1.779336780309677124e-01,-5.642166733741760254e-01,-4.813654124736785889e-01,-7.295393347740173340e-01,6.410937011241912842e-02,7.688482850790023804e-02,1.669915616512298584e-01,3.000321388244628906e-01,2.848810255527496338e-01,-4.207456409931182861e-01,9.614049643278121948e-02,-4.306439459323883057e-01,-1.221188455820083618e-01
1.815652489662170410e+00,-2.289308309555053711e+00,7.118759155273437500e-01,4.611029289662837982e-03,1.033123768866062164e-02,9.815437197685241699e-01,-1.909030377864837646e-01,-5.410112738609313965e-01,-5.323727130889892578e-01,-7.998265624046325684e-01,1.006317883729934692e-01,1.101435273885726929e-01,1.566584557294845581e-01,3.189674615859985352e-01,3.205380737781524658e-01,-4.570406675338745117e-01,7.740906625986099243e-02,-4.388288855552673340e-01,-1.575455069541931152e-01
1.790771365165710449e+00,-2.272583484649658203e+00,7.015163898468017578e-01,1.002519391477108002e-03,2.726379223167896271e-02,9.813259243965148926e-01,-1.904076933860778809e-01,-5.430987477302551270e-01,-5.709130167961120605e-01,-7.999997735023498535e-01,1.531808972358703613e-01,1.729001104831695557e-01,1.427223086357116699e-01,3.452104032039642334e-01,3.279398679733276367e-01,-4.944388866424560547e-01,7.256884872913360596e-02,-4.072284996509552002e-01,-1.933223009109497070e-01
1.763211727142333984e+00,-2.255218505859375000e+00,6.976358890533447266e-01,-2.103931736201047897e-03,3.867398947477340698e-02,9.820545911788940430e-01,-1.845771223306655884e-01,-5.432583689689636230e-01,-5.915887951850891113e-01,-7.999998331069946289e-01,1.896042972803115845e-01,2.082588076591491699e-01,1.359315365552902222e-01,3.644764721393585205e-01,3.321241736412048340e-01,-5.262308716773986816e-01,8.272498100996017456e-02,-3.390767574310302734e-01,-2.142784744501113892e-01
1.734495997428894043e+00,-2.235189437866210938e+00,6.955525875091552734e-01,-7.782917004078626633e-03,5.328254029154777527e-02,9.839283823966979980e-01,-1.702508926391601562e-01,-5.466849803924560547e-01,-6.040841937065124512e-01,-8.000000119209289551e-01,2.266934812068939209e-01,2.311541140079498291e-01,1.137166693806648254e-01,3.803487122058868408e-01,3.175468444824218750e-01,-5.537267327308654785e-01,9.414127469062805176e-02,-2.221478968858718872e-01,-2.232005149126052856e-01
1.701965570449829102e+00,-2.213447332382202148e+00,6.983660459518432617e-01,-1.356592215597629547e-02,6.032889708876609802e-02,9.841885566711425781e-01,-1.659797281026840210e-01,-5.316973328590393066e-01,-5.944387316703796387e-01,-8.000000119209289551e-01,2.478506863117218018e-01,2.180634588003158569e-01,6.878494471311569214e-02,3.745745420455932617e-01,3.142910301685333252e-01,-5.603983402252197266e-01,1.197371631860733032e-01,-2.784447558224201202e-02,-2.293063849210739136e-01
1.664139270782470703e+00,-2.187734842300415039e+00,7.082165479660034180e-01,-1.930111460387706757e-02,6.694232672452926636e-02,9.850523471832275391e-01,-1.575373858213424683e-01,-5.073439478874206543e-01,-5.576143860816955566e-01,-8.000000119209289551e-01,2.552056014537811279e-01,1.788170784711837769e-01,4.378753900527954102e-02,3.638304173946380615e-01,3.094268441200256348e-01,-5.609935522079467773e-01,1.383244395256042480e-01,1.656877547502517700e-01,-2.490747570991516113e-01
1.620293259620666504e+00,-2.158099412918090820e+00,7.245140671730041504e-01,-2.202646806836128235e-02,7.598074525594711304e-02,9.861260652542114258e-01,-1.459354609251022339e-01,-4.576783180236816406e-01,-5.064501762390136719e-01,-8.000000119209289551e-01,2.513546049594879150e-01,1.235161796212196350e-01,1.195567566901445389e-02,3.322366476058959961e-01,3.028907477855682373e-01,-5.347334742546081543e-01,1.569088697433471680e-01,3.263887465000152588e-01,-2.145660817623138428e-01
1.566298484802246094e+00,-2.121062517166137695e+00,7.470885515213012695e-01,-2.089449204504489899e-02,8.570442348718643188e-02,9.876641631126403809e-01,-1.293741017580032349e-01,-3.835843503475189209e-01,-4.291427135467529297e-01,-7.999843358993530273e-01,2.350294142961502075e-01,5.709772184491157532e-02,-8.378601633012294769e-03,2.816846072673797607e-01,2.672836482524871826e-01,-5.232828259468078613e-01,1.465933918952941895e-01,3.596743941307067871e-01,-1.709367781877517700e-01
1.507122159004211426e+00,-2.080143928527832031e+00,7.666144371032714844e-01,-1.409459486603736877e-02,8.916606754064559937e-02,9.915352463722229004e-01,-9.331999719142913818e-02,-2.884837090969085693e-01,-3.020718991756439209e-01,-7.972676753997802734e-01,1.868517398834228516e-01,-3.026574291288852692e-02,-2.696933969855308533e-02,2.210155576467514038e-01,1.708745509386062622e-01,-5.235066413879394531e-01,1.927618682384490967e-01,3.010904490947723389e-01,-1.426532864570617676e-01
1.453161120414733887e+00,-2.042561769485473633e+00,7.809926867485046387e-01,-7.234198274090886116e-04,9.478256106376647949e-02,9.948985576629638672e-01,-3.453375399112701416e-02,-2.047162204980850220e-01,-2.091050297021865845e-01,-7.188665270805358887e-01,1.488562673330307007e-01,-9.301971644163131714e-02,-2.991089038550853729e-02,1.482299864292144775e-01,4.863549768924713135e-02,-4.765305817127227783e-01,2.234077006578445435e-01,2.632383704185485840e-01,-1.144123747944831848e-01
1.399863958358764648e+00,-2.005599260330200195e+00,7.877328991889953613e-01,1.303956843912601471e-02,9.515942633152008057e-02,9.944892525672912598e-01,4.202084988355636597e-02,-1.240964978933334351e-01,-1.268923282623291016e-01,-6.024178266525268555e-01,1.223709583282470703e-01,-1.328897774219512939e-01,-2.267008647322654724e-02,5.579998344182968140e-02,-5.139240249991416931e-02,-3.724742829799652100e-01,2.286355197429656982e-01,2.319952249526977539e-01,-7.835174351930618286e-02
1.345371007919311523e+00,-1.968547105789184570e+00,7.894620299339294434e-01,2.734671346843242645e-02,8.892275393009185791e-02,9.866337180137634277e-01,1.337866038084030151e-01,-3.416053205728530884e-02,-5.867451429367065430e-02,-4.494914710521697998e-01,1.027034223079681396e-01,-1.555969417095184326e-01,3.097090637311339378e-03,-5.337544158101081848e-02,-1.040779575705528259e-01,-2.111380696296691895e-01,2.020916044712066650e-01,1.844894587993621826e-01,-4.309015348553657532e-02
1.286608576774597168e+00,-1.932009339332580566e+00,7.859886884689331055e-01,3.313094750046730042e-02,7.267116010189056396e-02,9.674558639526367188e-01,2.401050180196762085e-01,6.374181807041168213e-02,-4.661680664867162704e-03,-2.379913479089736938e-01,7.775436341762542725e-02,-1.819456815719604492e-01,3.744346648454666138e-02,-1.668709665536880493e-01,-1.002085432410240173e-01,1.625591103220358491e-04,1.556864529848098755e-01,1.455010175704956055e-01,-9.124021977186203003e-03
1.230363130569458008e+00,-1.896053671836853027e+00,7.787484526634216309e-01,4.428957402706146240e-02,5.515310540795326233e-02,9.464804530143737793e-01,3.149147927761077881e-01,1.702121049165725708e-01,8.327452465891838074e-03,-1.182951256632804871e-01,7.849661260843276978e-02,-2.221499681472778320e-01,6.782447546720504761e-02,-2.872868478298187256e-01,-8.157215267419815063e-02,1.011647731065750122e-01,9.197112172842025757e-02,1.457784473896026611e-01,-9.126928634941577911e-03
1.172429919242858887e+00,-1.854354262351989746e+00,7.693513035774230957e-01,5.199300125241279602e-02,4.122591018676757812e-02,9.173902869224548340e-01,3.924184143543243408e-01,2.743371129035949707e-01,-8.765503764152526855e-03,1.860273815691471100e-02,7.658142596483230591e-02,-2.670180797576904297e-01,9.126297384500503540e-02,-3.946398794651031494e-01,-3.131551295518875122e-02,1.899222880601882935e-01,4.022227972745895386e-02,1.461448073387145996e-01,-2.334541268646717072e-02
1.117733120918273926e+00,-1.811533808708190918e+00,7.605035901069641113e-01,5.979716032743453979e-02,3.152949362993240356e-02,8.850266337394714355e-01,4.606061577796936035e-01,3.682823479175567627e-01,-5.538750439882278442e-02,1.362751722335815430e-01,7.543284446001052856e-02,-3.120633661746978760e-01,1.101385354995727539e-01,-4.872489571571350098e-01,3.998142853379249573e-02,2.683368325233459473e-01,7.297952834051102400e-05,1.318816989660263062e-01,-4.459068551659584045e-02
1.069082617759704590e+00,-1.772794723510742188e+00,7.514929771423339844e-01,6.507292389869689941e-02,2.607350796461105347e-02,8.508395552635192871e-01,5.207280516624450684e-01,4.451614916324615479e-01,-1.294457763433456421e-01,2.530993223190307617e-01,6.935076415538787842e-02,-3.514283299446105957e-01,1.283042877912521362e-01,-5.623819828033447266e-01,1.473020017147064209e-01,3.723490834236145020e-01,9.122441468889519456e-09,8.455199748277664185e-02,-6.393388658761978149e-02
1.023283362388610840e+00,-1.736875176429748535e+00,7.398205995559692383e-01,5.853871628642082214e-02,2.251165173947811127e-02,8.192042708396911621e-01,5.700621008872985840e-01,4.888330996036529541e-01,-2.021490484476089478e-01,3.603836894035339355e-01,6.191980093717575073e-02,-3.693379759788513184e-01,1.496881246566772461e-01,-5.816417932510375977e-01,2.458366155624389648e-01,5.063369870185852051e-01,1.310703646595356986e-05,5.478370189666748047e-02,-7.079575955867767334e-02
9.824917912483215332e-01,-1.702404975891113281e+00,7.261114120483398438e-01,4.892177879810333252e-02,2.213225886225700378e-02,7.968342304229736328e-01,6.018072962760925293e-01,5.115843415260314941e-01,-2.562555372714996338e-01,4.229907095432281494e-01,7.552719116210937500e-02,-3.507629930973052979e-01,1.658961325883865356e-01,-5.639399886131286621e-01,2.914338707923889160e-01,5.717740654945373535e-01,1.521726418286561966e-02,5.439188331365585327e-02,-6.941539794206619263e-02
9.395973086357116699e-01,-1.665576219558715820e+00,7.120884060859680176e-01,3.460896015167236328e-02,2.339609898626804352e-02,7.708006501197814941e-01,6.357052922248840332e-01,5.215403437614440918e-01,-3.221837878227233887e-01,5.299431681632995605e-01,9.309650212526321411e-02,-2.861718833446502686e-01,1.945068091154098511e-01,-5.236985087394714355e-01,3.243677318096160889e-01,6.734396219253540039e-01,5.843698233366012573e-02,8.323278278112411499e-02,-6.861814111471176147e-02
8.925153017044067383e-01,-1.628333568572998047e+00,7.018299102783203125e-01,2.639052271842956543e-02,3.188601508736610413e-02,7.512095570564270020e-01,6.587647795677185059e-01,5.247596502304077148e-01,-3.869920969009399414e-01,6.223317980766296387e-01,1.418249607086181641e-01,-1.493740081787109375e-01,2.202785313129425049e-01,-4.739316105842590332e-01,3.399051427841186523e-01,7.458302974700927734e-01,1.131249815225601196e-01,1.489772498607635498e-01,-5.639095604419708252e-02
8.497815132141113281e-01,-1.594451189041137695e+00,7.016967535018920898e-01,2.146154269576072693e-02,3.580307215452194214e-02,7.339010238647460938e-01,6.779725551605224609e-01,5.084446668624877930e-01,-4.277016520500183105e-01,6.942037940025329590e-01,2.063684016466140747e-01,7.287389039993286133e-02,2.755222022533416748e-01,-4.233141243457794189e-01,3.347652256488800049e-01,7.989405989646911621e-01,1.482813209295272827e-01,1.796718984842300415e-01,-5.686967819929122925e-02
8.118240833282470703e-01,-1.565670251846313477e+00,7.203871011734008789e-01,1.710458472371101379e-02,2.161988802254199982e-02,7.253767251968383789e-01,6.877998113632202148e-01,4.353420138359069824e-01,-4.212610423564910889e-01,7.470989227294921875e-01,2.418293058872222900e-01,4.190541505813598633e-01,3.226979672908782959e-01,-3.504261374473571777e-01,3.231247365474700928e-01,7.999998927116394043e-01,1.507034152746200562e-01,1.649530977010726929e-01,-1.952229067683219910e-02
7.541130781173706055e-01,-1.525855064392089844e+00,7.450081706047058105e-01,8.683164604008197784e-03,-7.854974828660488129e-04,7.331268787384033203e-01,6.800360083580017090e-01,3.628934323787689209e-01,-3.789901137351989746e-01,7.407510280609130859e-01,2.105372846126556396e-01,4.820424318313598633e-01,3.130122423171997070e-01,-2.783040404319763184e-01,2.864626049995422363e-01,7.991441488265991211e-01,1.508180946111679077e-01,1.183073744177818298e-01,5.648722406476736069e-03
6.904540061950683594e-01,-1.480839610099792480e+00,7.687659859657287598e-01,-7.453654892742633820e-03,-2.984266355633735657e-02,7.645422220230102539e-01,6.438392996788024902e-01,2.718138694763183594e-01,-2.269973307847976685e-01,6.690647602081298828e-01,2.066540420055389404e-01,4.696176946163177490e-01,2.633562982082366943e-01,-2.114438414573669434e-01,2.263686805963516235e-01,7.250709533691406250e-01,1.210054680705070496e-01,2.469576708972454071e-02,3.335278108716011047e-02
6.321607828140258789e-01,-1.437159061431884766e+00,7.842025756835937500e-01,-6.810512393712997437e-03,-4.909048974514007568e-02,8.039699196815490723e-01,5.926011800765991211e-01,1.734694838523864746e-01,-9.196121245622634888e-02,5.344564914703369141e-01,2.224338203668594360e-01,4.439029693603515625e-01,2.102307230234146118e-01,-1.442131996154785156e-01,1.609496176242828369e-01,6.156924366950988770e-01,1.121329218149185181e-01,-3.406270965933799744e-02,4.890034347772598267e-02
5.748750567436218262e-01,-1.391980528831481934e+00,7.933627963066101074e-01,1.247182255610823631e-03,-5.665895342826843262e-02,8.507039546966552734e-01,5.225810408592224121e-01,5.640021339058876038e-02,2.616477664560079575e-03,3.748472929000854492e-01,2.173014432191848755e-01,3.928508460521697998e-01,1.342228055000305176e-01,-6.767061352729797363e-02,9.144414216279983521e-02,4.643884897232055664e-01,1.012446433305740356e-01,-7.455184310674667358e-02,7.447265833616256714e-02
5.190898180007934570e-01,-1.343906998634338379e+00,7.935293316841125488e-01,1.610800437629222870e-02,-5.142203718423843384e-02,9.000024795532226562e-01,4.325411319732666016e-01,-5.997814610600471497e-02,3.279211372137069702e-02,1.621357649564743042e-01,1.873874217271804810e-01,3.213946223258972168e-01,9.284366667270660400e-02,1.227708719670772552e-02,2.393518015742301941e-02,2.997203469276428223e-01,8.976534008979797363e-02,-1.076128482818603516e-01,7.367063313722610474e-02
4.617120027542114258e-01,-1.292869448661804199e+00,7.883595824241638184e-01,3.042168542742729187e-02,-3.570348769426345825e-02,9.449788928031921387e-01,3.237508833408355713e-01,-1.745362579822540283e-01,-2.181452512741088867e-02,-1.090476140379905701e-01,1.444491446018218994e-01,2.623693645000457764e-01,6.103816628456115723e-02,1.079964637756347656e-01,-2.267775498330593109e-02,9.385377913713455200e-02,7.080368697643280029e-02,-1.487968415021896362e-01,4.390486702322959900e-02
4.077408015727996826e-01,-1.242944002151489258e+00,7.795861959457397461e-01,5.124808475375175476e-02,-2.878843434154987335e-02,9.627267122268676758e-01,2.640116512775421143e-01,-2.949105799198150635e-01,-6.749244034290313721e-02,-2.190388590097427368e-01,7.167780399322509766e-02,2.496189624071121216e-01,6.317289173603057861e-02,2.193033248186111450e-01,-2.038395963609218597e-02,-5.403414368629455566e-03,7.689123600721359253e-02,-2.014325410127639771e-01,2.035899646580219269e-02
3.473598957061767578e-01,-1.192088127136230469e+00,7.717148661613464355e-01,6.325116008520126343e-02,-2.517879195511341095e-02,9.806286692619323730e-01,1.836646199226379395e-01,-3.943279385566711426e-01,-1.511282920837402344e-01,-3.102082014083862305e-01,7.908677682280540466e-03,2.120509892702102661e-01,8.447460830211639404e-02,3.237355053424835205e-01,2.547265216708183289e-02,-1.458249390125274658e-01,7.330545037984848022e-02,-2.584543526172637939e-01,-1.173110306262969971e-02
2.909350991249084473e-01,-1.146400928497314453e+00,7.675312757492065430e-01,7.360885292291641235e-02,-3.106730245053768158e-02,9.901787042617797852e-01,1.147288084030151367e-01,-4.838187694549560547e-01,-2.440378814935684204e-01,-3.723354041576385498e-01,9.885848157864529639e-07,1.415863037109375000e-01,1.046935841441154480e-01,4.113675951957702637e-01,1.048845052719116211e-01,-2.700465023517608643e-01,7.260064035654067993e-02,-3.093311488628387451e-01,-3.161585330963134766e-02
2.377389818429946899e-01,-1.103919625282287598e+00,7.601203322410583496e-01,7.213918864727020264e-02,-3.218537569046020508e-02,9.954754710197448730e-01,5.280711874365806580e-02,-5.240743756294250488e-01,-3.409107923507690430e-01,-4.592692553997039795e-01,1.088176077246316709e-06,8.757374435663223267e-02,1.272842586040496826e-01,4.706643521785736084e-01,1.954403519630432129e-01,-3.790470063686370850e-01,6.556183099746704102e-02,-3.480190336704254150e-01,-6.277094781398773193e-02
1.901209056377410889e-01,-1.067270040512084961e+00,7.483713626861572266e-01,6.602106988430023193e-02,-2.838026732206344604e-02,9.972666501998901367e-01,1.717494800686836243e-02,-5.175017714500427246e-01,-3.947396874427795410e-01,-5.150883793830871582e-01,4.008057992905378342e-03,7.699722796678543091e-02,1.296760290861129761e-01,5.005517601966857910e-01,2.582290470600128174e-01,-4.369679689407348633e-01,7.331619411706924438e-02,-3.495201468467712402e-01,-8.193055540323257446e-02
1.422602534294128418e-01,-1.030904054641723633e+00,7.354666590690612793e-01,5.386050045490264893e-02,-1.833307184278964996e-02,9.983318448066711426e-01,-9.824358858168125153e-03,-4.868104755878448486e-01,-4.222957491874694824e-01,-5.705870389938354492e-01,3.399666398763656616e-02,8.022642880678176880e-02,1.262874901294708252e-01,5.219103693962097168e-01,3.108337521553039551e-01,-4.974336922168731689e-01,8.349066227674484253e-02,-3.341867029666900635e-01,-1.018661931157112122e-01
9.105154871940612793e-02,-9.918210506439208984e-01,7.233799695968627930e-01,3.952337801456451416e-02,-8.505884557962417603e-03,9.981805682182312012e-01,-4.473400861024856567e-02,-4.346673488616943359e-01,-4.492173194885253906e-01,-6.535601615905761719e-01,9.273508936166763306e-02,1.305783689022064209e-01,1.072617620229721069e-01,5.267571210861206055e-01,3.726447522640228271e-01,-5.754951238632202148e-01,1.024211794137954712e-01,-2.670909166336059570e-01,-1.266329437494277954e-01
4.329686239361763000e-02,-9.517505168914794922e-01,7.160514593124389648e-01,2.896656654775142670e-02,-6.269313860684633255e-03,9.960597753524780273e-01,-8.358529210090637207e-02,-3.780448734760284424e-01,-4.622895419597625732e-01,-7.000351548194885254e-01,1.451134234666824341e-01,1.908940374851226807e-01,9.783148765563964844e-02,5.091136097908020020e-01,4.405642449855804443e-01,-6.422116160392761230e-01,1.518729925155639648e-01,-1.108946427702903748e-01,-1.587707698345184326e-01
6.842341390438377857e-04,-9.138302206993103027e-01,7.177348732948303223e-01,2.507659606635570526e-02,2.227159217000007629e-03,9.942827224731445312e-01,-1.037694513797760010e-01,-3.239929080009460449e-01,-4.513363540172576904e-01,-7.632998824119567871e-01,1.687111258506774902e-01,2.039335817098617554e-01,1.162598803639411926e-01,4.800437390804290771e-01,4.543603658676147461e-01,-6.510818600654602051e-01,2.076066881418228149e-01,9.156978130340576172e-02,-2.364518791437149048e-01
-4.604298248887062073e-02,-8.705651760101318359e-01,7.330478429794311523e-01,2.683618105947971344e-02,1.791335083544254303e-02,9.939447641372680664e-01,-1.050368100404739380e-01,-2.621392607688903809e-01,-4.257070124149322510e-01,-7.787888646125793457e-01,1.764917969703674316e-01,1.800200492143630981e-01,1.038317754864692688e-01,4.307224154472351074e-01,4.487398862838745117e-01,-6.354907155036926270e-01,2.291317731142044067e-01,2.141320705413818359e-01,-2.470862567424774170e-01
-9.798353910446166992e-02,-8.206306099891662598e-01,7.621733546257019043e-01,2.317714318633079529e-02,5.212702229619026184e-02,9.951446056365966797e-01,-8.020442724227905273e-02,-1.977973878383636475e-01,-3.800605833530426025e-01,-7.496874928474426270e-01,1.437122821807861328e-01,8.270513266324996948e-02,6.754430383443832397e-02,3.322766721248626709e-01,3.109529912471771240e-01,-5.977414250373840332e-01,2.234417796134948730e-01,2.873474657535552979e-01,-2.142266482114791870e-01
-1.520656645298004150e-01,-7.740450501441955566e-01,7.819168567657470703e-01,2.647477015852928162e-02,7.116735726594924927e-02,9.964643716812133789e-01,-3.595905005931854248e-02,-1.491164267063140869e-01,-3.211350739002227783e-01,-6.951465010643005371e-01,1.291114240884780884e-01,1.930251903831958771e-02,4.216667264699935913e-02,2.563379108905792236e-01,1.570356041193008423e-01,-5.243986248970031738e-01,2.338858544826507568e-01,2.964010238647460938e-01,-1.680066585540771484e-01
-2.087258845567703247e-01,-7.289705276489257812e-01,7.939035892486572266e-01,3.390364348888397217e-02,7.768277078866958618e-02,9.961557984352111816e-01,2.212660387158393860e-02,-9.037680178880691528e-02,-2.488026022911071777e-01,-6.005422472953796387e-01,1.137639507651329041e-01,-3.028875775635242462e-02,2.928078919649124146e-02,1.762698590755462646e-01,1.497284416109323502e-02,-4.139803051948547363e-01,2.373981624841690063e-01,2.781757712364196777e-01,-1.300465762615203857e-01
-2.660016417503356934e-01,-6.849539875984191895e-01,7.972675561904907227e-01,4.308987036347389221e-02,7.216546684503555298e-02,9.917725324630737305e-01,9.655360877513885498e-02,-2.272437699139118195e-02,-1.703001856803894043e-01,-4.819046854972839355e-01,9.780381619930267334e-02,-7.030303031206130981e-02,3.078350611031055450e-02,8.001372218132019043e-02,-8.242382854223251343e-02,-2.556732892990112305e-01,2.201804816722869873e-01,2.437155246734619141e-01,-9.839253872632980347e-02
-3.270770907402038574e-01,-6.419081091880798340e-01,7.938309907913208008e-01,5.106587707996368408e-02,5.263959243893623352e-02,9.789976477622985840e-01,1.902234256267547607e-01,5.671001225709915161e-02,-9.311169385910034180e-02,-3.273108303546905518e-01,8.199250698089599609e-02,-1.056360080838203430e-01,3.879991546273231506e-02,-3.114119172096252441e-02,-1.101513206958770752e-01,-6.660617142915725708e-02,1.820169985294342041e-01,2.012304663658142090e-01,-6.345236301422119141e-02
-3.918491601943969727e-01,-5.995832085609436035e-01,7.857794165611267090e-01,5.058148875832557678e-02,2.845228463411331177e-02,9.541047811508178711e-01,2.937959432601928711e-01,1.437433362007141113e-01,-4.748082906007766724e-02,-1.193393617868423462e-01,6.434011459350585938e-02,-1.361710131168365479e-01,1.425901893526315689e-02,-1.521486639976501465e-01,-5.774912610650062561e-02,1.872950941324234009e-01,1.269055157899856567e-01,1.649198681116104126e-01,-1.495123095810413361e-02
-4.520941674709320068e-01,-5.592460036277770996e-01,7.735159397125244141e-01,6.227738410234451294e-02,1.021659560501575470e-02,9.349956512451171875e-01,3.489989340305328369e-01,2.510719597339630127e-01,-3.786534443497657776e-02,-3.994065150618553162e-02,7.043378800153732300e-02,-1.835684478282928467e-01,3.166560083627700806e-02,-2.729979157447814941e-01,-7.304842118173837662e-03,3.262751400470733643e-01,5.665374174714088440e-02,1.626245230436325073e-01,1.282118028029799461e-03
-5.164943337440490723e-01,-5.168046951293945312e-01,7.644660472869873047e-01,6.929971277713775635e-02,-1.683829352259635925e-03,9.028084874153137207e-01,4.244190156459808350e-01,3.493677675724029541e-01,-7.900597900152206421e-02,8.024663478136062622e-02,6.421115249395370483e-02,-2.347564697265625000e-01,6.307942420244216919e-02,-3.754535019397735596e-01,8.480097353458404541e-02,4.356871545314788818e-01,7.681212446186691523e-05,1.346798390150070190e-01,2.455976558849215508e-03
-5.759476423263549805e-01,-4.750551581382751465e-01,7.567538619041442871e-01,7.865430414676666260e-02,-3.895765170454978943e-03,8.706704378128051758e-01,4.855216741561889648e-01,4.334758818149566650e-01,-1.497577577829360962e-01,1.941976994276046753e-01,6.676293909549713135e-02,-2.694430351257324219e-01,9.177621454000473022e-02,-4.590570926666259766e-01,1.781970560550689697e-01,5.066580772399902344e-01,9.601515138513150305e-09,7.963099330663681030e-02,-3.544439096003770828e-03
-6.289134025573730469e-01,-4.348510801792144775e-01,7.475650310516357422e-01,8.081407099962234497e-02,-3.095616353675723076e-03,8.462127447128295898e-01,5.266720652580261230e-01,4.876083135604858398e-01,-2.069943994283676147e-01,2.677440941333770752e-01,7.901980727910995483e-02,-2.750875353813171387e-01,1.309305727481842041e-01,-4.911048114299774170e-01,2.387461513280868530e-01,5.431689023971557617e-01,8.424693805864080787e-05,5.892181023955345154e-02,-1.833250373601913452e-02
-6.816385984420776367e-01,-3.948816657066345215e-01,7.332923412322998047e-01,6.855645030736923218e-02,2.659810998011380434e-04,8.264253139495849609e-01,5.588570237159729004e-01,5.249060988426208496e-01,-2.758195102214813232e-01,3.501681387424468994e-01,9.312744438648223877e-02,-2.590717375278472900e-01,1.640060544013977051e-01,-4.754254817962646484e-01,2.807840704917907715e-01,5.670003890991210938e-01,5.473453085869550705e-03,5.296197533607482910e-02,-2.521368861198425293e-02
-7.376208305358886719e-01,-3.560118675231933594e-01,7.181189060211181641e-01,5.117676779627799988e-02,7.206740556284785271e-04,8.046566247940063477e-01,5.915303230285644531e-01,5.370168685913085938e-01,-3.485825359821319580e-01,4.475899040699005127e-01,1.123086586594581604e-01,-1.843389868736267090e-01,2.024486064910888672e-01,-4.322806894779205322e-01,3.116500377655029297e-01,6.501211524009704590e-01,6.402257084846496582e-02,1.110434159636497498e-01,-2.731049619615077972e-02
-7.904719710350036621e-01,-3.231694400310516357e-01,7.103322744369506836e-01,3.970023989677429199e-02,6.410289090126752853e-03,7.815516591072082520e-01,6.225429773330688477e-01,5.212418437004089355e-01,-4.202686846256256104e-01,5.240519046783447266e-01,1.632835865020751953e-01,-1.247976161539554596e-02,2.200260758399963379e-01,-3.802861869335174561e-01,3.361044526100158691e-01,7.215166091918945312e-01,1.195819601416587830e-01,1.730680465698242188e-01,-1.916931383311748505e-02
-8.395753502845764160e-01,-2.909039556980133057e-01,7.157553434371948242e-01,3.330606967210769653e-02,6.456172559410333633e-03,7.670100927352905273e-01,6.407374739646911621e-01,4.881079196929931641e-01,-4.545865952968597412e-01,5.738447904586791992e-01,2.222067117691040039e-01,2.149818837642669678e-01,2.295470684766769409e-01,-3.264644443988800049e-01,3.248652517795562744e-01,7.643097043037414551e-01,1.451945155858993530e-01,1.864323318004608154e-01,-5.210877861827611923e-03
-8.942728638648986816e-01,-2.592138350009918213e-01,7.383405566215515137e-01,2.724832482635974884e-02,-6.053686607629060745e-03,7.624727487564086914e-01,6.464179754257202148e-01,4.101462066173553467e-01,-4.354587197303771973e-01,5.829057097434997559e-01,2.393507063388824463e-01,4.129495322704315186e-01,2.195072621107101440e-01,-2.507124841213226318e-01,2.924006879329681396e-01,7.891334891319274902e-01,1.418711543083190918e-01,1.411807984113693237e-01,2.447329834103584290e-02
-9.594952464103698730e-01,-2.235607206821441650e-01,7.660926580429077148e-01,1.972957327961921692e-02,-2.440172433853149414e-02,7.766465544700622559e-01,6.291545629501342773e-01,3.157400488853454590e-01,-3.314026296138763428e-01,5.811631083488464355e-01,1.955179274082183838e-01,4.638840258121490479e-01,1.924089044332504272e-01,-1.786389350891113281e-01,2.270545959472656250e-01,7.653696537017822266e-01,1.293415874242782593e-01,7.517886906862258911e-02,4.126743227243423462e-02
-1.029706716537475586e+00,-1.819201260805130005e-01,7.855155467987060547e-01,4.704108287114650011e-04,-4.693647474050521851e-02,8.129810690879821777e-01,5.803951025009155273e-01,2.120981216430664062e-01,-1.540220528841018677e-01,4.992692172527313232e-01,2.018445730209350586e-01,4.353145360946655273e-01,1.501603126525878906e-01,-1.222075894474983215e-01,1.668150424957275391e-01,6.611055731773376465e-01,9.390896558761596680e-02,-6.396361626684665680e-03,6.185540556907653809e-02
-1.094380855560302734e+00,-1.409602314233779907e-01,7.967365384101867676e-01,9.605366503819823265e-04,-5.770172923803329468e-02,8.530436754226684570e-01,5.186386704444885254e-01,1.053203195333480835e-01,-3.022362291812896729e-02,3.449826836585998535e-01,2.053443789482116699e-01,3.884847760200500488e-01,1.141748055815696716e-01,-5.810882523655891418e-02,1.019661650061607361e-01,5.385113358497619629e-01,8.195447921752929688e-02,-5.581827089190483093e-02,6.375961005687713623e-02
-1.156786918640136719e+00,-9.619495272636413574e-02,7.987845540046691895e-01,1.388755999505519867e-02,-5.548845976591110229e-02,8.991208672523498535e-01,4.339468479156494141e-01,-5.555968265980482101e-03,3.401418030261993408e-02,1.479461342096328735e-01,1.845437139272689819e-01,3.218358457088470459e-01,7.882607728242874146e-02,2.400553040206432343e-02,3.566880524158477783e-02,3.825243711471557617e-01,7.575991004705429077e-02,-8.744039386510848999e-02,5.576856806874275208e-02
-1.220284581184387207e+00,-4.883547499775886536e-02,7.937977313995361328e-01,2.780090272426605225e-02,-4.087596014142036438e-02,9.434210658073425293e-01,3.278916180133819580e-01,-1.220567226409912109e-01,1.192489918321371078e-02,-1.141105443239212036e-01,1.458526700735092163e-01,2.662399411201477051e-01,4.764773696660995483e-02,1.213294565677642822e-01,-1.597275398671627045e-02,1.800566166639328003e-01,5.828259512782096863e-02,-1.258080452680587769e-01,2.157356776297092438e-02
-1.280847311019897461e+00,-2.172468695789575577e-03,7.844080924987792969e-01,4.849129542708396912e-02,-2.943059243261814117e-02,9.649789333343505859e-01,2.561213076114654541e-01,-2.437871247529983521e-01,-2.958692051470279694e-02,-2.388327866792678833e-01,8.012992143630981445e-02,2.560653984546661377e-01,4.378587752580642700e-02,2.327004373073577881e-01,-2.323023788630962372e-02,6.122119352221488953e-02,6.310892850160598755e-02,-1.737617552280426025e-01,-4.991865251213312149e-03
-1.345338702201843262e+00,4.566817730665206909e-02,7.743332982063293457e-01,6.331775337457656860e-02,-2.293607220053672791e-02,9.821508526802062988e-01,1.756261885166168213e-01,-3.553618788719177246e-01,-9.943563491106033325e-02,-3.352464437484741211e-01,9.468783624470233917e-03,2.148535400629043579e-01,6.557442247867584229e-02,3.416244387626647949e-01,1.026138383895158768e-02,-7.368159294128417969e-02,6.458695232868194580e-02,-2.263861447572708130e-01,-3.759368881583213806e-02
-1.409644722938537598e+00,9.014924615621566772e-02,7.678660154342651367e-01,7.597544044256210327e-02,-2.700825594365596771e-02,9.913839697837829590e-01,1.032287180423736572e-01,-4.575278460979461670e-01,-1.937174201011657715e-01,-3.971317112445831299e-01,1.183597987619577907e-06,1.465650945901870728e-01,7.827149331569671631e-02,4.389354586601257324e-01,8.630380034446716309e-02,-1.979256719350814819e-01,6.844676285982131958e-02,-2.750541567802429199e-01,-5.962263792753219604e-02
-1.471095681190490723e+00,1.326890885829925537e-01,7.602100968360900879e-01,7.898692041635513306e-02,-2.698759734630584717e-02,9.958893656730651855e-01,3.517253324389457703e-02,-5.180465579032897949e-01,-2.912525832653045654e-01,-4.808820784091949463e-01,1.479497496736925655e-10,9.336678683757781982e-02,1.106940135359764099e-01,5.087491273880004883e-01,1.832438558340072632e-01,-3.164695203304290771e-01,6.622047722339630127e-02,-3.097251653671264648e-01,-8.628363162279129028e-02
-1.527891635894775391e+00,1.670193076133728027e-01,7.496274709701538086e-01,7.368296384811401367e-02,-2.648038975894451141e-02,9.968866705894470215e-01,-9.303839877247810364e-03,-5.178456306457519531e-01,-3.501911163330078125e-01,-5.185930132865905762e-01,4.163658304605633020e-04,8.426295965909957886e-02,1.127725094556808472e-01,5.444847941398620605e-01,2.589437961578369141e-01,-3.869480192661285400e-01,7.755126059055328369e-02,-3.069491386413574219e-01,-1.002481356263160706e-01
-1.581366896629333496e+00,2.016256451606750488e-01,7.361668944358825684e-01,6.316594034433364868e-02,-1.683760061860084534e-02,9.970182180404663086e-01,-4.100302979350090027e-02,-4.951541423797607422e-01,-3.785600364208221436e-01,-5.700591802597045898e-01,2.359074354171752930e-02,8.646836876869201660e-02,1.194825768470764160e-01,5.693355798721313477e-01,3.192114830017089844e-01,-4.599941670894622803e-01,8.808004856109619141e-02,-2.890370190143585205e-01,-1.230098307132720947e-01
-1.639827251434326172e+00,2.377265989780426025e-01,7.212938070297241211e-01,4.717873036861419678e-02,-8.894623257219791412e-03,9.958772063255310059e-01,-7.696511596441268921e-02,-4.422158002853393555e-01,-4.121442139148712158e-01,-6.592906713485717773e-01,8.972744643688201904e-02,1.512482911348342896e-01,1.016525328159332275e-01,5.784949660301208496e-01,3.845556974411010742e-01,-5.470298528671264648e-01,1.143835261464118958e-01,-2.040986716747283936e-01,-1.584005951881408691e-01
-1.688879847526550293e+00,2.752245664596557617e-01,7.122744321823120117e-01,3.908649832010269165e-02,-4.329137038439512253e-03,9.921888709068298340e-01,-1.183840930461883545e-01,-3.887771368026733398e-01,-4.265069365501403809e-01,-7.279552817344665527e-01,1.420988738536834717e-01,2.094341963529586792e-01,1.332998871803283691e-01,5.607588291168212891e-01,4.418460726737976074e-01,-6.065500378608703613e-01,1.739427596330642700e-01,-2.157465368509292603e-02,-2.452686578035354614e-01
-1.737390637397766113e+00,3.117302358150482178e-01,7.199899554252624512e-01,3.674501925706863403e-02,5.069860722869634628e-03,9.898310303688049316e-01,-1.373265832662582397e-01,-3.153445720672607422e-01,-4.268957376480102539e-01,-7.748229503631591797e-01,1.638512611389160156e-01,2.178456783294677734e-01,1.105887442827224731e-01,5.095226168632507324e-01,4.718286097049713135e-01,-6.332794427871704102e-01,2.240870594978332520e-01,1.923680752515792847e-01,-2.780295014381408691e-01
-1.787523388862609863e+00,3.550338447093963623e-01,7.438403964042663574e-01,4.311552643775939941e-02,2.422023192048072815e-02,9.893717765808105469e-01,-1.367403566837310791e-01,-2.471848428249359131e-01,-3.939342498779296875e-01,-7.875759601593017578e-01,1.666902899742126465e-01,1.790779083967208862e-01,9.003923088312149048e-02,4.402139186859130859e-01,4.479992091655731201e-01,-6.202151775360107422e-01,2.256065309047698975e-01,3.004299998283386230e-01,-2.767688035964965820e-01
-1.845853328704833984e+00,4.052896797657012939e-01,7.751857042312622070e-01,3.958293423056602478e-02,6.265615671873092651e-02,9.918683767318725586e-01,-1.034624576568603516e-01,-1.783982515335083008e-01,-3.421421945095062256e-01,-7.462012767791748047e-01,1.256216168403625488e-01,6.762873381376266479e-02,5.269721895456314087e-02,3.349225521087646484e-01,2.736507058143615723e-01,-5.932394266128540039e-01,2.170089781284332275e-01,3.373366594314575195e-01,-2.275055795907974243e-01
-1.903354644775390625e+00,4.507607519626617432e-01,7.937371134757995605e-01,4.392971843481063843e-02,8.216891437768936157e-02,9.942457079887390137e-01,-5.285729840397834778e-02,-1.262488365173339844e-01,-2.810342907905578613e-01,-6.726379990577697754e-01,1.145536527037620544e-01,8.475466631352901459e-03,2.930347062647342682e-02,2.493052482604980469e-01,1.064272671937942505e-01,-5.120328664779663086e-01,2.334247082471847534e-01,3.378943502902984619e-01,-1.769145429134368896e-01
-1.963050723075866699e+00,4.941188693046569824e-01,8.036809563636779785e-01,5.345158278942108154e-02,8.701086789369583130e-02,9.946857094764709473e-01,1.313063316047191620e-02,-6.295645982027053833e-02,-2.039692848920822144e-01,-5.693653821945190430e-01,9.988836199045181274e-02,-3.543016314506530762e-02,2.258296683430671692e-02,1.595498025417327881e-01,-3.325405344367027283e-02,-3.781337440013885498e-01,2.308852523565292358e-01,3.105348944664001465e-01,-1.380506306886672974e-01
-2.023658990859985352e+00,5.355631113052368164e-01,8.042592406272888184e-01,6.262146681547164917e-02,7.459968328475952148e-02,9.900471568107604980e-01,1.015879064798355103e-01,8.014936931431293488e-03,-1.152477115392684937e-01,-4.346339404582977295e-01,8.684218674898147583e-02,-7.018683105707168579e-02,2.792821079492568970e-02,5.553862452507019043e-02,-1.147257834672927856e-01,-2.131332457065582275e-01,2.054736316204071045e-01,2.707292437553405762e-01,-1.050233691930770874e-01
-2.086769104003906250e+00,5.769122838973999023e-01,7.977674603462219238e-01,6.963432580232620239e-02,5.010475963354110718e-02,9.741922616958618164e-01,2.087823152542114258e-01,9.067969769239425659e-02,-3.629311546683311462e-02,-2.601994574069976807e-01,7.669842988252639771e-02,-9.760125726461410522e-02,4.342765733599662781e-02,-6.258700788021087646e-02,-1.159653738141059875e-01,-1.598863489925861359e-02,1.569497138261795044e-01,2.179071456193923950e-01,-8.483124524354934692e-02
-2.149078369140625000e+00,6.165828704833984375e-01,7.875437736511230469e-01,7.814314216375350952e-02,2.570916339755058289e-02,9.580284357070922852e-01,2.746165394783020020e-01,2.032554298639297485e-01,5.174212157726287842e-03,-1.414762139320373535e-01,7.195925712585449219e-02,-1.539984941482543945e-01,7.246769219636917114e-02,-1.940939873456954956e-01,-7.223743200302124023e-02,1.629109680652618408e-01,7.957457005977630615e-02,2.037723511457443237e-01,-7.207142561674118042e-02
-2.216363430023193359e+00,6.563233137130737305e-01,7.754754424095153809e-01,8.524546027183532715e-02,6.367523223161697388e-03,9.348884224891662598e-01,3.444942831993103027e-01,3.162301778793334961e-01,3.360291244462132454e-03,-1.774991676211357117e-02,7.291494309902191162e-02,-2.124628275632858276e-01,8.621681481599807739e-02,-3.136325478553771973e-01,-1.029640994966030121e-02,2.872101068496704102e-01,8.843802846968173981e-03,1.785368919372558594e-01,-7.449120283126831055e-02
-2.278470039367675781e+00,6.979445219039916992e-01,7.682712674140930176e-01,9.310457855463027954e-02,-3.139431355521082878e-03,8.998035788536071777e-01,4.262337684631347656e-01,4.173315167427062988e-01,-5.158100649714469910e-02,1.323755979537963867e-01,6.736355274915695190e-02,-2.683886289596557617e-01,1.022908538579940796e-01,-4.281726777553558350e-01,9.801351279020309448e-02,3.999480307102203369e-01,5.527376956138141395e-08,1.020091101527214050e-01,-8.188259601593017578e-02
-2.336108446121215820e+00,7.379758358001708984e-01,7.596831321716308594e-01,9.318804740905761719e-02,-8.015082217752933502e-03,8.706209063529968262e-01,4.829813838005065918e-01,4.912994503974914551e-01,-1.138103604316711426e-01,2.525396645069122314e-01,6.542802602052688599e-02,-3.094940483570098877e-01,1.154658719897270203e-01,-4.922927618026733398e-01,1.895712167024612427e-01,5.153725147247314453e-01,6.909224060935859058e-12,4.464913159608840942e-02,-9.502641856670379639e-02
