2.131894826889038086e+00,-1.981181502342224121e+00,5.565386414527893066e-01,7.155372295528650284e-03,2.210018690675497055e-03,9.531860351562500000e-01,3.022917807102203369e-01,-1.055174395442008972e-01,5.456111207604408264e-02,-2.034999877214431763e-01,1.327097266912460327e-01,-1.704996973276138306e-01,-7.318684458732604980e-02,-6.343545764684677124e-02,-1.128197908401489258e-01,1.971442848443984985e-01,9.319857507944107056e-02,-1.908786296844482422e-01,1.211690083146095276e-01
2.131227254867553711e+00,-1.981269598007202148e+00,5.561443567276000977e-01,4.664435051381587982e-03,2.696729730814695358e-03,9.545384049415588379e-01,2.980391979217529297e-01,-1.303566098213195801e-01,4.720968380570411682e-02,-2.066118419170379639e-01,1.809986084699630737e-01,-1.997456401586532593e-01,-7.615605741739273071e-02,-9.176053851842880249e-02,-1.074043512344360352e-01,1.861760765314102173e-01,1.373896598815917969e-01,-2.074812650680541992e-01,1.240720972418785095e-01
2.130302667617797852e+00,-1.981791973114013672e+00,5.560955405235290527e-01,3.826986066997051239e-03,2.793808002024888992e-03,9.545656442642211914e-01,2.979629933834075928e-01,-1.406210064888000488e-01,4.305744171142578125e-02,-2.113009989261627197e-01,2.019378393888473511e-01,-2.135650217533111572e-01,-8.235760778188705444e-02,-9.685499221086502075e-02,-1.083308905363082886e-01,1.872146427631378174e-01,1.474266946315765381e-01,-2.168121933937072754e-01,1.282455623149871826e-01
2.129917860031127930e+00,-1.982620716094970703e+00,5.558843612670898438e-01,1.725036767311394215e-03,3.020208096131682396e-03,9.538977146148681641e-01,3.001116514205932617e-01,-1.492713838815689087e-01,3.787497431039810181e-02,-2.183298766613006592e-01,2.093665450811386108e-01,-2.119173109531402588e-01,-8.402320742607116699e-02,-1.066919937729835510e-01,-1.079539656639099121e-01,1.940039843320846558e-01,1.592724472284317017e-01,-2.231533825397491455e-01,1.295643150806427002e-01
2.127195835113525391e+00,-1.981662392616271973e+00,5.558333396911621094e-01,2.255204599350690842e-03,1.280796714127063751e-03,9.555191993713378906e-01,2.949175536632537842e-01,-1.332216709852218628e-01,4.036089777946472168e-02,-2.209753394126892090e-01,1.996605396270751953e-01,-2.197317183017730713e-01,-8.693263679742813110e-02,-1.049695312976837158e-01,-1.068730577826499939e-01,1.872894763946533203e-01,1.661795079708099365e-01,-2.256524413824081421e-01,1.275161504745483398e-01
2.126025199890136719e+00,-1.982485413551330566e+00,5.556052923202514648e-01,1.990504097193479538e-03,1.957887783646583557e-03,9.549967646598815918e-01,2.966031432151794434e-01,-1.380763798952102661e-01,3.666224330663681030e-02,-2.281857877969741821e-01,2.045879811048507690e-01,-2.186436653137207031e-01,-7.838649302721023560e-02,-1.116265803575515747e-01,-1.096902787685394287e-01,1.901843994855880737e-01,1.796347200870513916e-01,-2.358636111021041870e-01,1.306049376726150513e-01
2.124174356460571289e+00,-1.983207345008850098e+00,5.545603632926940918e-01,4.438840551301836967e-04,3.616940230131149292e-03,9.553162455558776855e-01,2.955631613731384277e-01,-1.435297876596450806e-01,2.853664942085742950e-02,-2.172535657882690430e-01,2.029740214347839355e-01,-2.098419070243835449e-01,-5.947914719581604004e-02,-1.247913390398025513e-01,-1.144746243953704834e-01,2.006329149007797241e-01,2.024629265069961548e-01,-2.513115108013153076e-01,1.352859437465667725e-01
2.122069597244262695e+00,-1.983506560325622559e+00,5.555855631828308105e-01,-2.085336018353700638e-03,-4.152652807533740997e-03,9.545112252235412598e-01,2.981387674808502197e-01,-1.335498094558715820e-01,2.896826714277267456e-02,-2.582145035266876221e-01,2.307280153036117554e-01,-2.700341939926147461e-01,-1.012931764125823975e-01,-1.345169991254806519e-01,-9.618431329727172852e-02,2.128076553344726562e-01,2.337805926799774170e-01,-2.716044187545776367e-01,1.355310529470443726e-01
2.118955850601196289e+00,-1.983965992927551270e+00,5.552620887756347656e-01,-1.162141910754144192e-03,-5.476395599544048309e-03,9.550690650939941406e-01,2.963304519653320312e-01,-1.306142508983612061e-01,2.511341311037540436e-02,-2.620078325271606445e-01,2.464163601398468018e-01,-2.682554125785827637e-01,-1.004531159996986389e-01,-1.373164653778076172e-01,-9.669081121683120728e-02,2.194931656122207642e-01,2.538116574287414551e-01,-2.803353667259216309e-01,1.380310058593750000e-01
2.116050958633422852e+00,-1.984559297561645508e+00,5.550563335418701172e-01,-2.709766151383519173e-03,-7.163420785218477249e-03,9.551039934158325195e-01,2.961716949939727783e-01,-1.338053494691848755e-01,2.362958341836929321e-02,-2.633692920207977295e-01,2.578827738761901855e-01,-2.765825092792510986e-01,-1.033434420824050903e-01,-1.434990465641021729e-01,-9.538821876049041748e-02,2.188717275857925415e-01,2.695803940296173096e-01,-2.877061069011688232e-01,1.411024183034896851e-01
2.112405776977539062e+00,-1.984647512435913086e+00,5.544333457946777344e-01,-3.078145673498511314e-03,-8.301768451929092407e-03,9.564557671546936035e-01,2.917430400848388672e-01,-1.328490823507308960e-01,2.297361381351947784e-02,-2.642717659473419189e-01,2.641944587230682373e-01,-2.794344723224639893e-01,-9.755360335111618042e-02,-1.472751051187515259e-01,-9.646072983741760254e-02,2.152333259582519531e-01,2.867268025875091553e-01,-3.008259236812591553e-01,1.434114724397659302e-01
2.109032154083251953e+00,-1.985543131828308105e+00,5.536357164382934570e-01,-3.288314444944262505e-03,-7.899557240307331085e-03,9.577075242996215820e-01,2.876162827014923096e-01,-1.506277769804000854e-01,2.542291767895221710e-02,-2.352681308984756470e-01,2.729722261428833008e-01,-2.804193496704101562e-01,-8.906183391809463501e-02,-1.497748196125030518e-01,-1.029400154948234558e-01,2.063024044036865234e-01,2.980797886848449707e-01,-3.098930120468139648e-01,1.491177976131439209e-01
2.105076074600219727e+00,-1.985792398452758789e+00,5.528638362884521484e-01,-4.357634577900171280e-03,-7.281534373760223389e-03,9.594535231590270996e-01,2.817390561103820801e-01,-1.774804294109344482e-01,7.842449471354484558e-03,-2.584058940410614014e-01,3.504278063774108887e-01,-3.079179227352142334e-01,-9.434923529624938965e-02,-1.537871062755584717e-01,-1.093781515955924988e-01,1.966871768236160278e-01,3.107261061668395996e-01,-3.177187740802764893e-01,1.525096148252487183e-01
2.101901531219482422e+00,-1.986419558525085449e+00,5.517144203186035156e-01,-5.598403513431549072e-03,-4.655729513615369797e-03,9.602392911911010742e-01,2.790833115577697754e-01,-2.322015762329101562e-01,-1.346239540725946426e-02,-2.599600851535797119e-01,4.490931034088134766e-01,-3.451589941978454590e-01,-1.218938380479812622e-01,-1.605592072010040283e-01,-1.191706955432891846e-01,1.776042729616165161e-01,3.239626288414001465e-01,-3.294501602649688721e-01,1.661905199289321899e-01
2.099064588546752930e+00,-1.986561536788940430e+00,5.503267049789428711e-01,-6.518756505101919174e-03,1.688225427642464638e-03,9.607172012329101562e-01,2.774475514888763428e-01,-2.967266142368316650e-01,-3.986272215843200684e-02,-2.671691775321960449e-01,5.702164769172668457e-01,-3.325653672218322754e-01,-1.353830099105834961e-01,-1.676447838544845581e-01,-1.351922601461410522e-01,1.647700816392898560e-01,3.346026539802551270e-01,-3.355632722377777100e-01,1.813304275274276733e-01
2.094678878784179688e+00,-1.985472440719604492e+00,5.490142107009887695e-01,-3.841180354356765747e-03,6.660580635070800781e-03,9.630250334739685059e-01,2.693020999431610107e-01,-3.426437377929687500e-01,-5.534255132079124451e-02,-2.769235968589782715e-01,6.437584757804870605e-01,-3.054801225662231445e-01,-1.146470233798027039e-01,-1.628155559301376343e-01,-1.519931554794311523e-01,1.491829007863998413e-01,3.420023620128631592e-01,-3.377250432968139648e-01,1.907984465360641479e-01
2.089355945587158203e+00,-1.983480453491210938e+00,5.482693314552307129e-01,-1.136321574449539185e-03,9.944021701812744141e-03,9.657163619995117188e-01,2.594064474105834961e-01,-3.859256803989410400e-01,-5.454824864864349365e-02,-2.683427035808563232e-01,6.771225333213806152e-01,-2.783303856849670410e-01,-1.087219193577766418e-01,-1.513831168413162231e-01,-1.660254299640655518e-01,1.211369708180427551e-01,3.421325087547302246e-01,-3.387045264244079590e-01,1.948535591363906860e-01
2.082893133163452148e+00,-1.981061100959777832e+00,5.474808812141418457e-01,9.226474503520876169e-05,1.342598348855972290e-02,9.683498144149780273e-01,2.492355704307556152e-01,-4.284565448760986328e-01,-4.939873516559600830e-02,-2.531438469886779785e-01,6.720849275588989258e-01,-2.551424205303192139e-01,-9.099689871072769165e-02,-1.365951150655746460e-01,-1.799447834491729736e-01,9.348240494728088379e-02,3.342798650264739990e-01,-3.375807702541351318e-01,1.987583339214324951e-01
2.075585126876831055e+00,-1.977874398231506348e+00,5.474448204040527344e-01,2.897799015045166016e-03,1.323964819312095642e-02,9.705725312232971191e-01,2.404271811246871948e-01,-4.669788181781768799e-01,-5.077115818858146667e-02,-2.583813965320587158e-01,6.576840281486511230e-01,-2.461625486612319946e-01,-8.553823828697204590e-02,-1.091262698173522949e-01,-1.848316341638565063e-01,8.147943764925003052e-02,3.192737996578216553e-01,-3.402698934078216553e-01,1.955534517765045166e-01
2.068006753921508789e+00,-1.973241925239562988e+00,5.470814704895019531e-01,4.861069377511739731e-03,1.442404929548501968e-02,9.720017910003662109e-01,2.344799935817718506e-01,-5.088446736335754395e-01,-5.393666774034500122e-02,-2.540483176708221436e-01,6.262893080711364746e-01,-2.366231530904769897e-01,-8.000671118497848511e-02,-7.973095774650573730e-02,-1.893419772386550903e-01,5.183422565460205078e-02,3.022202551364898682e-01,-3.457055985927581787e-01,1.922421604394912720e-01
2.058478355407714844e+00,-1.968429088592529297e+00,5.460354685783386230e-01,7.240847218781709671e-03,1.297059655189514160e-02,9.746742844581604004e-01,2.231352776288986206e-01,-5.423211455345153809e-01,-6.170549988746643066e-02,-2.735094130039215088e-01,5.898076891899108887e-01,-2.375338524580001831e-01,-7.801102101802825928e-02,-4.082343354821205139e-02,-1.888878196477890015e-01,7.595161348581314087e-02,2.900784611701965332e-01,-3.555495738983154297e-01,1.736409813165664673e-01
2.049437999725341797e+00,-1.961500525474548340e+00,5.456033945083618164e-01,7.387167774140834808e-03,9.283677674829959869e-03,9.780464172363281250e-01,2.080492675304412842e-01,-5.779411196708679199e-01,-4.653664678335189819e-02,-2.186286449432373047e-01,5.353473424911499023e-01,-2.272588312625885010e-01,-6.897450238466262817e-02,-1.976163685321807861e-02,-1.784081161022186279e-01,4.139003157615661621e-02,2.884883284568786621e-01,-3.615097999572753906e-01,1.636869758367538452e-01
2.039550542831420898e+00,-1.954974174499511719e+00,5.445728898048400879e-01,5.940441973507404327e-03,9.667049162089824677e-03,9.778809547424316406e-01,2.088543176651000977e-01,-6.243696212768554688e-01,-4.800216108560562134e-02,-2.234168350696563721e-01,5.038662552833557129e-01,-2.391987890005111694e-01,-7.703951746225357056e-02,1.304151862859725952e-02,-1.744595170021057129e-01,3.964122757315635681e-02,2.684806883335113525e-01,-3.767881393432617188e-01,1.616876870393753052e-01
2.028601408004760742e+00,-1.947588205337524414e+00,5.427255630493164062e-01,3.179442137479782104e-03,1.171179208904504776e-02,9.783251285552978516e-01,2.067188918590545654e-01,-6.594363451004028320e-01,-6.006037816405296326e-02,-2.402583807706832886e-01,4.631073474884033203e-01,-2.392782717943191528e-01,-6.446474790573120117e-02,4.029418528079986572e-02,-1.718977689743041992e-01,4.107780009508132935e-02,2.575690448284149170e-01,-3.978786170482635498e-01,1.467290520668029785e-01
2.016047477722167969e+00,-1.938371777534484863e+00,5.393325686454772949e-01,5.541448015719652176e-03,1.675862073898315430e-02,9.780389070510864258e-01,2.076736241579055786e-01,-6.905205845832824707e-01,-8.798728138208389282e-02,-3.050566911697387695e-01,4.655198454856872559e-01,-2.523587048053741455e-01,-4.377721250057220459e-02,8.203205466270446777e-02,-1.773114800453186035e-01,4.255453869700431824e-02,2.460422813892364502e-01,-4.184021651744842529e-01,1.379929333925247192e-01
2.002880096435546875e+00,-1.928185582160949707e+00,5.357620120048522949e-01,5.636132787913084030e-03,2.052568085491657257e-02,9.786906838417053223e-01,2.042340040206909180e-01,-7.137117981910705566e-01,-1.006109416484832764e-01,-3.105145096778869629e-01,4.655086696147918701e-01,-2.597362697124481201e-01,-3.827139735221862793e-02,1.154061928391456604e-01,-1.767546832561492920e-01,2.899620682001113892e-02,2.460490465164184570e-01,-4.398672282695770264e-01,1.428144425153732300e-01
1.988905668258666992e+00,-1.917184948921203613e+00,5.322366952896118164e-01,7.748167961835861206e-03,2.422223612666130066e-02,9.799395203590393066e-01,1.976659595966339111e-01,-7.223261594772338867e-01,-1.129354983568191528e-01,-3.076244592666625977e-01,4.847927689552307129e-01,-2.550946176052093506e-01,-4.359056800603866577e-02,1.403024941682815552e-01,-1.740528047084808350e-01,1.137128751724958420e-02,2.685100436210632324e-01,-4.548611938953399658e-01,1.441708505153656006e-01
1.972986459732055664e+00,-1.903344988822937012e+00,5.278642773628234863e-01,1.148749329149723053e-02,3.010951168835163116e-02,9.814327359199523926e-01,1.890799552202224731e-01,-7.142942547798156738e-01,-1.281241774559020996e-01,-2.997390627861022949e-01,5.347437262535095215e-01,-2.217978984117507935e-01,-5.662960931658744812e-02,1.653709858655929565e-01,-1.724630743265151978e-01,-1.901575736701488495e-02,3.015207946300506592e-01,-4.482415914535522461e-01,1.523851603269577026e-01
1.957175374031066895e+00,-1.889151573181152344e+00,5.251722931861877441e-01,8.149141445755958557e-03,3.388904035091400146e-02,9.818532466888427734e-01,1.864118129014968872e-01,-7.279629111289978027e-01,-1.493856608867645264e-01,-3.201750516891479492e-01,6.293905973434448242e-01,-2.280186265707015991e-01,-7.310477644205093384e-02,1.652469485998153687e-01,-1.632257401943206787e-01,-3.128589317202568054e-02,3.566337227821350098e-01,-4.421934783458709717e-01,1.504782140254974365e-01
1.939967274665832520e+00,-1.872889041900634766e+00,5.235722064971923828e-01,7.307089399546384811e-03,3.435446321964263916e-02,9.820862412452697754e-01,1.851296871900558472e-01,-7.066341638565063477e-01,-1.517836898565292358e-01,-3.391927480697631836e-01,6.672377586364746094e-01,-2.043634206056594849e-01,-7.773225754499435425e-02,1.697300374507904053e-01,-1.427381336688995361e-01,-1.988250203430652618e-02,4.181761145591735840e-01,-4.184811711311340332e-01,1.504685878753662109e-01
1.922393560409545898e+00,-1.855383276939392090e+00,5.232926607131958008e-01,1.428674906492233276e-03,3.098108433187007904e-02,9.813042879104614258e-01,1.899473667144775391e-01,-6.820707321166992188e-01,-1.236930936574935913e-01,-3.492466211318969727e-01,6.839991807937622070e-01,-2.066681832075119019e-01,-1.194869354367256165e-01,1.586836725473403931e-01,-1.153513565659523010e-01,-2.124546328559517860e-03,4.894762039184570312e-01,-3.418958485126495361e-01,1.358796805143356323e-01
1.906158208847045898e+00,-1.838252425193786621e+00,5.216791629791259766e-01,-1.640856079757213593e-02,1.743685454130172729e-02,9.793056845664978027e-01,2.009653300046920776e-01,-6.791047453880310059e-01,-5.126899108290672302e-02,-3.374469280242919922e-01,6.855781078338623047e-01,-2.319242954254150391e-01,-1.491260826587677002e-01,1.245888397097587585e-01,-7.225263118743896484e-02,3.579293144866824150e-03,5.363529920578002930e-01,-1.843591481447219849e-01,4.766578972339630127e-02
1.889089465141296387e+00,-1.820655107498168945e+00,5.231840014457702637e-01,-1.927671208977699280e-02,8.395809680223464966e-03,9.776433706283569336e-01,2.092159837484359741e-01,-6.296905875205993652e-01,-7.528786081820726395e-03,-3.452809453010559082e-01,6.793749928474426270e-01,-2.490856498479843140e-01,-1.879872530698776245e-01,7.796698808670043945e-02,-2.491980232298374176e-02,5.029071122407913208e-02,6.496922373771667480e-01,-5.620734766125679016e-02,6.739952415227890015e-02
1.873109102249145508e+00,-1.803289175033569336e+00,5.254822373390197754e-01,-2.258171327412128448e-02,2.282629022374749184e-03,9.743590354919433594e-01,2.238511890172958374e-01,-5.831085443496704102e-01,4.657472670078277588e-02,-3.249575197696685791e-01,6.588762402534484863e-01,-2.717039883136749268e-01,-2.216369360685348511e-01,1.413519401103258133e-02,6.874842103570699692e-03,1.028340607881546021e-01,7.621114850044250488e-01,4.557429999113082886e-02,7.845020294189453125e-02
1.856705188751220703e+00,-1.787023305892944336e+00,5.308983325958251953e-01,-1.414594613015651703e-02,1.178454235196113586e-02,9.705997705459594727e-01,2.399940490722656250e-01,-5.284332036972045898e-01,5.813621357083320618e-02,-2.853847742080688477e-01,6.558029055595397949e-01,-3.047235906124114990e-01,-2.282308042049407959e-01,-8.719018101692199707e-02,1.660107262432575226e-02,1.671838909387588501e-01,9.090477824211120605e-01,-5.169508233666419983e-02,1.278593838214874268e-01
1.840202927589416504e+00,-1.770959138870239258e+00,5.354037284851074219e-01,-1.018625497817993164e-02,1.205906737595796585e-02,9.662669897079467773e-01,2.570582032203674316e-01,-4.611304402351379395e-01,8.685152977705001831e-02,-2.559902667999267578e-01,6.222455501556396484e-01,-3.204537928104400635e-01,-2.412362545728683472e-01,-1.734560877084732056e-01,3.800668567419052124e-02,2.252217680215835571e-01,9.738206863403320312e-01,-3.893255069851875305e-02,1.679779589176177979e-01
1.822369098663330078e+00,-1.754483222961425781e+00,5.405294895172119141e-01,-7.761282846331596375e-03,8.292311802506446838e-03,9.587872028350830078e-01,2.838981151580810547e-01,-3.732748627662658691e-01,1.302564591169357300e-01,-2.086709737777709961e-01,5.428650379180908203e-01,-3.171290159225463867e-01,-2.287695854902267456e-01,-2.603516578674316406e-01,-1.983655150979757309e-03,2.177524864673614502e-01,9.326714277267456055e-01,-4.955227300524711609e-02,1.444690674543380737e-01
1.804241776466369629e+00,-1.737608075141906738e+00,5.455929636955261230e-01,1.307261991314589977e-03,1.163139007985591888e-02,9.513011574745178223e-01,3.080407083034515381e-01,-2.808471024036407471e-01,1.495458185672760010e-01,-1.433828771114349365e-01,4.778844714164733887e-01,-3.223649263381958008e-01,-2.084126323461532593e-01,-3.390221595764160156e-01,-1.847163401544094086e-02,2.485271692276000977e-01,9.013154506683349609e-01,-1.467685848474502563e-01,1.310674697160720825e-01
1.785663127899169922e+00,-1.721202015876770020e+00,5.489228963851928711e-01,5.172423552721738815e-03,9.520089253783226013e-03,9.436674714088439941e-01,3.307178318500518799e-01,-1.951178014278411865e-01,1.686347872018814087e-01,-9.357189387083053589e-02,4.157104492187500000e-01,-3.268773853778839111e-01,-1.872456967830657959e-01,-4.018606245517730713e-01,-1.140818931162357330e-02,2.887412309646606445e-01,8.113009929656982422e-01,-1.732817739248275757e-01,1.268815100193023682e-01
1.767364025115966797e+00,-1.705607771873474121e+00,5.497134327888488770e-01,5.710590165108442307e-03,8.478266187012195587e-03,9.369904994964599609e-01,3.492052853107452393e-01,-1.218498051166534424e-01,1.797508597373962402e-01,-4.896232858300209045e-02,3.638777434825897217e-01,-3.251588642597198486e-01,-1.630302667617797852e-01,-4.660742282867431641e-01,3.562227590009570122e-03,3.384527564048767090e-01,7.060058116912841797e-01,-2.088285088539123535e-01,1.305064857006072998e-01
1.747271418571472168e+00,-1.693985342979431152e+00,5.494715571403503418e-01,1.130679249763488770e-02,1.314458786509931087e-03,9.329344630241394043e-01,3.598662614822387695e-01,-3.448055684566497803e-02,1.824430525302886963e-01,-2.547210827469825745e-02,3.219444155693054199e-01,-3.434845805168151855e-01,-1.393933743238449097e-01,-5.079177021980285645e-01,6.104968488216400146e-03,3.686793744564056396e-01,5.725607275962829590e-01,-2.109532803297042847e-01,1.200041770935058594e-01
1.728596210479736328e+00,-1.676408886909484863e+00,5.464138388633728027e-01,1.176815759390592575e-02,-1.108629861846566200e-03,9.253442883491516113e-01,3.789435327053070068e-01,4.713943228125572205e-02,1.873444616794586182e-01,2.234179526567459106e-02,2.597751319408416748e-01,-3.309687077999114990e-01,-1.290772110223770142e-01,-5.527335405349731445e-01,1.100130565464496613e-02,3.805508017539978027e-01,4.368567466735839844e-01,-2.105876505374908447e-01,9.948420524597167969e-02
1.707678318023681641e+00,-1.662151694297790527e+00,5.435499548912048340e-01,1.723433472216129303e-02,2.956976532004773617e-04,9.218777418136596680e-01,3.870972692966461182e-01,1.065835952758789062e-01,1.695761680603027344e-01,3.676206246018409729e-02,2.587586343288421631e-01,-3.455719947814941406e-01,-8.854252099990844727e-02,-5.871223807334899902e-01,-2.169701643288135529e-02,3.235464394092559814e-01,3.067688047885894775e-01,-2.125013619661331177e-01,8.511310070753097534e-02
1.689128756523132324e+00,-1.642796874046325684e+00,5.391878485679626465e-01,1.303359866142272949e-02,6.313165649771690369e-03,9.181007146835327148e-01,3.960825204849243164e-01,1.449313908815383911e-01,1.610415279865264893e-01,6.261282414197921753e-02,2.605604529380798340e-01,-3.656366765499114990e-01,-8.826752007007598877e-02,-6.368173956871032715e-01,-2.733267843723297119e-02,2.832368612289428711e-01,2.546298801898956299e-01,-2.324890345335006714e-01,9.120992571115493774e-02
1.664534330368041992e+00,-1.628412604331970215e+00,5.332454442977905273e-01,1.786636933684349060e-02,3.065038472414016724e-03,9.161552190780639648e-01,4.004136025905609131e-01,1.933909058570861816e-01,1.476402133703231812e-01,7.252178341150283813e-02,2.941626310348510742e-01,-3.601588904857635498e-01,-6.045721471309661865e-02,-6.421328783035278320e-01,-2.865494415163993835e-02,3.149400949478149414e-01,2.817173600196838379e-01,-2.448838800191879272e-01,1.011550426483154297e-01
1.641182303428649902e+00,-1.607166767120361328e+00,5.269181132316589355e-01,9.764172136783599854e-03,6.359307095408439636e-03,9.090140461921691895e-01,4.166025817394256592e-01,2.105200439691543579e-01,1.382538974285125732e-01,1.158113777637481689e-01,3.248400986194610596e-01,-3.065316379070281982e-01,-4.396459087729454041e-02,-6.536055803298950195e-01,-3.077492350712418556e-03,3.645971715450286865e-01,3.707190752029418945e-01,-2.438058108091354370e-01,1.079927533864974976e-01
1.614269971847534180e+00,-1.588222980499267578e+00,5.223637819290161133e-01,-1.548802392790094018e-04,1.547913625836372375e-02,9.036673307418823242e-01,4.279552996158599854e-01,2.046629935503005981e-01,1.156480461359024048e-01,1.567226499319076538e-01,3.744943141937255859e-01,-2.063011229038238525e-01,-1.986717619001865387e-02,-6.677466630935668945e-01,3.897538175806403160e-03,3.847717642784118652e-01,4.295595884323120117e-01,-1.554253846406936646e-01,1.385312676429748535e-01
1.586110353469848633e+00,-1.571361303329467773e+00,5.199716091156005859e-01,4.920616047456860542e-04,3.408521786332130432e-02,9.039806127548217773e-01,4.262123703956604004e-01,1.983135193586349487e-01,6.554920226335525513e-02,1.379232257604598999e-01,4.391441941261291504e-01,-3.444567695260047913e-02,2.933135628700256348e-02,-6.519881486892700195e-01,-4.203225299715995789e-02,3.990849554538726807e-01,4.737271666526794434e-01,-1.198064386844635010e-01,1.611917167901992798e-01
1.559379100799560547e+00,-1.552540183067321777e+00,5.195775628089904785e-01,3.287992440164089203e-03,5.440494790673255920e-02,9.052391648292541504e-01,4.213921427726745605e-01,1.770500242710113525e-01,2.087900042533874512e-02,1.157829016447067261e-01,5.237061977386474609e-01,1.704416722059249878e-01,4.417170956730842590e-02,-6.239904165267944336e-01,-1.010795459151268005e-01,4.023120701313018799e-01,5.032359361648559570e-01,-1.319869011640548706e-01,2.005306482315063477e-01
1.534272551536560059e+00,-1.536808609962463379e+00,5.223526358604431152e-01,-1.672491431236267090e-03,6.397239863872528076e-02,9.105768203735351562e-01,4.083559215068817139e-01,9.810406714677810669e-02,-2.791642956435680389e-02,2.444713935256004333e-02,6.606415510177612305e-01,3.157194852828979492e-01,1.399274356663227081e-02,-5.942727327346801758e-01,-1.476947516202926636e-01,3.841404616832733154e-01,5.130824446678161621e-01,-1.735327839851379395e-01,2.407435625791549683e-01
1.509314775466918945e+00,-1.520292162895202637e+00,5.303474068641662598e-01,-2.596097066998481750e-03,5.094030499458312988e-02,9.206371307373046875e-01,3.870730996131896973e-01,-4.843511153012514114e-03,-4.400778189301490784e-02,-8.975837379693984985e-02,8.023378252983093262e-01,2.273033410310745239e-01,-5.324416607618331909e-02,-5.268617272377014160e-01,-1.687881648540496826e-01,3.260961174964904785e-01,5.030925273895263672e-01,-2.064441591501235962e-01,2.532669305801391602e-01
1.485473155975341797e+00,-1.503803253173828125e+00,5.383300781250000000e-01,-4.032623022794723511e-03,3.415542468428611755e-02,9.320110678672790527e-01,3.607943058013916016e-01,-1.237785592675209045e-01,-5.985989794135093689e-02,-1.996795684099197388e-01,9.048188924789428711e-01,8.671087771654129028e-02,-1.114704757928848267e-01,-4.605524241924285889e-01,-1.775174885988235474e-01,2.559657394886016846e-01,4.949266016483306885e-01,-2.348881959915161133e-01,2.496284097433090210e-01
1.461270928382873535e+00,-1.486577391624450684e+00,5.453376173973083496e-01,5.718449130654335022e-03,2.436814643442630768e-02,9.419172406196594238e-01,3.349111080169677734e-01,-2.112194448709487915e-01,-5.925237759947776794e-02,-2.539260685443878174e-01,9.300220608711242676e-01,5.769550334662199020e-03,-1.354531198740005493e-01,-3.567202985286712646e-01,-1.999488919973373413e-01,1.877477020025253296e-01,4.532694518566131592e-01,-2.534298896789550781e-01,2.399900555610656738e-01
1.438388705253601074e+00,-1.470110416412353516e+00,5.508238077163696289e-01,1.128038205206394196e-02,1.947338692843914032e-02,9.498540759086608887e-01,3.118826448917388916e-01,-3.080706596374511719e-01,-6.988011300563812256e-02,-2.963927984237670898e-01,9.063271880149841309e-01,-7.098093628883361816e-02,-1.483733654022216797e-01,-2.603368759155273438e-01,-2.136325538158416748e-01,1.366055607795715332e-01,4.007866084575653076e-01,-2.607909739017486572e-01,2.291786819696426392e-01
1.416164994239807129e+00,-1.451429605484008789e+00,5.547692179679870605e-01,1.625193841755390167e-02,1.327141467481851578e-02,9.590076208114624023e-01,2.826024591922760010e-01,-3.825827240943908691e-01,-8.581247180700302124e-02,-3.615776896476745605e-01,8.373363018035888672e-01,-1.668581962585449219e-01,-1.252007633447647095e-01,-1.685261130332946777e-01,-2.131024003028869629e-01,8.204420655965805054e-02,3.572100400924682617e-01,-2.809427380561828613e-01,2.040260285139083862e-01
1.394002199172973633e+00,-1.433092355728149414e+00,5.558193325996398926e-01,2.226766385138034821e-02,1.117237005382776260e-02,9.651100635528564453e-01,2.606567442417144775e-01,-4.436725974082946777e-01,-1.065310314297676086e-01,-4.104121923446655273e-01,7.294932603836059570e-01,-2.157543450593948364e-01,-9.255763888359069824e-02,-7.984498888254165649e-02,-2.128718495368957520e-01,2.838635444641113281e-02,3.182835578918457031e-01,-2.942281663417816162e-01,1.795412451028823853e-01
1.371987223625183105e+00,-1.414340257644653320e+00,5.546424984931945801e-01,2.754174172878265381e-02,1.395973004400730133e-02,9.704558849334716797e-01,2.392946928739547729e-01,-5.045951604843139648e-01,-1.180948168039321899e-01,-4.111349880695343018e-01,5.892937183380126953e-01,-2.158667743206024170e-01,-4.717766866087913513e-02,4.228777717798948288e-03,-2.127576023340225220e-01,-1.788428053259849548e-02,2.813300788402557373e-01,-3.121575117111206055e-01,1.572798490524291992e-01
1.349934816360473633e+00,-1.395526170730590820e+00,5.525576472282409668e-01,3.024514392018318176e-02,1.449570246040821075e-02,9.741556644439697266e-01,2.233736962080001831e-01,-5.586611628532409668e-01,-1.080874204635620117e-01,-3.659127056598663330e-01,4.187088906764984131e-01,-1.915339678525924683e-01,-1.576614379882812500e-02,7.949726283550262451e-02,-2.007424086332321167e-01,-5.374189093708992004e-02,2.535267770290374756e-01,-3.330307304859161377e-01,1.453639715909957886e-01
1.327469110488891602e+00,-1.376462936401367188e+00,5.500501394271850586e-01,2.955414541065692902e-02,8.231553249061107635e-03,9.755871295928955078e-01,2.174592763185501099e-01,-6.108022332191467285e-01,-8.221819251775741577e-02,-3.034912347793579102e-01,2.941045463085174561e-01,-2.062909156084060669e-01,1.151772681623697281e-02,1.412925273180007935e-01,-1.712767034769058228e-01,-6.933920830488204956e-02,2.500038146972656250e-01,-3.589153289794921875e-01,1.223503872752189636e-01
1.304841995239257812e+00,-1.356168746948242188e+00,5.448646545410156250e-01,2.799802459776401520e-02,7.990932092070579529e-03,9.750437736511230469e-01,2.200952321290969849e-01,-6.583421826362609863e-01,-7.316531985998153687e-02,-2.775363028049468994e-01,2.543377876281738281e-01,-2.200679183006286621e-01,1.073613204061985016e-02,1.931687146425247192e-01,-1.538530290126800537e-01,-6.930062174797058105e-02,2.622311115264892578e-01,-3.768658041954040527e-01,1.064295768737792969e-01
1.280694484710693359e+00,-1.333580613136291504e+00,5.388092398643493652e-01,3.172880783677101135e-02,8.779262192547321320e-03,9.778286218643188477e-01,2.068027257919311523e-01,-6.682448387145996094e-01,-8.982218056917190552e-02,-2.929808199405670166e-01,3.222414255142211914e-01,-2.418021559715270996e-01,-8.254528045654296875e-03,2.301534563302993774e-01,-1.346135288476943970e-01,-1.025086492300033569e-01,3.133659958839416504e-01,-3.722248971462249756e-01,8.469765633344650269e-02
1.254379034042358398e+00,-1.309566855430603027e+00,5.323853492736816406e-01,3.517850488424301147e-02,1.099705323576927185e-02,9.810789823532104492e-01,1.900672018527984619e-01,-6.543761491775512695e-01,-1.066436991095542908e-01,-3.122910559177398682e-01,4.253326058387756348e-01,-2.248939871788024902e-01,-1.645780913531780243e-02,2.547897696495056152e-01,-1.157677471637725830e-01,-1.420803815126419067e-01,3.830537497997283936e-01,-3.306145668029785156e-01,6.047138199210166931e-02
1.228166699409484863e+00,-1.284186720848083496e+00,5.266836881637573242e-01,2.636156603693962097e-02,1.407766621559858322e-02,9.832453131675720215e-01,1.798209547996520996e-01,-6.540836691856384277e-01,-1.257613897323608398e-01,-3.524554371833801270e-01,4.943019747734069824e-01,-1.189484745264053345e-01,-7.714529335498809814e-02,2.449636757373809814e-01,-9.756699204444885254e-02,-1.625404506921768188e-01,4.565750062465667725e-01,-2.259874045848846436e-01,2.941565588116645813e-02
1.202488899230957031e+00,-1.258655548095703125e+00,5.239596962928771973e-01,1.425989810377359390e-02,-5.514050717465579510e-04,9.845534563064575195e-01,1.745017766952514648e-01,-6.340579986572265625e-01,-7.814076542854309082e-02,-3.669391870498657227e-01,5.408113598823547363e-01,-9.856000542640686035e-02,-1.068667918443679810e-01,2.128619402647018433e-01,-2.876796387135982513e-02,-1.126587614417076111e-01,5.577375292778015137e-01,-3.623258322477340698e-02,4.555523861199617386e-03
1.178851962089538574e+00,-1.234121084213256836e+00,5.241233110427856445e-01,8.559600450098514557e-03,-1.045815180987119675e-02,9.821904301643371582e-01,1.874013990163803101e-01,-6.089076399803161621e-01,-2.543506957590579987e-02,-3.741262853145599365e-01,5.939785838127136230e-01,-1.483961343765258789e-01,-1.576465368270874023e-01,1.775150448083877563e-01,3.005165793001651764e-02,-1.795330829918384552e-02,6.593011021614074707e-01,1.315606534481048584e-01,1.053587999194860458e-02
1.157444953918457031e+00,-1.211050629615783691e+00,5.288044810295104980e-01,4.629109986126422882e-03,-1.160663738846778870e-02,9.785339832305908203e-01,2.057064324617385864e-01,-5.687685012817382812e-01,1.645508408546447754e-02,-3.639628887176513672e-01,6.099376082420349121e-01,-2.144481539726257324e-01,-2.069813907146453857e-01,8.590378612279891968e-02,7.811124622821807861e-02,9.039685130119323730e-02,8.180834054946899414e-01,1.511339694261550903e-01,5.944719538092613220e-02
1.135632038116455078e+00,-1.189167141914367676e+00,5.360675454139709473e-01,8.841668255627155304e-03,-5.278383847326040268e-03,9.727293848991394043e-01,2.317142784595489502e-01,-5.039373636245727539e-01,5.479900911450386047e-02,-3.176037371158599854e-01,5.929266214370727539e-01,-2.503681778907775879e-01,-2.247260063886642456e-01,-1.567770540714263916e-02,7.006239145994186401e-02,1.603903472423553467e-01,9.353488087654113770e-01,6.651186197996139526e-02,1.015211418271064758e-01
1.113160252571105957e+00,-1.167992234230041504e+00,5.431049466133117676e-01,1.443105749785900116e-02,-6.677523488178849220e-04,9.652525186538696289e-01,2.609193623065948486e-01,-4.278809130191802979e-01,9.277044236660003662e-02,-2.588594853878021240e-01,5.576959848403930664e-01,-2.695233225822448730e-01,-2.261055558919906616e-01,-1.117455214262008667e-01,4.193875938653945923e-02,2.066305130720138550e-01,9.776739478111267090e-01,-1.057715504430234432e-03,1.259005069732666016e-01
1.090079069137573242e+00,-1.146461486816406250e+00,5.498907566070556641e-01,2.282385155558586121e-02,7.107086712494492531e-04,9.563929438591003418e-01,2.911890149116516113e-01,-3.257886767387390137e-01,1.328579634428024292e-01,-1.863158792257308960e-01,4.942469000816345215e-01,-2.698556482791900635e-01,-2.178104966878890991e-01,-1.910522282123565674e-01,1.171058602631092072e-02,2.426805645227432251e-01,9.500229954719543457e-01,-6.189450249075889587e-02,1.361538171768188477e-01
1.067781090736389160e+00,-1.125759243965148926e+00,5.548737049102783203e-01,2.943132258951663971e-02,-3.038168360944837332e-04,9.461820721626281738e-01,3.222935497760772705e-01,-2.279433310031890869e-01,1.599972695112228394e-01,-1.237152293324470520e-01,4.342585504055023193e-01,-2.671481072902679443e-01,-2.038432508707046509e-01,-2.684098482131958008e-01,-5.053506698459386826e-03,2.765717208385467529e-01,8.800888061523437500e-01,-1.140448600053787231e-01,1.409140676259994507e-01
1.044389724731445312e+00,-1.105007886886596680e+00,5.572707056999206543e-01,3.168781101703643799e-02,-1.721685868687927723e-03,9.353493452072143555e-01,3.522989451885223389e-01,-1.408400088548660278e-01,1.798883378505706787e-01,-5.776999890804290771e-02,3.816370069980621338e-01,-2.645352184772491455e-01,-1.765110045671463013e-01,-3.364221155643463135e-01,-9.550791233777999878e-03,3.113442957401275635e-01,7.703362703323364258e-01,-1.570504307746887207e-01,1.246655583381652832e-01
1.021736145019531250e+00,-1.086397886276245117e+00,5.578346252441406250e-01,3.422802314162254333e-02,-2.511257072910666466e-03,9.248435497283935547e-01,3.787962198257446289e-01,-7.004352658987045288e-02,1.842755675315856934e-01,-2.863578731194138527e-03,3.597425520420074463e-01,-2.730830311775207520e-01,-1.419905722141265869e-01,-3.999477326869964600e-01,-9.227639064192771912e-03,3.367229700088500977e-01,6.392347216606140137e-01,-2.011610269546508789e-01,1.206115409731864929e-01
9.984378814697265625e-01,-1.067800760269165039e+00,5.566231608390808105e-01,3.509574756026268005e-02,-4.555561114102602005e-03,9.153944253921508789e-01,4.009994864463806152e-01,7.862393744289875031e-03,1.815020292997360229e-01,4.075846076011657715e-02,3.223349153995513916e-01,-2.791288495063781738e-01,-1.169379204511642456e-01,-4.557278156280517578e-01,-6.971480790525674820e-03,3.452327847480773926e-01,4.903796613216400146e-01,-2.211332470178604126e-01,1.058801487088203430e-01
9.753770232200622559e-01,-1.049096345901489258e+00,5.544899106025695801e-01,3.531423211097717285e-02,-3.236767835915088654e-03,9.075578451156616211e-01,4.184269905090332031e-01,7.457175105810165405e-02,1.687327623367309570e-01,7.843269407749176025e-02,3.007510602474212646e-01,-2.946594953536987305e-01,-9.183941781520843506e-02,-5.076619386672973633e-01,-1.575142145156860352e-02,3.240474164485931396e-01,3.405182957649230957e-01,-2.254839539527893066e-01,8.756254613399505615e-02
9.509817361831665039e-01,-1.029733657836914062e+00,5.509966015815734863e-01,3.685581684112548828e-02,-1.231107307830825448e-04,9.024887681007385254e-01,4.291335642337799072e-01,1.339458376169204712e-01,1.468061059713363647e-01,9.789003431797027588e-02,3.044289052486419678e-01,-3.132309317588806152e-01,-7.161484658718109131e-02,-5.502901673316955566e-01,-3.158726543188095093e-02,2.925901114940643311e-01,2.401638478040695190e-01,-2.327753752470016479e-01,7.523937523365020752e-02
9.251369237899780273e-01,-1.009616136550903320e+00,5.453463792800903320e-01,3.430185467004776001e-02,2.873638644814491272e-03,8.977354764938354492e-01,4.391880035400390625e-01,1.759355515241622925e-01,1.303569823503494263e-01,1.228195875883102417e-01,3.259887993335723877e-01,-3.165634870529174805e-01,-6.831050850450992584e-03,-5.840280652046203613e-01,-3.231878206133842468e-02,3.107207417488098145e-01,2.230203449726104736e-01,-2.654545605182647705e-01,6.168154999613761902e-02
8.980115056037902832e-01,-9.891072511672973633e-01,5.383323431015014648e-01,3.225614503026008606e-02,3.101915353909134865e-03,8.908312916755676270e-01,4.531770944595336914e-01,2.074457854032516479e-01,1.165061295032501221e-01,1.580046862363815308e-01,3.676941096782684326e-01,-2.859317660331726074e-01,5.159542709589004517e-02,-6.071830987930297852e-01,-1.592077501118183136e-02,3.511075377464294434e-01,3.033708930015563965e-01,-2.907412648200988770e-01,6.543038785457611084e-02
8.689370155334472656e-01,-9.671666026115417480e-01,5.306475758552551270e-01,2.416520379483699799e-02,4.438278730958700180e-03,8.835075497627258301e-01,4.677720963954925537e-01,2.155969738960266113e-01,9.953211247920989990e-02,1.799918860197067261e-01,4.290483593940734863e-01,-2.046675831079483032e-01,6.926137208938598633e-02,-6.200330853462219238e-01,3.133555175736546516e-03,3.893289864063262939e-01,3.861606419086456299e-01,-2.168839871883392334e-01,1.052220091223716736e-01
8.400478363037109375e-01,-9.463271498680114746e-01,5.244702100753784180e-01,1.799237541854381561e-02,2.372321486473083496e-02,8.803578019142150879e-01,4.733746647834777832e-01,1.887775361537933350e-01,5.002198368310928345e-02,1.541444510221481323e-01,5.175355076789855957e-01,-2.974553778767585754e-02,9.427616745233535767e-02,-6.349962949752807617e-01,-1.165568362921476364e-02,4.298370182514190674e-01,4.651415646076202393e-01,-1.398327648639678955e-01,1.563398987054824829e-01
8.130736947059631348e-01,-9.266878962516784668e-01,5.222905874252319336e-01,2.194227650761604309e-02,4.469509422779083252e-02,8.788084387779235840e-01,4.745699167251586914e-01,1.608750820159912109e-01,-1.716390997171401978e-02,1.119047701358795166e-01,6.073017716407775879e-01,2.130889743566513062e-01,1.007088422775268555e-01,-6.179115772247314453e-01,-6.732817739248275757e-02,4.423236250877380371e-01,5.174260139465332031e-01,-1.499562412500381470e-01,1.878142654895782471e-01
7.869071364402770996e-01,-9.094471931457519531e-01,5.246427655220031738e-01,1.563500426709651947e-02,5.406219139695167542e-02,8.821347355842590332e-01,4.676228463649749756e-01,8.789948374032974243e-02,-8.431445807218551636e-02,8.412192575633525848e-03,7.296656966209411621e-01,3.822270929813385010e-01,4.649493098258972168e-02,-5.987493395805358887e-01,-1.126062422990798950e-01,4.269446432590484619e-01,5.405703186988830566e-01,-1.878870278596878052e-01,2.370810657739639282e-01
7.606789469718933105e-01,-8.923836350440979004e-01,5.320571660995483398e-01,1.375867705792188644e-02,4.110423848032951355e-02,8.920478820800781250e-01,4.498574733734130859e-01,-1.235581468790769577e-02,-1.155759319663047791e-01,-1.024536564946174622e-01,8.737002015113830566e-01,3.056737482547760010e-01,-5.340057238936424255e-02,-5.383329391479492188e-01,-1.384970843791961670e-01,3.802301287651062012e-01,5.420429706573486328e-01,-2.192252576351165771e-01,2.492375820875167847e-01
7.360849380493164062e-01,-8.744497299194335938e-01,5.406666398048400879e-01,1.788037829101085663e-02,2.703658305108547211e-02,9.075057506561279297e-01,4.187871217727661133e-01,-1.025787144899368286e-01,-1.050289645791053772e-01,-1.737463325262069702e-01,9.552850127220153809e-01,1.674855500459671021e-01,-1.085762977600097656e-01,-4.496679306030273438e-01,-1.751120984554290771e-01,3.058033287525177002e-01,5.066617727279663086e-01,-2.384341210126876831e-01,2.547065913677215576e-01
7.124457955360412598e-01,-8.564962148666381836e-01,5.481634736061096191e-01,1.861072517931461334e-02,1.619798876345157623e-02,9.227178692817687988e-01,3.846855759620666504e-01,-1.990551352500915527e-01,-8.163823932409286499e-02,-2.278318852186203003e-01,9.798098206520080566e-01,4.776169732213020325e-02,-1.374341249465942383e-01,-3.703536689281463623e-01,-1.984041631221771240e-01,2.339300364255905151e-01,4.733099937438964844e-01,-2.437348365783691406e-01,2.407335340976715088e-01
6.897870302200317383e-01,-8.382177948951721191e-01,5.553337335586547852e-01,2.805716730654239655e-02,5.825014784932136536e-03,9.359549880027770996e-01,3.509517312049865723e-01,-2.602385580539703369e-01,-5.574438348412513733e-02,-2.660398483276367188e-01,9.258331060409545898e-01,-3.698109835386276245e-02,-1.411505788564682007e-01,-2.597487568855285645e-01,-2.202751934528350830e-01,1.514938771724700928e-01,4.109978377819061279e-01,-2.345633357763290405e-01,2.359647452831268311e-01
6.672606468200683594e-01,-8.203580975532531738e-01,5.599234104156494141e-01,3.357503935694694519e-02,8.884723647497594357e-04,9.480664134025573730e-01,3.162941336631774902e-01,-3.217871487140655518e-01,-5.192268267273902893e-02,-3.084825575351715088e-01,8.442726731300354004e-01,-1.055587679147720337e-01,-1.302221715450286865e-01,-1.654592901468276978e-01,-2.331780344247817993e-01,8.264867216348648071e-02,3.596267998218536377e-01,-2.320944964885711670e-01,2.141306847333908081e-01
6.453608274459838867e-01,-8.029096126556396484e-01,5.623596906661987305e-01,3.742838278412818909e-02,-1.387643511407077312e-03,9.582705497741699219e-01,2.833984792232513428e-01,-3.784414529800415039e-01,-6.035071983933448792e-02,-3.479606509208679199e-01,7.353163957595825195e-01,-1.589811146259307861e-01,-1.032835170626640320e-01,-8.702398091554641724e-02,-2.390797585248947144e-01,1.457809843122959137e-02,3.269726932048797607e-01,-2.389123737812042236e-01,1.947042793035507202e-01
6.241244077682495117e-01,-7.849193215370178223e-01,5.626956820487976074e-01,3.967120125889778137e-02,-7.330168737098574638e-04,9.658302664756774902e-01,2.561202645301818848e-01,-4.321064651012420654e-01,-7.050464302301406860e-02,-3.660812675952911377e-01,6.053948998451232910e-01,-1.906773149967193604e-01,-7.181247323751449585e-02,-1.557770650833845139e-02,-2.391601353883743286e-01,-4.794926196336746216e-02,2.997350096702575684e-01,-2.534771859645843506e-01,1.697578132152557373e-01
6.025761365890502930e-01,-7.667849063873291016e-01,5.617293715476989746e-01,4.086487740278244019e-02,5.213865078985691071e-04,9.715018868446350098e-01,2.334821075201034546e-01,-4.810106158256530762e-01,-6.967148929834365845e-02,-3.466572165489196777e-01,4.482323825359344482e-01,-1.890325099229812622e-01,-3.515207022428512573e-02,5.375037342309951782e-02,-2.313655316829681396e-01,-1.068763509392738342e-01,2.734179794788360596e-01,-2.685136497020721436e-01,1.514735221862792969e-01
5.808055400848388672e-01,-7.478972673416137695e-01,5.596804618835449219e-01,3.545254468917846680e-02,-1.729670795612037182e-03,9.734246730804443359e-01,2.262399196624755859e-01,-5.383278131484985352e-01,-4.863146319985389709e-02,-3.071660101413726807e-01,2.976800203323364258e-01,-1.942110359668731689e-01,-7.755741477012634277e-03,1.087598428130149841e-01,-2.086765021085739136e-01,-1.297307908535003662e-01,2.600158452987670898e-01,-2.954706251621246338e-01,1.316387951374053955e-01
5.589833855628967285e-01,-7.291606664657592773e-01,5.569421648979187012e-01,2.830751799046993256e-02,-7.132103666663169861e-03,9.735408425331115723e-01,2.266406714916229248e-01,-5.846530199050903320e-01,-1.566439494490623474e-02,-2.575388848781585693e-01,1.977303624153137207e-01,-2.219482362270355225e-01,8.668063208460807800e-03,1.543733775615692139e-01,-1.806513369083404541e-01,-1.336952447891235352e-01,2.622718214988708496e-01,-3.255712389945983887e-01,1.123484000563621521e-01
5.362617969512939453e-01,-7.094945311546325684e-01,5.511988401412963867e-01,2.867667935788631439e-02,-3.875851863995194435e-03,9.742841720581054688e-01,2.234568595886230469e-01,-6.151200532913208008e-01,-2.564062550663948059e-02,-2.771971821784973145e-01,2.172532081604003906e-01,-2.448195368051528931e-01,9.192106314003467560e-03,1.965297013521194458e-01,-1.746827661991119385e-01,-1.509518772363662720e-01,2.911599278450012207e-01,-3.467815518379211426e-01,1.033663749694824219e-01
5.122498273849487305e-01,-6.885365247726440430e-01,5.437696576118469238e-01,3.162615001201629639e-02,-1.525816507637500763e-03,9.770231246948242188e-01,2.107683420181274414e-01,-6.223192214965820312e-01,-4.549512639641761780e-02,-2.985488772392272949e-01,3.103626370429992676e-01,-2.580448985099792480e-01,-1.231082156300544739e-02,2.295014411211013794e-01,-1.650200784206390381e-01,-1.729351878166198730e-01,3.508202731609344482e-01,-3.405331671237945557e-01,7.261268794536590576e-02
4.869390726089477539e-01,-6.657580733299255371e-01,5.352234244346618652e-01,3.310139104723930359e-02,1.277104206383228302e-02,9.814995527267456055e-01,1.881483346223831177e-01,-6.137524843215942383e-01,-8.949685841798782349e-02,-3.134690225124359131e-01,3.657377064228057861e-01,-9.240993112325668335e-02,-2.318105474114418030e-02,2.397174984216690063e-01,-1.719864606857299805e-01,-2.172550410032272339e-01,4.202306866645812988e-01,-2.823508083820343018e-01,4.812022671103477478e-02
4.629550278186798096e-01,-6.434603333473205566e-01,5.301537513732910156e-01,2.439346723258495331e-02,1.053456030786037445e-02,9.832785725593566895e-01,1.801589280366897583e-01,-6.156802177429199219e-01,-7.215785980224609375e-02,-2.885283827781677246e-01,4.112661778926849365e-01,3.462066501379013062e-02,-6.840226054191589355e-02,2.133574485778808594e-01,-1.515705734491348267e-01,-2.107935845851898193e-01,5.196687579154968262e-01,-1.595057100057601929e-01,1.653896085917949677e-02
4.403414726257324219e-01,-6.231094002723693848e-01,5.285878181457519531e-01,2.434558607637882233e-02,-3.347161458805203438e-03,9.811204671859741211e-01,1.918299496173858643e-01,-5.936257839202880859e-01,-1.577541232109069824e-02,-2.884323894977569580e-01,4.752992391586303711e-01,2.819926477968692780e-02,-1.379232853651046753e-01,1.989357620477676392e-01,-1.138987839221954346e-01,-1.513977944850921631e-01,6.186928749084472656e-01,1.332473382353782654e-02,6.145032588392496109e-03
4.212995171546936035e-01,-6.038014888763427734e-01,5.323002934455871582e-01,2.342554181814193726e-02,-5.487934686243534088e-03,9.789994955062866211e-01,2.024378180503845215e-01,-5.733846426010131836e-01,1.389345992356538773e-02,-2.795397341251373291e-01,5.292454957962036133e-01,-4.255966842174530029e-02,-1.827098578214645386e-01,1.176507547497749329e-01,-5.975648015737533569e-02,-3.078013472259044647e-02,7.684950828552246094e-01,6.782385706901550293e-02,5.831629037857055664e-02
4.038601219654083252e-01,-5.864856243133544922e-01,5.377092361450195312e-01,2.532855048775672913e-02,2.312246506335213780e-04,9.764471054077148438e-01,2.142648994922637939e-01,-5.430207252502441406e-01,2.919768355786800385e-02,-2.630556225776672363e-01,5.603024959564208984e-01,-9.983447939157485962e-02,-2.110314667224884033e-01,7.882835343480110168e-03,5.404604133218526840e-03,1.102333888411521912e-01,9.286211133003234863e-01,9.923533536493778229e-03,1.311646103858947754e-01
3.860653638839721680e-01,-5.700271129608154297e-01,5.435692071914672852e-01,2.950251288712024689e-02,5.626147612929344177e-03,9.727615118026733398e-01,2.298543155193328857e-01,-4.997726976871490479e-01,4.897437617182731628e-02,-2.304739803075790405e-01,5.683413147926330566e-01,-1.427939087152481079e-01,-2.189527899026870728e-01,-8.602952957153320312e-02,3.664758056402206421e-02,1.929563283920288086e-01,1.008176803588867188e+00,-4.120205342769622803e-02,1.880850493907928467e-01
3.684590458869934082e-01,-5.543938875198364258e-01,5.495258569717407227e-01,3.455515205860137939e-02,7.931500673294067383e-03,9.673110246658325195e-01,2.511023581027984619e-01,-4.441038668155670166e-01,7.408759742975234985e-02,-1.945330947637557983e-01,5.560830831527709961e-01,-1.713556200265884399e-01,-2.186492681503295898e-01,-1.677839905023574829e-01,2.791139855980873108e-02,2.323274761438369751e-01,1.011453390121459961e+00,-1.004395782947540283e-01,1.998226791620254517e-01
3.509811460971832275e-01,-5.400094985961914062e-01,5.548496246337890625e-01,4.020401090383529663e-02,9.665983729064464569e-03,9.616034030914306641e-01,2.713100910186767578e-01,-3.788293600082397461e-01,9.338656812906265259e-02,-1.618755310773849487e-01,5.293021202087402344e-01,-1.917502582073211670e-01,-2.120197266340255737e-01,-2.342514097690582275e-01,2.896297164261341095e-02,2.941829562187194824e-01,9.662752747535705566e-01,-1.820029169321060181e-01,2.145516574382781982e-01
3.336494863033294678e-01,-5.260943770408630371e-01,5.584717392921447754e-01,4.501565173268318176e-02,1.017588563263416290e-02,9.566513299942016602e-01,2.875557541847229004e-01,-3.212274610996246338e-01,1.090377345681190491e-01,-1.286033391952514648e-01,5.179461240768432617e-01,-2.186708450317382812e-01,-1.989750117063522339e-01,-2.868299186229705811e-01,3.427723050117492676e-02,3.602110445499420166e-01,8.840869069099426270e-01,-2.475648969411849976e-01,2.178353667259216309e-01
3.159873485565185547e-01,-5.132122039794921875e-01,5.605797171592712402e-01,4.861209169030189514e-02,7.297966629266738892e-03,9.521884322166442871e-01,3.015307486057281494e-01,-2.642367780208587646e-01,1.251673102378845215e-01,-1.018151715397834778e-01,5.061767697334289551e-01,-2.475002408027648926e-01,-1.907666325569152832e-01,-3.326460123062133789e-01,3.074743971228599548e-02,4.023547470569610596e-01,7.744835615158081055e-01,-2.894416451454162598e-01,1.975528597831726074e-01
2.983108162879943848e-01,-5.014078617095947266e-01,5.610187053680419922e-01,5.178754404187202454e-02,-8.202397293644025922e-05,9.481440186500549316e-01,3.135936856269836426e-01,-1.989321857690811157e-01,1.450721174478530884e-01,-7.766423374414443970e-02,4.843052327632904053e-01,-2.709603011608123779e-01,-1.810333132743835449e-01,-3.744350373744964600e-01,2.528197318315505981e-02,4.212579727172851562e-01,6.500713229179382324e-01,-2.915162146091461182e-01,1.582102477550506592e-01
2.807583808898925781e-01,-4.901909530162811279e-01,5.602976679801940918e-01,5.345454812049865723e-02,-7.236505392938852310e-03,9.442346692085266113e-01,3.248248100280761719e-01,-1.402003616094589233e-01,1.616563946008682251e-01,-5.445979535579681396e-02,4.656101763248443604e-01,-2.933435440063476562e-01,-1.711178272962570190e-01,-4.195829927921295166e-01,1.573906466364860535e-02,4.155724048614501953e-01,5.221937298774719238e-01,-2.627964019775390625e-01,1.349504739046096802e-01
2.633634805679321289e-01,-4.787375628948211670e-01,5.584136843681335449e-01,5.384719744324684143e-02,-1.269772462546825409e-02,9.404100179672241211e-01,3.355118930339813232e-01,-9.062939137220382690e-02,1.726399213075637817e-01,-3.648859634995460510e-02,4.602470695972442627e-01,-3.227663338184356689e-01,-1.662392616271972656e-01,-4.577893912792205811e-01,7.408509962260723114e-03,4.009257555007934570e-01,3.939027786254882812e-01,-2.182112038135528564e-01,1.043328419327735901e-01
2.447942495346069336e-01,-4.673285186290740967e-01,5.570662617683410645e-01,5.266257748007774353e-02,-1.406729500740766525e-02,9.407603740692138672e-01,3.346620798110961914e-01,-3.188929706811904907e-02,1.733418852090835571e-01,-3.535434976220130920e-02,4.426982700824737549e-01,-3.758297264575958252e-01,-1.177602335810661316e-01,-4.997673630714416504e-01,-1.065063755959272385e-02,3.641735017299652100e-01,2.995681762695312500e-01,-2.456978857517242432e-01,6.601925939321517944e-02
2.275927960872650146e-01,-4.561646580696105957e-01,5.547532439231872559e-01,5.401942133903503418e-02,-1.516230404376983643e-02,9.404048919677734375e-01,3.353962600231170654e-01,1.798891089856624603e-02,1.698766350746154785e-01,-3.511844575405120850e-02,4.418617784976959229e-01,-4.097712635993957520e-01,-1.016446053981781006e-01,-5.178838968276977539e-01,-1.423833239823579788e-02,3.748147189617156982e-01,2.321354001760482788e-01,-2.537049651145935059e-01,5.702823027968406677e-02
2.093898206949234009e-01,-4.452461898326873779e-01,5.509113073348999023e-01,5.342369154095649719e-02,-1.836799085140228271e-02,9.406639337539672852e-01,3.346041440963745117e-01,6.204565986990928650e-02,1.722830981016159058e-01,-3.226673603057861328e-02,4.451246261596679688e-01,-4.286756515502929688e-01,-8.861703425645828247e-02,-5.313901901245117188e-01,-3.610858693718910217e-03,4.164487421512603760e-01,2.284219861030578613e-01,-2.700377404689788818e-01,5.589169636368751526e-02
1.908005923032760620e-01,-4.347919225692749023e-01,5.459181070327758789e-01,4.984358698129653931e-02,-2.184039726853370667e-02,9.399737715721130371e-01,3.368796110153198242e-01,8.323884010314941406e-02,1.759245842695236206e-01,-2.610571496188640594e-02,4.787742793560028076e-01,-4.467515647411346436e-01,-7.744105905294418335e-02,-5.479106307029724121e-01,1.903127692639827728e-02,4.522762298583984375e-01,2.873330712318420410e-01,-2.882852852344512939e-01,6.842462718486785889e-02
1.707770228385925293e-01,-4.243145883083343506e-01,5.398032665252685547e-01,4.570817202329635620e-02,-2.404375188052654266e-02,9.394430518150329590e-01,3.387910723686218262e-01,9.765899926424026489e-02,1.741001158952713013e-01,-2.727623097598552704e-02,5.247744917869567871e-01,-4.460092484951019287e-01,-6.065036356449127197e-02,-5.551503300666809082e-01,3.503468632698059082e-02,4.723924100399017334e-01,3.653121888637542725e-01,-2.971256375312805176e-01,8.230890333652496338e-02
1.506536155939102173e-01,-4.138984084129333496e-01,5.332596302032470703e-01,3.903598710894584656e-02,-2.462474443018436432e-02,9.382910132408142090e-01,3.427533209323883057e-01,9.184069186449050903e-02,1.672676801681518555e-01,-3.381827846169471741e-02,5.900800228118896484e-01,-3.980071842670440674e-01,-4.837763309478759766e-02,-5.549753904342651367e-01,4.632388800382614136e-02,4.845663905143737793e-01,3.855041265487670898e-01,-2.077772766351699829e-01,9.989783167839050293e-02
1.318460106849670410e-01,-4.052962064743041992e-01,5.285632610321044922e-01,2.923998422920703888e-02,-1.502344477921724319e-02,9.396662116050720215e-01,3.405095040798187256e-01,3.518740087747573853e-02,1.294643729925155640e-01,-8.076433837413787842e-02,7.062604427337646484e-01,-2.977187335491180420e-01,-4.779154434800148010e-02,-5.827150940895080566e-01,2.854542247951030731e-02,4.558778405189514160e-01,4.211842715740203857e-01,-1.351140737533569336e-01,1.379872858524322510e-01
1.145358756184577942e-01,-3.982271552085876465e-01,5.247236490249633789e-01,2.701611630618572235e-02,2.354817930608987808e-03,9.430416822433471680e-01,3.315674662590026855e-01,-2.639760635793209076e-02,6.912922114133834839e-02,-1.363166719675064087e-01,8.251335620880126953e-01,-9.035053104162216187e-02,-4.501298442482948303e-02,-6.003482341766357422e-01,-1.293602772057056427e-02,4.508996605873107910e-01,4.707770347595214844e-01,-1.190975904464721680e-01,1.644748747348785400e-01
9.923624992370605469e-02,-3.929085135459899902e-01,5.238911509513854980e-01,2.254987321794033051e-02,9.221950545907020569e-03,9.471752047538757324e-01,3.197899162769317627e-01,-1.001278907060623169e-01,5.890345666557550430e-03,-2.112545520067214966e-01,9.494365453720092773e-01,6.615588814020156860e-02,-7.764881104230880737e-02,-6.089427471160888672e-01,-4.423956200480461121e-02,4.308401346206665039e-01,5.016183853149414062e-01,-1.288940310478210449e-01,1.955033242702484131e-01
8.535532653331756592e-02,-3.885698616504669189e-01,5.253652930259704590e-01,1.379712205380201340e-02,3.988783340901136398e-03,9.521669149398803711e-01,3.052407503128051758e-01,-2.144606858491897583e-01,-4.477244988083839417e-02,-2.845709621906280518e-01,1.084522128105163574e+00,4.429593309760093689e-02,-1.334938555955886841e-01,-6.203647255897521973e-01,-5.237193778157234192e-02,3.996394276618957520e-01,5.347937345504760742e-01,-1.544821262359619141e-01,2.092508524656295776e-01
7.297444343566894531e-02,-3.831392228603363037e-01,5.274062156677246094e-01,9.712947532534599304e-03,2.380394842475652695e-03,9.577076435089111328e-01,2.875692546367645264e-01,-3.327014446258544922e-01,-7.046622782945632935e-02,-3.206780850887298584e-01,1.153450131416320801e+00,-2.159813605248928070e-02,-1.528053432703018188e-01,-6.175021529197692871e-01,-6.776678562164306641e-02,3.761273026466369629e-01,5.579041838645935059e-01,-1.845594644546508789e-01,1.956938505172729492e-01
6.205891445279121399e-02,-3.766081333160400391e-01,5.293226838111877441e-01,7.732003461569547653e-03,1.189085887745022774e-03,9.653212428092956543e-01,2.609477341175079346e-01,-4.388065040111541748e-01,-6.028333678841590881e-02,-3.281866610050201416e-01,1.144772768020629883e+00,-7.695627957582473755e-02,-1.345179378986358643e-01,-6.109664440155029297e-01,-8.891139179468154907e-02,3.434549272060394287e-01,5.751901865005493164e-01,-2.167417109012603760e-01,1.748053282499313354e-01
5.167055130004882812e-02,-3.702252507209777832e-01,5.307378768920898438e-01,8.719511330127716064e-03,-1.857870847743470222e-05,9.725158214569091797e-01,2.326733767986297607e-01,-5.230582356452941895e-01,-5.096880719065666199e-02,-3.240576386451721191e-01,1.081771135330200195e+00,-1.217397972941398621e-01,-9.642830491065979004e-02,-5.979076623916625977e-01,-1.115664169192314148e-01,3.068599700927734375e-01,5.910242199897766113e-01,-2.506792843341827393e-01,1.524451375007629395e-01
4.185806959867477417e-02,-3.648779690265655518e-01,5.314621925354003906e-01,8.957006968557834625e-03,-9.558738092891871929e-04,9.778888821601867676e-01,2.089312076568603516e-01,-5.898941159248352051e-01,-7.497631758451461792e-02,-3.563458323478698730e-01,9.977661371231079102e-01,-1.655787527561187744e-01,-9.135719388723373413e-02,-5.939308404922485352e-01,-1.320536285638809204e-01,2.636200785636901855e-01,6.180052161216735840e-01,-2.826312184333801270e-01,1.362351626157760620e-01
3.262577578425407410e-02,-3.587060570716857910e-01,5.316250920295715332e-01,6.403231061995029449e-03,-1.748445909470319748e-03,9.827886223793029785e-01,1.846142411231994629e-01,-6.544476747512817383e-01,-7.347360253334045410e-02,-3.451536893844604492e-01,8.908116221427917480e-01,-1.911602616310119629e-01,-5.740159004926681519e-02,-5.940341353416442871e-01,-1.403222233057022095e-01,2.488505095243453979e-01,6.449222564697265625e-01,-3.158800899982452393e-01,1.177520975470542908e-01
2.367193624377250671e-02,-3.525741696357727051e-01,5.303480625152587891e-01,6.025305483490228653e-03,1.756000099703669548e-03,9.861842393875122070e-01,1.655332148075103760e-01,-7.090253829956054688e-01,-7.518073171377182007e-02,-3.159881830215454102e-01,7.731019854545593262e-01,-1.700690388679504395e-01,-3.065534308552742004e-02,-5.947880744934082031e-01,-1.595126390457153320e-01,2.214845269918441772e-01,6.712039709091186523e-01,-3.410542905330657959e-01,1.127356141805648804e-01
1.451796479523181915e-02,-3.463260233402252197e-01,5.273355245590209961e-01,4.143021069467067719e-03,8.549545891582965851e-03,9.890869259834289551e-01,1.470264196395874023e-01,-7.517156004905700684e-01,-8.124592155218124390e-02,-2.832533121109008789e-01,6.641616225242614746e-01,-1.042154133319854736e-01,-4.121463280171155930e-03,-6.031268239021301270e-01,-1.804762631654739380e-01,2.067585885524749756e-01,7.056561708450317383e-01,-3.617917001247406006e-01,1.151460260152816772e-01
4.842880181968212128e-03,-3.400636613368988037e-01,5.220466256141662598e-01,4.294225014746189117e-03,1.968939416110515594e-02,9.912946224212646484e-01,1.301107704639434814e-01,-7.763030529022216797e-01,-9.790662676095962524e-02,-2.534189522266387939e-01,5.819086432456970215e-01,9.355075657367706299e-03,3.048118017613887787e-02,-6.106260418891906738e-01,-2.145937830209732056e-01,1.919258385896682739e-01,7.380547523498535156e-01,-3.653877079486846924e-01,1.201850920915603638e-01
-4.720401018857955933e-03,-3.337929248809814453e-01,5.171488523483276367e-01,3.229019464924931526e-03,2.734562754631042480e-02,9.927410483360290527e-01,1.170766651630401611e-01,-7.952585220336914062e-01,-1.120997294783592224e-01,-2.417420595884323120e-01,5.545921325683593750e-01,6.582787632942199707e-02,4.498089849948883057e-02,-6.217903494834899902e-01,-2.366699278354644775e-01,1.785938888788223267e-01,7.801604866981506348e-01,-3.782978057861328125e-01,1.284690946340560913e-01
-1.402401831001043320e-02,-3.271179497241973877e-01,5.113084316253662109e-01,2.139883115887641907e-03,3.508223220705986023e-02,9.934585094451904297e-01,1.086500287055969238e-01,-8.020951747894287109e-01,-1.263713240623474121e-01,-2.575685381889343262e-01,5.619558691978454590e-01,1.108556687831878662e-01,4.797660186886787415e-02,-6.337785720825195312e-01,-2.514120042324066162e-01,1.772635281085968018e-01,8.258992433547973633e-01,-3.861520588397979736e-01,1.363816112279891968e-01
-2.258063293993473053e-02,-3.204453289508819580e-01,5.070812106132507324e-01,-3.669499885290861130e-03,3.300197049975395203e-02,9.934985637664794922e-01,1.088944599032402039e-01,-8.211163878440856934e-01,-1.132385134696960449e-01,-2.580362856388092041e-01,6.169771552085876465e-01,6.417214870452880859e-02,-1.807661913335323334e-02,-6.569077372550964355e-01,-2.382790297269821167e-01,1.755831539630889893e-01,8.823320865631103516e-01,-3.921444714069366455e-01,1.486470848321914673e-01
-3.037950769066810608e-02,-3.136592209339141846e-01,5.027241110801696777e-01,-1.249652262777090073e-02,2.776763960719108582e-02,9.931988716125488281e-01,1.123781278729438782e-01,-8.560971021652221680e-01,-9.491794556379318237e-02,-2.531524300575256348e-01,6.933305263519287109e-01,-3.844158723950386047e-02,-4.943751543760299683e-02,-6.915186047554016113e-01,-2.110352665185928345e-01,1.824006289243698120e-01,9.533100128173828125e-01,-4.050635695457458496e-01,1.543493717908859253e-01
-3.798880055546760559e-02,-3.065563440322875977e-01,4.963784217834472656e-01,-1.915267854928970337e-02,2.448514103889465332e-02,9.930774569511413574e-01,1.132734194397926331e-01,-8.927008509635925293e-01,-8.147800713777542114e-02,-2.558995187282562256e-01,7.587577104568481445e-01,-6.992867588996887207e-02,-9.298853576183319092e-02,-7.313613295555114746e-01,-1.928217411041259766e-01,1.792586743831634521e-01,1.031921267509460449e+00,-3.990223109722137451e-01,1.192959472537040710e-01
-4.497156664729118347e-02,-3.000830411911010742e-01,4.892299771308898926e-01,-2.325566485524177551e-02,2.444774843752384186e-02,9.926559329032897949e-01,1.161709800362586975e-01,-9.377200007438659668e-01,-8.459758013486862183e-02,-2.694045305252075195e-01,8.484836816787719727e-01,-1.015499457716941833e-01,-1.368854343891143799e-01,-7.790906429290771484e-01,-1.858969479799270630e-01,1.602456271648406982e-01,1.125730276107788086e+00,-4.006341695785522461e-01,8.567589521408081055e-02
-5.132041126489639282e-02,-2.938959300518035889e-01,4.810468554496765137e-01,-2.558577060699462891e-02,2.707243338227272034e-02,9.918811917304992676e-01,1.215902119874954224e-01,-9.838280081748962402e-01,-8.437550067901611328e-02,-2.696416079998016357e-01,9.399595856666564941e-01,-1.538162082433700562e-01,-1.663481891155242920e-01,-8.217589855194091797e-01,-1.762609630823135376e-01,1.581129729747772217e-01,1.230840921401977539e+00,-4.232499897480010986e-01,4.130860045552253723e-02
-5.685626715421676636e-02,-2.882639169692993164e-01,4.726321995258331299e-01,-2.074579708278179169e-02,2.375522628426551819e-02,9.924023151397705078e-01,1.189239546656608582e-01,-1.011109709739685059e+00,-8.098746091127395630e-02,-2.714900970458984375e-01,1.032698392868041992e+00,-2.132759243249893188e-01,-2.092602550983428955e-01,-8.330208659172058105e-01,-1.188570186495780945e-01,1.859468519687652588e-01,1.356821775436401367e+00,-4.465099871158599854e-01,4.427060484886169434e-02
-6.207759305834770203e-02,-2.837301790714263916e-01,4.632029831409454346e-01,-1.322363503277301788e-02,1.888628676533699036e-02,9.930935502052307129e-01,1.150376573204994202e-01,-1.028776407241821289e+00,-8.360254019498825073e-02,-2.822800874710083008e-01,1.123402595520019531e+00,-2.670233845710754395e-01,-2.382210493087768555e-01,-8.214496374130249023e-01,-4.187175631523132324e-02,2.150271534919738770e-01,1.506958723068237305e+00,-4.496865272521972656e-01,9.289127588272094727e-02
-6.627155095338821411e-02,-2.796476483345031738e-01,4.534932672977447510e-01,-5.596851464360952377e-03,9.694625623524188995e-03,9.933936595916748047e-01,1.142088919878005981e-01,-1.039999961853027344e+00,-7.428793609142303467e-02,-2.981598973274230957e-01,1.196287631988525391e+00,-3.126808404922485352e-01,-2.818051576614379883e-01,-7.773149609565734863e-01,1.831435970962047577e-02,2.187488079071044922e-01,1.623659014701843262e+00,-3.980890810489654541e-01,9.831688553094863892e-02
-6.982958316802978516e-02,-2.762279510498046875e-01,4.438475072383880615e-01,4.454225301742553711e-03,1.011349377222359180e-03,9.935454726219177246e-01,1.133425980806350708e-01,-1.039999961853027344e+00,-6.927305459976196289e-02,-3.174360096454620361e-01,1.258322238922119141e+00,-3.463177382946014404e-01,-3.105710744857788086e-01,-7.173340320587158203e-01,5.631623044610023499e-02,2.084509730339050293e-01,1.717581391334533691e+00,-3.588448762893676758e-01,9.310572594404220581e-02
-7.251890748739242554e-02,-2.738130092620849609e-01,4.343387186527252197e-01,1.573478989303112030e-02,-8.499827235937118530e-03,9.935395121574401855e-01,1.120689436793327332e-01,-1.039999961853027344e+00,-6.509568542242050171e-02,-3.362716734409332275e-01,1.317998886108398438e+00,-3.844631910324096680e-01,-3.463293612003326416e-01,-6.449459791183471680e-01,8.560553938150405884e-02,1.931251734495162964e-01,1.791665196418762207e+00,-3.527594804763793945e-01,8.263910561800003052e-02
-7.444028556346893311e-02,-2.714503109455108643e-01,4.246772229671478271e-01,2.593868598341941833e-02,-1.776120625436306000e-02,9.935337305068969727e-01,1.090983226895332336e-01,-1.039999961853027344e+00,-5.803513154387474060e-02,-3.518758416175842285e-01,1.370449185371398926e+00,-4.072469174861907959e-01,-3.733600676059722900e-01,-5.623628497123718262e-01,1.178157851099967957e-01,1.752700507640838623e-01,1.832744479179382324e+00,-3.188274800777435303e-01,7.338947802782058716e-02
-7.670382410287857056e-02,-2.690197825431823730e-01,4.140562415122985840e-01,3.461419790983200073e-02,-2.716845646500587463e-02,9.936650991439819336e-01,1.034087240695953369e-01,-1.039999961853027344e+00,-6.410560756921768188e-02,-3.796186447143554688e-01,1.427584409713745117e+00,-4.324688017368316650e-01,-4.009385704994201660e-01,-4.785401225090026855e-01,1.610568016767501831e-01,1.467568576335906982e-01,1.840030908584594727e+00,-2.557319402694702148e-01,7.642818242311477661e-02
-7.894414663314819336e-02,-2.681964039802551270e-01,4.028983116149902344e-01,4.833477362990379333e-02,-3.740677982568740845e-02,9.930826425552368164e-01,1.002564877271652222e-01,-1.039999961853027344e+00,-6.422716379165649414e-02,-3.972790539264678955e-01,1.492684483528137207e+00,-4.739462435245513916e-01,-4.293503463268280029e-01,-4.047288298606872559e-01,1.634797900915145874e-01,1.115671545267105103e-01,1.842754840850830078e+00,-2.680926620960235596e-01,5.762687698006629944e-02
-8.109162002801895142e-02,-2.687451541423797607e-01,3.905629813671112061e-01,6.302139163017272949e-02,-4.675878211855888367e-02,9.921456575393676758e-01,9.741120785474777222e-02,-1.039999961853027344e+00,-6.791777163743972778e-02,-4.115406870841979980e-01,1.558969736099243164e+00,-5.085501074790954590e-01,-4.465518593788146973e-01,-3.447520136833190918e-01,1.180473566055297852e-01,7.137863337993621826e-02,1.854664683341979980e+00,-3.327862918376922607e-01,5.855684168636798859e-03
-8.220491558313369751e-02,-2.694197595119476318e-01,3.785798847675323486e-01,7.992165535688400269e-02,-5.391145497560501099e-02,9.904178977012634277e-01,9.888599067926406860e-02,-1.039999961853027344e+00,-7.300552725791931152e-02,-4.217506945133209229e-01,1.614986658096313477e+00,-5.199995040893554688e-01,-4.551644027233123779e-01,-2.782850861549377441e-01,1.083224266767501831e-01,5.595313012599945068e-02,1.885045289993286133e+00,-4.259529113769531250e-01,-1.429951749742031097e-02
-8.263085782527923584e-02,-2.706804275512695312e-01,3.672686517238616943e-01,9.927768260240554810e-02,-5.937931314110755920e-02,9.875581860542297363e-01,1.065216287970542908e-01,-1.039999961853027344e+00,-7.186450064182281494e-02,-4.244332015514373779e-01,1.659260034561157227e+00,-5.199999809265136719e-01,-4.645770490169525146e-01,-2.065803110599517822e-01,9.510990232229232788e-02,5.459681898355484009e-02,1.903115153312683105e+00,-5.005561709403991699e-01,-3.053683601319789886e-02
-8.136582374572753906e-02,-2.686732709407806396e-01,3.550175726413726807e-01,1.272689998149871826e-01,-5.577569454908370972e-02,9.833313822746276855e-01,1.172648817300796509e-01,-1.039999961853027344e+00,-6.622346490621566772e-02,-4.117208123207092285e-01,1.715820789337158203e+00,-5.199999809265136719e-01,-4.866265058517456055e-01,-1.327354013919830322e-01,6.738388538360595703e-02,6.065614521503448486e-02,1.905634999275207520e+00,-5.187875628471374512e-01,-4.907586798071861267e-02
-8.165799826383590698e-02,-2.690570056438446045e-01,3.445242345333099365e-01,1.462427526712417603e-01,-5.875224992632865906e-02,9.797672629356384277e-01,1.233586072921752930e-01,-1.039999961853027344e+00,-6.326937675476074219e-02,-4.105354547500610352e-01,1.761208772659301758e+00,-5.199999809265136719e-01,-5.015932917594909668e-01,-7.929125428199768066e-02,5.851100757718086243e-02,6.505698710680007935e-02,1.919998168945312500e+00,-5.182657837867736816e-01,-7.433877885341644287e-02
-8.409908413887023926e-02,-2.700397968292236328e-01,3.346714973449707031e-01,1.626406311988830566e-01,-6.442364305257797241e-02,9.753700494766235352e-01,1.343535184860229492e-01,-1.039999961853027344e+00,-5.386482179164886475e-02,-4.111306667327880859e-01,1.800646662712097168e+00,-5.199999809265136719e-01,-5.146862268447875977e-01,-5.038692615926265717e-03,5.661221593618392944e-02,8.808826655149459839e-02,1.919999957084655762e+00,-5.074013471603393555e-01,-1.095036715269088745e-01
-8.477663993835449219e-02,-2.725646793842315674e-01,3.266647458076477051e-01,1.799335032701492310e-01,-6.679578125476837158e-02,9.712910652160644531e-01,1.405555903911590576e-01,-1.039999961853027344e+00,-5.558731406927108765e-02,-3.998199999332427979e-01,1.839197397232055664e+00,-5.199999809265136719e-01,-5.176542401313781738e-01,4.457039013504981995e-02,5.217015370726585388e-02,1.112395450472831726e-01,1.919999957084655762e+00,-4.584076404571533203e-01,-1.258212178945541382e-01
-8.539359271526336670e-02,-2.748515605926513672e-01,3.198303580284118652e-01,1.965845227241516113e-01,-6.521245837211608887e-02,9.674930572509765625e-01,1.451172530651092529e-01,-1.039999961853027344e+00,-6.154817342758178711e-02,-3.826627731323242188e-01,1.876051783561706543e+00,-5.199999809265136719e-01,-5.178542733192443848e-01,8.784077316522598267e-02,5.984288454055786133e-02,1.371444612741470337e-01,1.919999957084655762e+00,-4.335065782070159912e-01,-1.303595155477523804e-01
-8.635690808296203613e-02,-2.790790498256683350e-01,3.135591745376586914e-01,2.056346237659454346e-01,-7.284609228372573853e-02,9.644899964332580566e-01,1.488853991031646729e-01,-1.039999961853027344e+00,-5.810450017452239990e-02,-3.794964849948883057e-01,1.896887183189392090e+00,-5.199999809265136719e-01,-5.181789398193359375e-01,1.172129958868026733e-01,3.637273982167243958e-02,1.496656388044357300e-01,1.919999957084655762e+00,-3.872652649879455566e-01,-1.577287912368774414e-01
-8.726534992456436157e-02,-2.819250822067260742e-01,3.086082339286804199e-01,2.112526744604110718e-01,-8.029943704605102539e-02,9.621312618255615234e-01,1.524064987897872925e-01,-1.039999961853027344e+00,-4.991120100021362305e-02,-3.816827535629272461e-01,1.910193562507629395e+00,-5.199999809265136719e-01,-5.183940529823303223e-01,1.373845338821411133e-01,2.972216345369815826e-02,1.582662165164947510e-01,1.919999957084655762e+00,-3.550074994564056396e-01,-1.803634315729141235e-01
-8.882515877485275269e-02,-2.850528359413146973e-01,3.044148683547973633e-01,2.134782224893569946e-01,-8.757616579532623291e-02,9.608688950538635254e-01,1.532593369483947754e-01,-1.039999961853027344e+00,-4.536961019039154053e-02,-3.867626190185546875e-01,1.919999957084655762e+00,-5.199999809265136719e-01,-5.182004570960998535e-01,1.482823044061660767e-01,2.617436833679676056e-02,1.667200177907943726e-01,1.919999957084655762e+00,-3.145624697208404541e-01,-1.999968439340591431e-01
-9.108129888772964478e-02,-2.885565757751464844e-01,3.008631467819213867e-01,2.111917734146118164e-01,-9.849692136049270630e-02,9.598820209503173828e-01,1.559581011533737183e-01,-1.039999961853027344e+00,-3.379656746983528137e-02,-3.956896960735321045e-01,1.919999957084655762e+00,-5.199999809265136719e-01,-5.182746648788452148e-01,1.532657891511917114e-01,1.624327898025512695e-02,1.704100072383880615e-01,1.919999957084655762e+00,-2.787635028362274170e-01,-2.168092578649520874e-01
-9.226588904857635498e-02,-2.926275730133056641e-01,2.957668602466583252e-01,2.136487811803817749e-01,-1.073629483580589294e-01,9.576494097709655762e-01,1.604212671518325806e-01,-1.039999961853027344e+00,-2.503543719649314880e-02,-4.016062915325164795e-01,1.919999957084655762e+00,-5.029965639114379883e-01,-5.181716084480285645e-01,1.701915562152862549e-01,9.073011577129364014e-03,1.884261518716812134e-01,1.919999957084655762e+00,-2.353757321834564209e-01,-2.272423654794692993e-01
-9.189286082983016968e-02,-2.957830131053924561e-01,2.937892675399780273e-01,2.215150743722915649e-01,-1.074616089463233948e-01,9.549649953842163086e-01,1.656047552824020386e-01,-1.039999961853027344e+00,-2.075280621647834778e-02,-3.839447498321533203e-01,1.919999957084655762e+00,-4.866528511047363281e-01,-5.184540748596191406e-01,1.825803816318511963e-01,3.911101445555686951e-02,2.289647907018661499e-01,1.919999957084655762e+00,-1.922044008970260620e-01,-2.187924683094024658e-01
-9.115660935640335083e-02,-2.995390594005584717e-01,2.914144694805145264e-01,2.270664125680923462e-01,-1.098740696907043457e-01,9.534312486648559570e-01,1.653400808572769165e-01,-1.039999961853027344e+00,-2.669746987521648407e-02,-3.785080015659332275e-01,1.919999957084655762e+00,-4.696019291877746582e-01,-5.183348059654235840e-01,1.911241859197616577e-01,4.902052134275436401e-02,2.606565952301025391e-01,1.919999957084655762e+00,-1.635748744010925293e-01,-2.205671072006225586e-01
-8.941761404275894165e-02,-3.022551536560058594e-01,2.901402413845062256e-01,2.316181659698486328e-01,-1.102728918194770813e-01,9.526197910308837891e-01,1.634272187948226929e-01,-1.039999961853027344e+00,-3.392740339040756226e-02,-3.719587028026580811e-01,1.919999957084655762e+00,-4.607827365398406982e-01,-5.181614160537719727e-01,1.937988102436065674e-01,5.174294114112854004e-02,2.717021107673645020e-01,1.919999957084655762e+00,-1.483408361673355103e-01,-2.181501537561416626e-01
-8.715777844190597534e-02,-3.052584826946258545e-01,2.893207967281341553e-01,2.365599572658538818e-01,-1.106144562363624573e-01,9.517279863357543945e-01,1.612997949123382568e-01,-1.039999961853027344e+00,-3.900734707713127136e-02,-3.608454167842864990e-01,1.919999957084655762e+00,-4.519859850406646729e-01,-5.183129310607910156e-01,1.924996227025985718e-01,4.475511237978935242e-02,2.759107649326324463e-01,1.919999957084655762e+00,-1.409113407135009766e-01,-2.134693264961242676e-01
-8.436495065689086914e-02,-3.075355291366577148e-01,2.885266244411468506e-01,2.422648370265960693e-01,-1.101266145706176758e-01,9.507552981376647949e-01,1.588843762874603271e-01,-1.039999961853027344e+00,-4.002330079674720764e-02,-3.485743105411529541e-01,1.919999957084655762e+00,-4.432058334350585938e-01,-5.183882713317871094e-01,1.915135830640792847e-01,3.550065308809280396e-02,2.759740352630615234e-01,1.919999957084655762e+00,-1.312219053506851196e-01,-2.130766957998275757e-01
-8.193276822566986084e-02,-3.087359964847564697e-01,2.879475951194763184e-01,2.470506876707077026e-01,-1.080579608678817749e-01,9.499360918998718262e-01,1.578316688537597656e-01,-1.039999961853027344e+00,-4.283331707119941711e-02,-3.406017720699310303e-01,1.919999957084655762e+00,-4.338513612747192383e-01,-5.181966423988342285e-01,1.901533901691436768e-01,2.792101725935935974e-02,2.773753702640533447e-01,1.919999957084655762e+00,-1.216838508844375610e-01,-2.096947580575942993e-01
-8.014975488185882568e-02,-3.090595006942749023e-01,2.871603369712829590e-01,2.507672309875488281e-01,-1.059322133660316467e-01,9.492879509925842285e-01,1.573105156421661377e-01,-1.039999961853027344e+00,-4.693272337317466736e-02,-3.386959135532379150e-01,1.919999957084655762e+00,-4.234408438205718994e-01,-5.178573131561279297e-01,1.902645975351333618e-01,2.629227563738822937e-02,2.819350361824035645e-01,1.919999957084655762e+00,-1.134979575872421265e-01,-2.081316113471984863e-01
-7.867574691772460938e-02,-3.095036745071411133e-01,2.859995663166046143e-01,2.551106810569763184e-01,-1.048245951533317566e-01,9.480016231536865234e-01,1.588184833526611328e-01,-1.039999961853027344e+00,-4.574196040630340576e-02,-3.369808495044708252e-01,1.919999957084655762e+00,-4.163110852241516113e-01,-5.155235528945922852e-01,1.948066651821136475e-01,2.375524863600730896e-02,2.894751131534576416e-01,1.919999957084655762e+00,-1.042615398764610291e-01,-2.086964994668960571e-01
-7.705879211425781250e-02,-3.105168342590332031e-01,2.851302921772003174e-01,2.586215138435363770e-01,-1.030482202768325806e-01,9.472146630287170410e-01,1.589979082345962524e-01,-1.039999961853027344e+00,-4.693488404154777527e-02,-3.288117051124572754e-01,1.919999957084655762e+00,-4.092479944229125977e-01,-5.030536055564880371e-01,1.919738352298736572e-01,2.498398721218109131e-02,2.975414693355560303e-01,1.919999957084655762e+00,-9.128003567457199097e-02,-2.018021047115325928e-01
-7.613613456487655640e-02,-3.108165860176086426e-01,2.835802733898162842e-01,2.619799077510833740e-01,-1.025824993848800659e-01,9.459024071693420410e-01,1.615920364856719971e-01,-1.039999961853027344e+00,-4.386547952890396118e-02,-3.268260061740875244e-01,1.919999957084655762e+00,-4.019158482551574707e-01,-4.965185821056365967e-01,1.996891051530838013e-01,1.808509789407253265e-02,3.029516041278839111e-01,1.919999957084655762e+00,-8.473638445138931274e-02,-2.062696814537048340e-01
-7.461358606815338135e-02,-3.122383356094360352e-01,2.827573120594024658e-01,2.650636732578277588e-01,-1.024100631475448608e-01,9.451111555099487305e-01,1.613021492958068848e-01,-1.039999961853027344e+00,-4.858616739511489868e-02,-3.217707276344299316e-01,1.919999957084655762e+00,-3.948329985141754150e-01,-4.875961244106292725e-01,1.966494321823120117e-01,1.402949914336204529e-02,3.077879846096038818e-01,1.919999957084655762e+00,-7.166172564029693604e-02,-2.010132819414138794e-01
-7.335918396711349487e-02,-3.127801120281219482e-01,2.821289598941802979e-01,2.680090665817260742e-01,-1.013026013970375061e-01,9.444508552551269531e-01,1.610017269849777222e-01,-1.039999961853027344e+00,-4.719293490052223206e-02,-3.172008693218231201e-01,1.919999957084655762e+00,-3.918105363845825195e-01,-4.787147641181945801e-01,1.976933479309082031e-01,7.597783114761114120e-03,3.090839684009552002e-01,1.919999957084655762e+00,-6.793514639139175415e-02,-2.018567323684692383e-01
-7.237388938665390015e-02,-3.132314383983612061e-01,2.813664376735687256e-01,2.704656720161437988e-01,-1.007464006543159485e-01,9.436731338500976562e-01,1.618007123470306396e-01,-1.039999961853027344e+00,-4.816468432545661926e-02,-3.155092895030975342e-01,1.919999957084655762e+00,-3.881195187568664551e-01,-4.715639948844909668e-01,1.992340534925460815e-01,4.008266143500804901e-03,3.121559023857116699e-01,1.919999957084655762e+00,-6.472270935773849487e-02,-2.030115276575088501e-01
-7.124684751033782959e-02,-3.137267231941223145e-01,2.806179523468017578e-01,2.726139128208160400e-01,-1.001015678048133850e-01,9.430236220359802246e-01,1.623817235231399536e-01,-1.039999961853027344e+00,-5.018473789095878601e-02,-3.138184845447540283e-01,1.919999957084655762e+00,-3.860006630420684814e-01,-4.673158228397369385e-01,1.997575461864471436e-01,1.002287957817316055e-03,3.151851892471313477e-01,1.919999957084655762e+00,-6.033717468380928040e-02,-2.032281905412673950e-01
-7.051632553339004517e-02,-3.137893080711364746e-01,2.802756130695343018e-01,2.741709053516387939e-01,-9.957098960876464844e-02,9.424962401390075684e-01,1.631462872028350830e-01,-1.039999961853027344e+00,-4.997189342975616455e-02,-3.130553364753723145e-01,1.919999957084655762e+00,-3.841563761234283447e-01,-4.657298922538757324e-01,2.018536329269409180e-01,1.547193853184580803e-03,3.179312944412231445e-01,1.919999957084655762e+00,-5.908468738198280334e-02,-2.024065107107162476e-01
-6.994352489709854126e-02,-3.135401308536529541e-01,2.801368832588195801e-01,2.753309607505798340e-01,-9.884373098611831665e-02,9.420503973960876465e-01,1.642067730426788330e-01,-1.039999961853027344e+00,-4.930917173624038696e-02,-3.125262856483459473e-01,1.919999957084655762e+00,-3.838301002979278564e-01,-4.643127024173736572e-01,2.040329426527023315e-01,5.572883877903223038e-03,3.208003640174865723e-01,1.919999957084655762e+00,-6.203533336520195007e-02,-2.001030445098876953e-01
-6.966815888881683350e-02,-3.136287033557891846e-01,2.799846827983856201e-01,2.756205201148986816e-01,-9.883220493793487549e-02,9.418186545372009277e-01,1.650549918413162231e-01,-1.039999961853027344e+00,-5.078760161995887756e-02,-3.135767579078674316e-01,1.919999957084655762e+00,-3.839486837387084961e-01,-4.603076279163360596e-01,2.073065489530563354e-01,8.591706864535808563e-03,3.240467309951782227e-01,1.919999957084655762e+00,-5.916895344853401184e-02,-1.968799531459808350e-01
-6.945196539163589478e-02,-3.135470747947692871e-01,2.799220085144042969e-01,2.758521139621734619e-01,-9.850788116455078125e-02,9.417273402214050293e-01,1.653828173875808716e-01,-1.039999961853027344e+00,-4.992686957120895386e-02,-3.133944869041442871e-01,1.919999957084655762e+00,-3.848854005336761475e-01,-4.591783285140991211e-01,2.098161131143569946e-01,1.197995804250240326e-02,3.250119686126708984e-01,1.919999957084655762e+00,-5.723705515265464783e-02,-1.919564008712768555e-01
-6.949681788682937622e-02,-3.132463097572326660e-01,2.801557779312133789e-01,2.754744887351989746e-01,-9.761082381010055542e-02,9.418388605117797852e-01,1.659080088138580322e-01,-1.039999961853027344e+00,-5.070218816399574280e-02,-3.134041726589202881e-01,1.919999957084655762e+00,-3.848583698272705078e-01,-4.563136398792266846e-01,2.102279961109161377e-01,1.684902608394622803e-02,3.270549476146697998e-01,1.919999957084655762e+00,-6.229764968156814575e-02,-1.902448236942291260e-01
-6.978166848421096802e-02,-3.133835196495056152e-01,2.800712883472442627e-01,2.752216160297393799e-01,-9.811123460531234741e-02,9.417915940284729004e-01,1.663004904985427856e-01,-1.039999961853027344e+00,-5.065864324569702148e-02,-3.144178092479705811e-01,1.919999957084655762e+00,-3.864080905914306641e-01,-4.544588327407836914e-01,2.131743431091308594e-01,1.703917421400547028e-02,3.282131850719451904e-01,1.919999957084655762e+00,-5.986024811863899231e-02,-1.883160024881362915e-01
-6.997443735599517822e-02,-3.136792480945587158e-01,2.802302837371826172e-01,2.748096287250518799e-01,-9.817478805780410767e-02,9.418545961380004883e-01,1.665871143341064453e-01,-1.039999961853027344e+00,-5.206502974033355713e-02,-3.141408860683441162e-01,1.919999957084655762e+00,-3.871448338031768799e-01,-4.533840417861938477e-01,2.127783000469207764e-01,1.769759133458137512e-02,3.289825916290283203e-01,1.919999957084655762e+00,-6.084698066115379333e-02,-1.884814947843551636e-01
-7.025443762540817261e-02,-3.140557110309600830e-01,2.802644968032836914e-01,2.745890319347381592e-01,-9.856910258531570435e-02,9.418575167655944824e-01,1.667017489671707153e-01,-1.039999961853027344e+00,-5.153019726276397705e-02,-3.129446506500244141e-01,1.919999957084655762e+00,-3.855173885822296143e-01,-4.515013396739959717e-01,2.126582860946655273e-01,1.628834567964076996e-02,3.297971487045288086e-01,1.919999957084655762e+00,-6.221048161387443542e-02,-1.883941739797592163e-01
-7.047795504331588745e-02,-3.142349720001220703e-01,2.801397442817687988e-01,2.747967243194580078e-01,-9.871762245893478394e-02,9.417933821678161621e-01,1.666337251663208008e-01,-1.039999961853027344e+00,-5.026961117982864380e-02,-3.119287192821502686e-01,1.919999957084655762e+00,-3.854441344738006592e-01,-4.513280987739562988e-01,2.146322429180145264e-01,1.622374542057514191e-02,3.294472396373748779e-01,1.919999957084655762e+00,-6.016502529382705688e-02,-1.870562434196472168e-01
-7.070931047201156616e-02,-3.143621385097503662e-01,2.802197933197021484e-01,2.744020521640777588e-01,-9.885393083095550537e-02,9.418566226959228516e-01,1.668458133935928345e-01,-1.039999961853027344e+00,-5.109712854027748108e-02,-3.119636476039886475e-01,1.919999957084655762e+00,-3.835113048553466797e-01,-4.515865743160247803e-01,2.150806933641433716e-01,1.835227012634277344e-02,3.309725224971771240e-01,1.919999957084655762e+00,-6.118869781494140625e-02,-1.874155998229980469e-01
-7.094430923461914062e-02,-3.144513666629791260e-01,2.803052961826324463e-01,2.737591266632080078e-01,-9.932150691747665405e-02,9.420562386512756348e-01,1.664970517158508301e-01,-1.039999961853027344e+00,-5.133957043290138245e-02,-3.123484551906585693e-01,1.919999957084655762e+00,-3.849032521247863770e-01,-4.509850442409515381e-01,2.153260707855224609e-01,2.052686922252178192e-02,3.308984041213989258e-01,1.919999957084655762e+00,-6.146763265132904053e-02,-1.850720345973968506e-01
-7.125032693147659302e-02,-3.147317767143249512e-01,2.803058028221130371e-01,2.734066545963287354e-01,-9.981813281774520874e-02,9.421679377555847168e-01,1.661466211080551147e-01,-1.039999961853027344e+00,-5.060859769582748413e-02,-3.116422891616821289e-01,1.919999957084655762e+00,-3.850661218166351318e-01,-4.512900412082672119e-01,2.145433872938156128e-01,2.068291604518890381e-02,3.312653303146362305e-01,1.919999957084655762e+00,-6.252896040678024292e-02,-1.862376630306243896e-01
-7.143692672252655029e-02,-3.148620724678039551e-01,2.804553806781768799e-01,2.730249464511871338e-01,-1.002387553453445435e-01,9.422454237937927246e-01,1.660816371440887451e-01,-1.039999961853027344e+00,-5.122304335236549377e-02,-3.124803602695465088e-01,1.919999957084655762e+00,-3.875680565834045410e-01,-4.514319598674774170e-01,2.155709564685821533e-01,2.259077504277229309e-02,3.309575021266937256e-01,1.919999957084655762e+00,-6.182656437158584595e-02,-1.844147443771362305e-01
-7.168496400117874146e-02,-3.154421150684356689e-01,2.803655266761779785e-01,2.726720869541168213e-01,-1.008858308196067810e-01,9.424002170562744141e-01,1.653898358345031738e-01,-1.039999961853027344e+00,-5.215567350387573242e-02,-3.118702173233032227e-01,1.919999957084655762e+00,-3.855385184288024902e-01,-4.516153335571289062e-01,2.138178497552871704e-01,1.791823282837867737e-02,3.315495848655700684e-01,1.919999957084655762e+00,-5.951661244034767151e-02,-1.858459711074829102e-01
-7.193875312805175781e-02,-3.153531849384307861e-01,2.804262936115264893e-01,2.721433341503143311e-01,-1.010330095887184143e-01,9.425288438796997070e-01,1.654381155967712402e-01,-1.039999961853027344e+00,-5.187807604670524597e-02,-3.122060894966125488e-01,1.919999957084655762e+00,-3.858586847782135010e-01,-4.530645608901977539e-01,2.143055349588394165e-01,2.245739102363586426e-02,3.304749429225921631e-01,1.919999957084655762e+00,-6.031456962227821350e-02,-1.841152161359786987e-01
-7.184221595525741577e-02,-3.154722154140472412e-01,2.803120315074920654e-01,2.719500064849853516e-01,-1.014021262526512146e-01,9.426489472389221191e-01,1.648446470499038696e-01,-1.039999961853027344e+00,-5.286910757422447205e-02,-3.133229911327362061e-01,1.919999957084655762e+00,-3.849256038665771484e-01,-4.530647099018096924e-01,2.137417644262313843e-01,2.118947170674800873e-02,3.298675715923309326e-01,1.919999957084655762e+00,-5.652360245585441589e-02,-1.810126155614852905e-01
