2.274332523345947266e+00,-2.142036676406860352e+00,5.493730902671813965e-01,1.775671914219856262e-02,2.685211226344108582e-02,9.350422620773315430e-01,3.530716598033905029e-01,-9.824012964963912964e-02,-3.203167393803596497e-02,-3.963185250759124756e-01,3.159080445766448975e-01,-2.308817021548748016e-02,-6.787817925214767456e-02,-1.265812367200851440e-01,-1.765542626380920410e-01,2.873948812484741211e-01,1.616930812597274780e-01,-1.943591386079788208e-01,1.609909683465957642e-01
2.275760173797607422e+00,-2.137545108795166016e+00,5.480201840400695801e-01,2.150457724928855896e-02,1.724688336253166199e-02,9.452451467514038086e-01,3.251948356628417969e-01,-1.756275147199630737e-01,-8.520538359880447388e-02,-3.621342778205871582e-01,4.210765063762664795e-01,-8.435973525047302246e-02,-4.931885376572608948e-02,-1.677771806716918945e-01,-1.446598321199417114e-01,2.497190684080123901e-01,2.608198225498199463e-01,-2.257240861654281616e-01,1.360467374324798584e-01
2.274447917938232422e+00,-2.138778686523437500e+00,5.480254292488098145e-01,1.972254738211631775e-02,2.317741513252258301e-02,9.465109705924987793e-01,3.212333321571350098e-01,-2.199443280696868896e-01,-8.239315450191497803e-02,-3.431613743305206299e-01,4.204617738723754883e-01,-6.456841528415679932e-02,-6.022371351718902588e-02,-1.784992814064025879e-01,-1.603706777095794678e-01,2.245447635650634766e-01,2.640675306320190430e-01,-2.204028367996215820e-01,1.450285762548446655e-01
2.273153543472290039e+00,-2.139667034149169922e+00,5.476001501083374023e-01,1.792305707931518555e-02,2.634605392813682556e-02,9.449992775917053223e-01,3.255165517330169678e-01,-2.157736867666244507e-01,-8.334723114967346191e-02,-3.539020717144012451e-01,4.297369718551635742e-01,-6.764701753854751587e-02,-6.359379738569259644e-02,-1.850998848676681519e-01,-1.658781468868255615e-01,2.349034547805786133e-01,2.714883089065551758e-01,-2.322372347116470337e-01,1.548747867345809937e-01
2.269523382186889648e+00,-2.139245986938476562e+00,5.474879741668701172e-01,1.554201822727918625e-02,2.683492749929428101e-02,9.473371505737304688e-01,3.187328875064849854e-01,-2.328552305698394775e-01,-8.720113337039947510e-02,-3.399863243103027344e-01,4.416579902172088623e-01,-6.390140205621719360e-02,-6.695082783699035645e-02,-1.895517855882644653e-01,-1.708999127149581909e-01,2.212745100259780884e-01,2.786701619625091553e-01,-2.413534969091415405e-01,1.612247824668884277e-01
2.267060518264770508e+00,-2.138777017593383789e+00,5.474190115928649902e-01,1.561412494629621506e-02,2.634289488196372986e-02,9.478535652160644531e-01,3.172315657138824463e-01,-2.302228659391403198e-01,-8.567475527524948120e-02,-3.391364216804504395e-01,4.390958845615386963e-01,-6.789542734622955322e-02,-6.672486662864685059e-02,-1.865030080080032349e-01,-1.713758260011672974e-01,2.276314347982406616e-01,2.854519188404083252e-01,-2.544673979282379150e-01,1.611413359642028809e-01
2.265014171600341797e+00,-2.138346672058105469e+00,5.476425290107727051e-01,1.545434724539518356e-02,2.414038032293319702e-02,9.488422870635986328e-01,3.144466876983642578e-01,-2.424458414316177368e-01,-8.968771249055862427e-02,-3.443888723850250244e-01,4.392295181751251221e-01,-7.544795423746109009e-02,-6.820058077573776245e-02,-1.900997906923294067e-01,-1.677731871604919434e-01,2.250892370939254761e-01,3.020377159118652344e-01,-2.649076879024505615e-01,1.629477739334106445e-01
2.261001110076904297e+00,-2.137699127197265625e+00,5.470945835113525391e-01,1.551202125847339630e-02,2.465020492672920227e-02,9.512154459953308105e-01,3.071497380733489990e-01,-2.395082861185073853e-01,-8.514619618654251099e-02,-3.392798900604248047e-01,4.551145732402801514e-01,-8.196918666362762451e-02,-7.215447723865509033e-02,-1.911379247903823853e-01,-1.742513030767440796e-01,2.180928438901901245e-01,3.162204325199127197e-01,-2.824342250823974609e-01,1.676041483879089355e-01
2.257551193237304688e+00,-2.137601375579833984e+00,5.474736690521240234e-01,1.502248272299766541e-02,2.217571623623371124e-02,9.505138397216796875e-01,3.095254600048065186e-01,-2.425894141197204590e-01,-8.732924610376358032e-02,-3.402760624885559082e-01,4.476616084575653076e-01,-8.325661718845367432e-02,-7.190912961959838867e-02,-1.870807707309722900e-01,-1.729331016540527344e-01,2.127387523651123047e-01,3.229862749576568604e-01,-2.894152402877807617e-01,1.699577122926712036e-01
2.252224922180175781e+00,-2.138006925582885742e+00,5.473510026931762695e-01,1.423890423029661179e-02,2.178482711315155029e-02,9.515810608863830566e-01,3.062943220138549805e-01,-2.555278241634368896e-01,-7.803257554769515991e-02,-3.146007061004638672e-01,4.528430998325347900e-01,-7.462354004383087158e-02,-7.584940642118453979e-02,-1.844142526388168335e-01,-1.832190006971359253e-01,1.899985373020172119e-01,3.243985772132873535e-01,-2.870616018772125244e-01,1.770734488964080811e-01
2.244019746780395508e+00,-2.139953136444091797e+00,5.456665158271789551e-01,1.331285666674375534e-02,2.824996225535869598e-02,9.494066238403320312e-01,3.124928474426269531e-01,-2.927482426166534424e-01,-6.647285819053649902e-02,-2.610583901405334473e-01,4.818377196788787842e-01,-4.887162148952484131e-02,-7.908461987972259521e-02,-1.715103834867477417e-01,-2.111179083585739136e-01,1.737322360277175903e-01,3.103499710559844971e-01,-2.976433634757995605e-01,1.978144496679306030e-01
2.239144325256347656e+00,-2.137880325317382812e+00,5.453982353210449219e-01,1.383296772837638855e-02,2.462443709373474121e-02,9.513146877288818359e-01,3.069245219230651855e-01,-2.855804562568664551e-01,-6.509424746036529541e-02,-2.543085515499114990e-01,4.883306324481964111e-01,-5.434570088982582092e-02,-7.883407175540924072e-02,-1.661486923694610596e-01,-2.115627229213714600e-01,1.486204564571380615e-01,3.222395181655883789e-01,-3.027307689189910889e-01,2.005695849657058716e-01
2.236400604248046875e+00,-2.138689994812011719e+00,5.446361899375915527e-01,8.937647566199302673e-03,2.353002503514289856e-02,9.507533907890319824e-01,3.089246749877929688e-01,-2.979010939598083496e-01,-6.927740573883056641e-02,-2.560726404190063477e-01,5.004503726959228516e-01,-5.875110626220703125e-02,-8.179564028978347778e-02,-1.844603419303894043e-01,-2.108602225780487061e-01,1.460227519273757935e-01,3.464531302452087402e-01,-3.115870356559753418e-01,2.029516100883483887e-01
2.232629537582397461e+00,-2.139000654220581055e+00,5.435355901718139648e-01,6.062861997634172440e-03,2.575667947530746460e-02,9.476237297058105469e-01,3.182909786701202393e-01,-3.005302846431732178e-01,-6.630699336528778076e-02,-2.669581472873687744e-01,5.070925951004028320e-01,-6.456936895847320557e-02,-8.589778840541839600e-02,-1.880766898393630981e-01,-2.164049893617630005e-01,1.499464362859725952e-01,3.547588884830474854e-01,-3.211101591587066650e-01,2.067849487066268921e-01
2.228456020355224609e+00,-2.138144493103027344e+00,5.423304438591003418e-01,3.952043130993843079e-03,2.678966335952281952e-02,9.470034241676330566e-01,3.200799822807312012e-01,-2.946051061153411865e-01,-5.894363671541213989e-02,-2.703049480915069580e-01,4.993669092655181885e-01,-6.772051751613616943e-02,-8.921705931425094604e-02,-1.873821318149566650e-01,-2.224162667989730835e-01,1.416699886322021484e-01,3.572921752929687500e-01,-3.212130665779113770e-01,2.103953808546066284e-01
2.223371267318725586e+00,-2.136761903762817383e+00,5.415976047515869141e-01,-2.823575399816036224e-03,2.685266546905040741e-02,9.444257020950317383e-01,3.276141583919525146e-01,-2.893218696117401123e-01,-5.683215335011482239e-02,-2.792914807796478271e-01,4.874573051929473877e-01,-6.674414873123168945e-02,-9.031964838504791260e-02,-1.860633343458175659e-01,-2.216763943433761597e-01,1.464049518108367920e-01,3.457481265068054199e-01,-3.104349374771118164e-01,2.036458253860473633e-01
2.216325759887695312e+00,-2.134358644485473633e+00,5.409036278724670410e-01,-8.836981840431690216e-03,2.644939348101615906e-02,9.440400004386901855e-01,3.286499083042144775e-01,-2.887936532497406006e-01,-4.691308364272117615e-02,-2.636633217334747314e-01,4.650112092494964600e-01,-4.958385974168777466e-02,-8.774846047163009644e-02,-1.763144135475158691e-01,-2.279162406921386719e-01,1.001866087317466736e-01,3.241619765758514404e-01,-2.717813551425933838e-01,2.012263238430023193e-01
2.211269617080688477e+00,-2.134340524673461914e+00,5.405642986297607422e-01,-2.048361115157604218e-02,2.914125472307205200e-02,9.373395442962646484e-01,3.465917110443115234e-01,-2.922059893608093262e-01,-3.372334316372871399e-02,-2.271287739276885986e-01,4.703509509563446045e-01,-3.229871392250061035e-02,-9.294707328081130981e-02,-1.866585761308670044e-01,-2.519814074039459229e-01,-5.380158778280019760e-03,2.981489896774291992e-01,-2.268689572811126709e-01,2.158848643302917480e-01
2.201818466186523438e+00,-2.131721735000610352e+00,5.435623526573181152e-01,-1.781596988439559937e-02,1.666084490716457367e-02,9.448671936988830566e-01,3.265440464019775391e-01,-4.029116630554199219e-01,5.423762835562229156e-03,-2.597572207450866699e-01,5.332757234573364258e-01,-1.360645741224288940e-01,-1.204560101032257080e-01,-1.526578068733215332e-01,-2.404360622167587280e-01,-4.045251011848449707e-02,2.938462197780609131e-01,-2.374522089958190918e-01,2.159948348999023438e-01
2.195869684219360352e+00,-2.130464315414428711e+00,5.444065332412719727e-01,-1.122478302568197250e-02,-1.000817213207483292e-02,9.405828118324279785e-01,3.392311632633209229e-01,-5.498330593109130859e-01,1.589632630348205566e-01,-9.495350718498229980e-02,3.970151841640472412e-01,-1.352963298559188843e-01,-1.260784417390823364e-01,-7.625415921211242676e-02,-2.599999904632568359e-01,-4.740442633628845215e-01,2.605345845222473145e-01,-8.328557759523391724e-02,2.280133813619613647e-01
2.176478385925292969e+00,-2.115802764892578125e+00,5.426889657974243164e-01,1.373225264251232147e-02,-2.148670319002121687e-04,9.645884037017822266e-01,2.634020447731018066e-01,-5.687122941017150879e-01,2.969105727970600128e-02,-2.828864455223083496e-01,5.414174795150756836e-01,-2.986595630645751953e-01,-1.416107565164566040e-01,-6.174871232360601425e-03,-2.396677732467651367e-01,-2.031053006649017334e-01,2.746388316154479980e-01,-2.238436788320541382e-01,2.023385614156723022e-01
2.166539669036865234e+00,-2.109347820281982422e+00,5.423125028610229492e-01,2.192771621048450470e-02,7.986285723745822906e-03,9.713002443313598633e-01,2.367090731859207153e-01,-6.143352389335632324e-01,-2.765696868300437927e-02,-3.236234784126281738e-01,5.550114512443542480e-01,-2.581935226917266846e-01,-1.146132797002792358e-01,2.365204878151416779e-02,-2.387412339448928833e-01,-8.232103288173675537e-02,2.726505994796752930e-01,-3.018598556518554688e-01,1.839221715927124023e-01
2.153870344161987305e+00,-2.099093675613403320e+00,5.401301980018615723e-01,2.512112073600292206e-02,1.095071714371442795e-02,9.748736023902893066e-01,2.210666984319686890e-01,-6.380354166030883789e-01,-3.668408468365669250e-02,-2.855741679668426514e-01,5.125868320465087891e-01,-2.423441112041473389e-01,-6.597898900508880615e-02,7.228732854127883911e-02,-2.363333553075790405e-01,-1.106710955500602722e-01,2.542175054550170898e-01,-3.400068581104278564e-01,1.747820526361465454e-01
2.145292520523071289e+00,-2.091152191162109375e+00,5.366801619529724121e-01,1.557543966919183731e-02,1.711386628448963165e-02,9.747464060783386230e-01,2.221125513315200806e-01,-6.980252861976623535e-01,-4.563075676560401917e-02,-3.142897784709930420e-01,4.875262081623077393e-01,-2.400896698236465454e-01,-9.429349750280380249e-02,6.668057292699813843e-02,-2.383012026548385620e-01,-1.137750297784805298e-01,2.636143565177917480e-01,-3.668676912784576416e-01,1.785467267036437988e-01
2.132354974746704102e+00,-2.081994533538818359e+00,5.344778895378112793e-01,1.199133880436420441e-02,1.724004559218883514e-02,9.768686294555664062e-01,2.128065973520278931e-01,-7.146767973899841309e-01,-3.819080814719200134e-02,-2.405574023723602295e-01,4.467829763889312744e-01,-2.235883325338363647e-01,-7.934208959341049194e-02,8.121412247419357300e-02,-2.291420251131057739e-01,-1.204346343874931335e-01,2.828019559383392334e-01,-3.972788751125335693e-01,1.816509068012237549e-01
2.117402076721191406e+00,-2.069674253463745117e+00,5.313324928283691406e-01,1.438693795353174210e-02,1.679864525794982910e-02,9.791707992553710938e-01,2.018299102783203125e-01,-7.204251885414123535e-01,-4.903403669595718384e-02,-2.480418682098388672e-01,4.684815108776092529e-01,-2.341336160898208618e-01,-7.675904035568237305e-02,1.157460361719131470e-01,-2.167048752307891846e-01,-1.420396566390991211e-01,2.977900207042694092e-01,-4.001842737197875977e-01,1.655872315168380737e-01
2.102297306060791016e+00,-2.058413743972778320e+00,5.278615951538085938e-01,1.135078817605972290e-02,1.991587504744529724e-02,9.789450168609619141e-01,2.028327584266662598e-01,-7.328392863273620605e-01,-4.405916854739189148e-02,-2.244625091552734375e-01,4.902186989784240723e-01,-2.287367284297943115e-01,-9.345400333404541016e-02,1.324680447578430176e-01,-2.186297923326492310e-01,-1.902434974908828735e-01,3.155392408370971680e-01,-3.850690722465515137e-01,1.667152494192123413e-01
2.085983991622924805e+00,-2.044588804244995117e+00,5.239852070808410645e-01,9.498757310211658478e-03,2.386486344039440155e-02,9.807068705558776855e-01,1.937892138957977295e-01,-7.289003133773803711e-01,-5.216863378882408142e-02,-2.211914658546447754e-01,5.344579219818115234e-01,-2.152868956327438354e-01,-9.193209558725357056e-02,1.457021683454513550e-01,-2.156068086624145508e-01,-2.213231027126312256e-01,3.486151993274688721e-01,-3.688222169876098633e-01,1.493459790945053101e-01
2.066622495651245117e+00,-2.030617713928222656e+00,5.213301181793212891e-01,4.365385975688695908e-03,2.631572075188159943e-02,9.794063568115234375e-01,2.001290917396545410e-01,-7.297954559326171875e-01,-4.865192621946334839e-02,-2.267977446317672729e-01,5.824012756347656250e-01,-1.959218829870223999e-01,-1.054092422127723694e-01,1.693231016397476196e-01,-2.109233289957046509e-01,-2.054723501205444336e-01,3.677422404289245605e-01,-3.357175886631011963e-01,1.376267671585083008e-01
2.049035072326660156e+00,-2.013779163360595703e+00,5.197831988334655762e-01,-4.430817905813455582e-03,2.219078317284584045e-02,9.785356521606445312e-01,2.048314958810806274e-01,-7.238828539848327637e-01,-1.793773472309112549e-02,-2.232798933982849121e-01,6.161005496978759766e-01,-1.959329545497894287e-01,-1.065973564982414246e-01,1.669222861528396606e-01,-1.891878694295883179e-01,-1.944699585437774658e-01,4.132489860057830811e-01,-2.689652442932128906e-01,1.072006374597549438e-01
2.029656171798706055e+00,-1.996752023696899414e+00,5.212372541427612305e-01,-4.727738443762063980e-03,5.740000400692224503e-03,9.793894886970520020e-01,2.018437534570693970e-01,-6.551904678344726562e-01,2.389308623969554901e-02,-2.453649789094924927e-01,6.071298122406005859e-01,-2.089355140924453735e-01,-1.382644772529602051e-01,1.732462048530578613e-01,-1.466226875782012939e-01,-1.863288283348083496e-01,4.723850190639495850e-01,-1.518038958311080933e-01,6.405866891145706177e-02
2.012408256530761719e+00,-1.979962110519409180e+00,5.238760709762573242e-01,-1.351821888238191605e-02,-1.124869473278522491e-02,9.788725376129150391e-01,2.037136852741241455e-01,-6.011068820953369141e-01,9.198272228240966797e-02,-2.355125695466995239e-01,5.654739737510681152e-01,-2.246508896350860596e-01,-1.672227233648300171e-01,1.387200355529785156e-01,-1.056456863880157471e-01,-1.746799945831298828e-01,5.533525347709655762e-01,9.605218656361103058e-03,1.991672068834304810e-02
1.996180772781372070e+00,-1.963740944862365723e+00,5.264284610748291016e-01,-2.031128853559494019e-02,-1.678971387445926666e-02,9.769678711891174316e-01,2.117529809474945068e-01,-5.608936548233032227e-01,1.307463794946670532e-01,-2.316693812608718872e-01,5.481572151184082031e-01,-2.491635233163833618e-01,-1.935520470142364502e-01,7.345832139253616333e-02,-6.962471455335617065e-02,-9.409458190202713013e-02,6.548712849617004395e-01,1.502250880002975464e-01,4.853506386280059814e-02
1.979465365409851074e+00,-1.948454260826110840e+00,5.319573283195495605e-01,-1.518808025866746902e-02,-1.101339794695377350e-02,9.721991419792175293e-01,2.334027737379074097e-01,-5.026876330375671387e-01,1.584100425243377686e-01,-1.764109730720520020e-01,5.297407507896423340e-01,-2.855313420295715332e-01,-2.108101248741149902e-01,-1.291653793305158615e-02,-7.435198873281478882e-02,-1.452547404915094376e-02,7.822360396385192871e-01,6.604352593421936035e-02,5.059981718659400940e-02
1.963272333145141602e+00,-1.934410214424133301e+00,5.376185774803161621e-01,-8.120113983750343323e-03,-5.221727304160594940e-03,9.686369895935058594e-01,2.482924610376358032e-01,-4.392767250537872314e-01,1.696086227893829346e-01,-1.343577504158020020e-01,5.113366246223449707e-01,-3.164785802364349365e-01,-2.094202339649200439e-01,-1.167778819799423218e-01,-4.484204202890396118e-02,8.798708021640777588e-02,8.891516923904418945e-01,-9.687747806310653687e-03,1.123703196644783020e-01
1.947010517120361328e+00,-1.919210076332092285e+00,5.422889590263366699e-01,-4.923860076814889908e-03,-6.318123079836368561e-03,9.636505246162414551e-01,2.670459151268005371e-01,-3.671507835388183594e-01,1.980039775371551514e-01,-8.561780303716659546e-02,4.668351113796234131e-01,-3.352955281734466553e-01,-2.145777493715286255e-01,-1.967534869909286499e-01,-6.729403045028448105e-03,1.859239637851715088e-01,9.097295999526977539e-01,-2.138189412653446198e-02,1.319971680641174316e-01
1.930498838424682617e+00,-1.904231429100036621e+00,5.469979047775268555e-01,3.353285836055874825e-03,-2.251507481560111046e-03,9.564283490180969238e-01,2.919391393661499023e-01,-2.851909399032592773e-01,2.125795185565948486e-01,-1.677906513214111328e-02,4.247055947780609131e-01,-3.361892104148864746e-01,-1.984393447637557983e-01,-2.762754261493682861e-01,-2.001824416220188141e-02,2.160506546497344971e-01,8.899267315864562988e-01,-1.104806959629058838e-01,1.266975253820419312e-01
1.912702798843383789e+00,-1.889248609542846680e+00,5.493301749229431152e-01,8.900413289666175842e-03,-1.423665089532732964e-03,9.479358792304992676e-01,3.183336555957794189e-01,-1.996676474809646606e-01,2.117173820734024048e-01,-3.934426605701446533e-02,3.711635768413543701e-01,-3.361191749572753906e-01,-1.659556925296783447e-01,-3.374106287956237793e-01,-2.476593665778636932e-02,2.544693946838378906e-01,8.075986504554748535e-01,-1.558363735675811768e-01,1.272573173046112061e-01
1.895121693611145020e+00,-1.875153899192810059e+00,5.505369901657104492e-01,1.118939556181430817e-02,-2.751520834863185883e-03,9.420739412307739258e-01,3.352073132991790771e-01,-1.282043606042861938e-01,2.233428657054901123e-01,3.750324249267578125e-02,3.174391388893127441e-01,-3.250567018985748291e-01,-1.669088602066040039e-01,-4.081114232540130615e-01,-2.243892662227153778e-02,2.725484073162078857e-01,7.162213921546936035e-01,-1.834143251180648804e-01,1.215766966342926025e-01
1.877325654029846191e+00,-1.862074255943298340e+00,5.494416952133178711e-01,1.148845255374908447e-02,-4.746933467686176300e-03,9.362885355949401855e-01,3.510117232799530029e-01,-6.469920277595520020e-02,2.264806181192398071e-01,7.379742711782455444e-02,2.787391245365142822e-01,-3.198119699954986572e-01,-1.564068049192428589e-01,-4.736783206462860107e-01,-1.967231743037700653e-02,2.835598886013031006e-01,6.049668192863464355e-01,-1.906668245792388916e-01,1.158123612403869629e-01
1.858761548995971680e+00,-1.848764419555664062e+00,5.470431447029113770e-01,1.090277545154094696e-02,-5.318036302924156189e-03,9.311947822570800781e-01,3.643200695514678955e-01,-8.853797800838947296e-03,2.243575751781463623e-01,1.099552661180496216e-01,2.517159581184387207e-01,-3.198069632053375244e-01,-1.450155824422836304e-01,-5.277507305145263672e-01,-2.190398611128330231e-02,2.848126888275146484e-01,4.738120734691619873e-01,-1.897760629653930664e-01,1.095186546444892883e-01
1.839822769165039062e+00,-1.834053635597229004e+00,5.442829728126525879e-01,1.438962761312723160e-02,-6.602799985557794571e-03,9.278151988983154297e-01,3.727040588855743408e-01,6.275964528322219849e-02,2.193717807531356812e-01,1.239753365516662598e-01,2.247900217771530151e-01,-3.241021633148193359e-01,-1.340587437152862549e-01,-5.609454512596130371e-01,-2.889685146510601044e-02,2.743973135948181152e-01,3.441301286220550537e-01,-1.832656115293502808e-01,9.589719772338867188e-02
1.819961309432983398e+00,-1.819528222084045410e+00,5.410069227218627930e-01,1.846316270530223846e-02,8.988964691525325179e-05,9.252033829689025879e-01,3.790222108364105225e-01,1.048568412661552429e-01,1.986784338951110840e-01,1.226845830678939819e-01,2.490422129631042480e-01,-3.344108164310455322e-01,-9.888669848442077637e-02,-5.825516581535339355e-01,-5.258554965257644653e-02,2.630376517772674561e-01,2.382368743419647217e-01,-1.940943002700805664e-01,9.654968976974487305e-02
1.798697471618652344e+00,-1.804053306579589844e+00,5.363339781761169434e-01,1.621581427752971649e-02,3.344961442053318024e-03,9.227182865142822266e-01,3.851192593574523926e-01,1.337956488132476807e-01,1.848329454660415649e-01,1.234137117862701416e-01,2.776624262332916260e-01,-3.388928472995758057e-01,-8.946985751390457153e-02,-6.172450780868530273e-01,-5.445924028754234314e-02,2.757144570350646973e-01,2.346087843179702759e-01,-2.154497951269149780e-01,9.146970510482788086e-02
1.775851964950561523e+00,-1.787835597991943359e+00,5.313264131546020508e-01,1.112234964966773987e-02,4.087260458618402481e-03,9.201505184173583984e-01,3.913854956626892090e-01,1.516342014074325562e-01,1.810698062181472778e-01,1.380127072334289551e-01,3.231457471847534180e-01,-3.363380134105682373e-01,-7.784487307071685791e-02,-6.412307620048522949e-01,-4.215048626065254211e-02,3.078744113445281982e-01,3.080745041370391846e-01,-2.308318167924880981e-01,1.061870828270912170e-01
1.750473380088806152e+00,-1.770062446594238281e+00,5.264769196510314941e-01,8.133159019052982330e-03,6.638932041823863983e-03,9.160651564598083496e-01,4.008920192718505859e-01,1.787047684192657471e-01,1.694875210523605347e-01,1.600611358880996704e-01,3.566841185092926025e-01,-2.663923799991607666e-01,-3.759925812482833862e-02,-6.345921754837036133e-01,-3.366200253367424011e-02,3.460715711116790771e-01,3.862232565879821777e-01,-2.100684046745300293e-01,1.204608678817749023e-01
1.723698496818542480e+00,-1.752524018287658691e+00,5.241509079933166504e-01,1.755792531184852123e-03,2.321522310376167297e-02,9.137521386146545410e-01,4.056044518947601318e-01,1.644965410232543945e-01,1.328208148479461670e-01,1.648746728897094727e-01,4.237739145755767822e-01,-1.379516720771789551e-01,3.738189814612269402e-03,-6.267668604850769043e-01,-5.025035887956619263e-02,3.794847130775451660e-01,4.174523353576660156e-01,-1.538062244653701782e-01,1.516261994838714600e-01
1.696732759475708008e+00,-1.734874367713928223e+00,5.224655866622924805e-01,-2.489456441253423691e-03,4.784747958183288574e-02,9.140725135803222656e-01,4.027106165885925293e-01,1.350082010030746460e-01,8.131918311119079590e-02,1.310013234615325928e-01,4.955402016639709473e-01,7.434587925672531128e-02,5.315375328063964844e-02,-6.110778450965881348e-01,-1.072396561503410339e-01,3.900486528873443604e-01,4.369121193885803223e-01,-1.387174725532531738e-01,1.726368814706802368e-01
1.670575261116027832e+00,-1.718495368957519531e+00,5.232391953468322754e-01,-2.886687405407428741e-03,6.172318756580352783e-02,9.182478189468383789e-01,3.911557793617248535e-01,9.215534478425979614e-02,4.463419318199157715e-02,8.193157613277435303e-02,6.030443906784057617e-01,2.601129710674285889e-01,5.807088315486907959e-02,-5.823312401771545410e-01,-1.634912192821502686e-01,3.710305988788604736e-01,4.543094336986541748e-01,-1.564496457576751709e-01,2.187956571578979492e-01
1.644460916519165039e+00,-1.704202413558959961e+00,5.291429758071899414e-01,-8.364401757717132568e-03,5.769291520118713379e-02,9.241986870765686035e-01,3.774366378784179688e-01,2.164128236472606659e-03,-1.431565172970294952e-02,-5.387071147561073303e-02,7.360088825225830078e-01,2.934324741363525391e-01,-1.065757009200751781e-03,-5.337450504302978516e-01,-1.906032562255859375e-01,3.306461572647094727e-01,4.506618380546569824e-01,-1.916934549808502197e-01,2.453948259353637695e-01
1.618537425994873047e+00,-1.688456535339355469e+00,5.368875861167907715e-01,-5.062971729785203934e-03,4.174656793475151062e-02,9.344483613967895508e-01,3.536069691181182861e-01,-8.083353936672210693e-02,-3.541196882724761963e-02,-1.632025092840194702e-01,8.387249708175659180e-01,2.042269706726074219e-01,-7.288011163473129272e-02,-4.518873989582061768e-01,-2.042072564363479614e-01,2.668623328208923340e-01,4.378798902034759521e-01,-2.154476791620254517e-01,2.495798170566558838e-01
1.592380762100219727e+00,-1.672779798507690430e+00,5.437522530555725098e-01,5.406045602285303175e-05,2.725967951118946075e-02,9.441523551940917969e-01,3.283796608448028564e-01,-1.701489388942718506e-01,-5.943292006850242615e-02,-2.497367858886718750e-01,8.989049196243286133e-01,9.329793602228164673e-02,-1.277271658182144165e-01,-3.631135523319244385e-01,-2.157405167818069458e-01,2.001842111349105835e-01,4.167256653308868408e-01,-2.377139329910278320e-01,2.471956312656402588e-01
1.567508697509765625e+00,-1.656718730926513672e+00,5.487260222434997559e-01,4.361474420875310898e-03,2.046672999858856201e-02,9.533963799476623535e-01,3.009940683841705322e-01,-2.555492520332336426e-01,-5.271296203136444092e-02,-2.886074781417846680e-01,8.825857043266296387e-01,2.301343902945518494e-02,-1.278219372034072876e-01,-2.718420028686523438e-01,-2.297592610120773315e-01,1.414696276187896729e-01,3.724418878555297852e-01,-2.403780668973922729e-01,2.347042709589004517e-01
1.543714046478271484e+00,-1.640584707260131836e+00,5.533063411712646484e-01,7.555368822067975998e-03,1.618231460452079773e-02,9.609433412551879883e-01,2.761684060096740723e-01,-3.509720563888549805e-01,-3.468085825443267822e-02,-2.923361659049987793e-01,8.279491662979125977e-01,-7.021348923444747925e-02,-1.221960708498954773e-01,-1.789870709180831909e-01,-2.363378256559371948e-01,8.924493193626403809e-02,3.185234069824218750e-01,-2.434173226356506348e-01,2.183179408311843872e-01
1.519640922546386719e+00,-1.624248027801513672e+00,5.552503466606140137e-01,1.513284072279930115e-02,1.214566640555858612e-02,9.702145457267761230e-01,2.414688616991043091e-01,-4.068953394889831543e-01,-3.963194042444229126e-02,-3.236981928348541260e-01,7.333661317825317383e-01,-1.309776604175567627e-01,-9.377741068601608276e-02,-8.495513349771499634e-02,-2.394223362207412720e-01,1.613865792751312256e-02,2.743870317935943604e-01,-2.439404726028442383e-01,1.885714530944824219e-01
1.497105956077575684e+00,-1.607900261878967285e+00,5.545680522918701172e-01,1.251399703323841095e-02,1.549115311354398727e-02,9.743817448616027832e-01,2.240170091390609741e-01,-5.031012892723083496e-01,-3.900052979588508606e-02,-3.060808777809143066e-01,6.307543516159057617e-01,-1.772536039352416992e-01,-5.993325635790824890e-02,-1.889073848724365234e-02,-2.396134138107299805e-01,-3.159286454319953918e-02,2.364350110292434692e-01,-2.503645420074462891e-01,1.612662225961685181e-01
1.473071575164794922e+00,-1.590576171875000000e+00,5.521764755249023438e-01,1.603817753493785858e-02,1.799172908067703247e-02,9.793917536735534668e-01,2.005264461040496826e-01,-5.528711080551147461e-01,-5.247273668646812439e-02,-2.981449663639068604e-01,4.852080941200256348e-01,-1.687389314174652100e-01,-2.657892741262912750e-02,5.863763764500617981e-02,-2.333802878856658936e-01,-8.969538658857345581e-02,2.083628773689270020e-01,-2.651337385177612305e-01,1.455983221530914307e-01
1.448325872421264648e+00,-1.573350071907043457e+00,5.495820045471191406e-01,1.737033389508724213e-02,1.239087898284196854e-02,9.822161793708801270e-01,1.865371763706207275e-01,-5.965927243232727051e-01,-4.340331256389617920e-02,-2.759366929531097412e-01,3.441167175769805908e-01,-2.076852023601531982e-01,1.207834854722023010e-02,1.292909234762191772e-01,-2.064421176910400391e-01,-1.221794486045837402e-01,1.966025978326797485e-01,-2.888779342174530029e-01,1.214280724525451660e-01
1.424859642982482910e+00,-1.556641221046447754e+00,5.471047163009643555e-01,8.699612691998481750e-03,4.656612873077392578e-03,9.829667806625366211e-01,1.835181266069412231e-01,-6.527138948440551758e-01,-2.935374900698661804e-02,-2.680121660232543945e-01,2.560508549213409424e-01,-2.361857593059539795e-01,-2.624858543276786804e-02,1.701030135154724121e-01,-1.719397753477096558e-01,-1.245098859071731567e-01,2.002151608467102051e-01,-3.110120892524719238e-01,1.049431785941123962e-01
1.400121212005615234e+00,-1.538005471229553223e+00,5.415521860122680664e-01,6.920107640326023102e-03,5.797551013529300690e-03,9.845767617225646973e-01,1.747199743986129761e-01,-6.824414730072021484e-01,-4.251874238252639771e-02,-2.908038198947906494e-01,2.426413148641586304e-01,-2.559816539287567139e-01,-8.251323364675045013e-03,2.095405757427215576e-01,-1.551273614168167114e-01,-1.453186869621276855e-01,2.258849442005157471e-01,-3.204532563686370850e-01,8.872882276773452759e-02
1.373621344566345215e+00,-1.517263889312744141e+00,5.347337126731872559e-01,9.997580200433731079e-03,1.094413176178932190e-02,9.868782758712768555e-01,1.607840210199356079e-01,-6.957418322563171387e-01,-7.228232920169830322e-02,-3.205380737781524658e-01,3.393800556659698486e-01,-2.576668858528137207e-01,-2.911829948425292969e-02,2.476055622100830078e-01,-1.444037109613418579e-01,-1.900391429662704468e-01,2.681263685226440430e-01,-2.996100485324859619e-01,6.598688662052154541e-02
1.344635009765625000e+00,-1.493888497352600098e+00,5.276610851287841797e-01,1.022487599402666092e-02,1.675976254045963287e-02,9.897255897521972656e-01,1.416255533695220947e-01,-6.851884722709655762e-01,-1.007586419582366943e-01,-3.559311330318450928e-01,4.297091066837310791e-01,-1.639233976602554321e-01,-3.904615342617034912e-02,2.742645144462585449e-01,-1.302295029163360596e-01,-2.456178963184356689e-01,3.161395490169525146e-01,-2.245611995458602905e-01,2.825819142162799835e-02
1.316077351570129395e+00,-1.471235513687133789e+00,5.243241786956787109e-01,-5.122310016304254532e-03,1.102626975625753403e-02,9.903624653816223145e-01,1.379650831222534180e-01,-7.060918211936950684e-01,-8.795566856861114502e-02,-3.645929694175720215e-01,5.254604220390319824e-01,-1.203174889087677002e-01,-8.926400542259216309e-02,2.528865635395050049e-01,-9.727793186902999878e-02,-2.495083361864089966e-01,3.886274993419647217e-01,-1.065312102437019348e-01,1.137713901698589325e-03
1.287227392196655273e+00,-1.448092699050903320e+00,5.225154161453247070e-01,-1.395081635564565659e-02,-6.169969681650400162e-03,9.905918240547180176e-01,1.359970122575759888e-01,-6.707946658134460449e-01,-4.183949157595634460e-02,-4.052253067493438721e-01,5.700773000717163086e-01,-1.213819235563278198e-01,-1.279190480709075928e-01,2.394923567771911621e-01,-4.163853451609611511e-02,-2.169053256511688232e-01,4.647787511348724365e-01,7.695988565683364868e-02,-4.194218665361404419e-02
1.261349439620971680e+00,-1.425343275070190430e+00,5.243557095527648926e-01,-2.529898099601268768e-02,-1.566705293953418732e-02,9.889314174652099609e-01,1.453588455915451050e-01,-6.452003717422485352e-01,2.304863743484020233e-02,-3.900763392448425293e-01,5.921500921249389648e-01,-1.779687106609344482e-01,-1.869066208600997925e-01,1.826068013906478882e-01,2.634519478306174278e-03,-1.470075398683547974e-01,5.714378356933593750e-01,2.407469898462295532e-01,-3.216629102826118469e-02
1.236079812049865723e+00,-1.403470277786254883e+00,5.294092893600463867e-01,-2.858938649296760559e-02,-1.068308949470520020e-02,9.854918122291564941e-01,1.669563651084899902e-01,-6.006386280059814453e-01,6.424949318170547485e-02,-3.590987026691436768e-01,6.010764837265014648e-01,-2.356113940477371216e-01,-2.285547256469726562e-01,9.074530005455017090e-02,3.324377909302711487e-02,-1.355026196688413620e-02,7.257471084594726562e-01,2.434534877538681030e-01,1.868413202464580536e-02
1.209741830825805664e+00,-1.382021069526672363e+00,5.375742912292480469e-01,-1.994432695209980011e-02,8.707722881808876991e-04,9.798103570938110352e-01,1.989300400018692017e-01,-5.219929814338684082e-01,9.910821169614791870e-02,-2.917438149452209473e-01,5.832200646400451660e-01,-2.757090032100677490e-01,-2.279696017503738403e-01,-7.239370141178369522e-03,2.584530040621757507e-02,9.651172161102294922e-02,8.603184819221496582e-01,1.109090000391006470e-01,8.021961897611618042e-02
1.183606386184692383e+00,-1.360182404518127441e+00,5.456252098083496094e-01,-1.574104465544223785e-02,9.261725470423698425e-03,9.733561873435974121e-01,2.285697311162948608e-01,-4.279585778713226318e-01,1.333183199167251587e-01,-2.251050472259521484e-01,5.210994482040405273e-01,-2.787865102291107178e-01,-2.217394262552261353e-01,-1.115426272153854370e-01,1.003598701208829880e-02,1.680322140455245972e-01,9.186968803405761719e-01,4.425623267889022827e-02,1.129143759608268738e-01
1.157131314277648926e+00,-1.338223099708557129e+00,5.534433126449584961e-01,-7.972003892064094543e-03,1.230219565331935883e-02,9.654173851013183594e-01,2.602967619895935059e-01,-3.055230379104614258e-01,1.643800139427185059e-01,-1.600585877895355225e-01,4.294451475143432617e-01,-2.677724957466125488e-01,-2.102590948343276978e-01,-2.011180073022842407e-01,-7.796212099492549896e-03,2.202947735786437988e-01,9.131515622138977051e-01,-1.630483940243721008e-02,1.254715919494628906e-01
1.130239367485046387e+00,-1.317550063133239746e+00,5.591215491294860840e-01,-2.611217787489295006e-03,1.707191951572895050e-02,9.550141692161560059e-01,2.960568666458129883e-01,-1.951794624328613281e-01,1.790093183517456055e-01,-8.107505738735198975e-02,3.434410095214843750e-01,-2.359725534915924072e-01,-1.751691550016403198e-01,-2.891464233398437500e-01,-3.764782473444938660e-02,2.553740143775939941e-01,8.485535383224487305e-01,-7.553616166114807129e-02,1.383680850267410278e-01
1.103657484054565430e+00,-1.297762632369995117e+00,5.609885454177856445e-01,-2.801615046337246895e-03,1.730656437575817108e-02,9.452438950538635254e-01,3.258935809135437012e-01,-1.127764433622360229e-01,1.870079934597015381e-01,-1.587302796542644501e-02,2.928048968315124512e-01,-2.194246649742126465e-01,-1.321125179529190063e-01,-3.784454166889190674e-01,-3.777036815881729126e-02,2.998156845569610596e-01,7.587594985961914062e-01,-1.232015118002891541e-01,1.164180934429168701e-01
1.077511072158813477e+00,-1.279085278511047363e+00,5.607800483703613281e-01,-3.341028932482004166e-03,2.103471569716930389e-02,9.343855977058410645e-01,3.556261658668518066e-01,-4.027602076530456543e-02,1.796457767486572266e-01,4.937066882848739624e-02,2.552768886089324951e-01,-2.004978656768798828e-01,-9.459894150495529175e-02,-4.696830809116363525e-01,-4.299692437052726746e-02,3.118544518947601318e-01,6.399931311607360840e-01,-1.689243167638778687e-01,1.173350661993026733e-01
1.050876379013061523e+00,-1.259405851364135742e+00,5.575410127639770508e-01,-4.474285524338483810e-03,2.115262299776077271e-02,9.256854057312011719e-01,3.776759207248687744e-01,4.027297347784042358e-02,1.711959242820739746e-01,9.200744330883026123e-02,2.163904905319213867e-01,-2.047235369682312012e-01,-6.606441736221313477e-02,-5.574296712875366211e-01,-3.892851620912551880e-02,2.995955049991607666e-01,5.235118865966796875e-01,-1.966164857149124146e-01,9.676209837198257446e-02
1.025323748588562012e+00,-1.241885900497436523e+00,5.514108538627624512e-01,-8.174844086170196533e-03,2.327609062194824219e-02,9.185287952423095703e-01,3.945835828781127930e-01,8.624202013015747070e-02,1.575345546007156372e-01,1.318359375000000000e-01,2.275152951478958130e-01,-2.481950819492340088e-01,-5.143636837601661682e-02,-6.513178348541259766e-01,-3.613508865237236023e-02,2.617212533950805664e-01,4.083924591541290283e-01,-2.058554589748382568e-01,9.758452326059341431e-02
9.986520409584045410e-01,-1.222301959991455078e+00,5.420737266540527344e-01,-1.517553720623254776e-02,2.466251514852046967e-02,9.121686816215515137e-01,4.087906479835510254e-01,1.247604414820671082e-01,1.508078575134277344e-01,1.797469109296798706e-01,2.536056339740753174e-01,-3.059544861316680908e-01,-9.212840348482131958e-03,-7.564074993133544922e-01,-2.423708699643611908e-02,2.156285196542739868e-01,3.621177375316619873e-01,-2.161133289337158203e-01,8.281388878822326660e-02
9.701609611511230469e-01,-1.202543258666992188e+00,5.316618680953979492e-01,-1.395034883171319962e-02,2.443031407892704010e-02,9.071202874183654785e-01,4.199301898479461670e-01,1.735717654228210449e-01,1.371837258338928223e-01,2.218070775270462036e-01,2.976289093494415283e-01,-3.282145559787750244e-01,9.157472290098667145e-03,-8.231393694877624512e-01,-1.677440665662288666e-02,1.938554495573043823e-01,3.737265765666961670e-01,-2.263096570968627930e-01,9.452041983604431152e-02
9.394566416740417480e-01,-1.180814623832702637e+00,5.212679505348205566e-01,-1.405899226665496826e-02,2.820057608187198639e-02,8.992895483970642090e-01,4.362171590328216553e-01,2.205322384834289551e-01,1.105007380247116089e-01,2.639766335487365723e-01,3.287152349948883057e-01,-2.873608767986297607e-01,5.892602726817131042e-02,-8.541307449340820312e-01,9.240031358785927296e-04,2.372900694608688354e-01,4.406871795654296875e-01,-2.473524510860443115e-01,9.994745999574661255e-02
9.040877819061279297e-01,-1.156305313110351562e+00,5.106368660926818848e-01,-2.023898437619209290e-02,3.964302316308021545e-02,8.902367949485778809e-01,4.533180296421051025e-01,2.493385821580886841e-01,6.842790544033050537e-02,3.007508218288421631e-01,3.611301481723785400e-01,-1.673104614019393921e-01,1.141320317983627319e-01,-8.694311380386352539e-01,1.034802664071321487e-02,3.008372485637664795e-01,5.480728745460510254e-01,-2.121590375900268555e-01,1.080472618341445923e-01
8.674921393394470215e-01,-1.130851387977600098e+00,5.023289322853088379e-01,-2.798492833971977234e-02,6.780984997749328613e-02,8.829620480537414551e-01,4.636773169040679932e-01,2.242108285427093506e-01,5.778638180345296860e-03,3.070835769176483154e-01,4.418147206306457520e-01,7.281462848186492920e-02,1.318054944276809692e-01,-8.862419724464416504e-01,-1.124598085880279541e-02,3.620930016040802002e-01,6.507636904716491699e-01,-1.645986884832382202e-01,1.391814351081848145e-01
8.324239850044250488e-01,-1.105307102203369141e+00,4.967587292194366455e-01,-2.252237871289253235e-02,8.984216302633285522e-02,8.846908211708068848e-01,4.568842947483062744e-01,2.011235654354095459e-01,-4.138864204287528992e-02,2.595878541469573975e-01,5.644262433052062988e-01,3.587551414966583252e-01,1.298303604125976562e-01,-8.712723255157470703e-01,-8.306457847356796265e-02,3.823890984058380127e-01,7.258371114730834961e-01,-1.487285047769546509e-01,1.984201967716217041e-01
7.969942092895507812e-01,-1.081763505935668945e+00,4.971778690814971924e-01,-2.693217433989048004e-02,8.284755796194076538e-02,8.973594903945922852e-01,4.326162636280059814e-01,1.093808040022850037e-01,-1.068890616297721863e-01,3.175990283489227295e-02,7.687132358551025391e-01,4.957728087902069092e-01,1.239179284311830997e-03,-8.530257940292358398e-01,-1.335367113351821899e-01,3.397385179996490479e-01,8.125022649765014648e-01,-2.226199656724929810e-01,2.790980041027069092e-01
7.612003684043884277e-01,-1.059312582015991211e+00,5.032638311386108398e-01,-2.020497992634773254e-02,6.174279749393463135e-02,9.163284301757812500e-01,3.951225578784942627e-01,-4.343375936150550842e-02,-9.778245538473129272e-02,-9.267789125442504883e-02,1.049126386642456055e+00,3.627237379550933838e-01,-8.948341757059097290e-02,-7.819136977195739746e-01,-1.935074329376220703e-01,2.604980766773223877e-01,8.649282455444335938e-01,-2.897569835186004639e-01,3.162440657615661621e-01
7.291457653045654297e-01,-1.038753271102905273e+00,5.132780075073242188e-01,-2.262165211141109467e-02,3.711631894111633301e-02,9.289574027061462402e-01,3.676258325576782227e-01,-2.545025646686553955e-01,-9.878516197204589844e-02,-1.938210725784301758e-01,1.298112154006958008e+00,2.587838470935821533e-01,-1.430263370275497437e-01,-6.928185820579528809e-01,-2.091662436723709106e-01,1.894824951887130737e-01,8.767948150634765625e-01,-3.512818515300750732e-01,3.123713433742523193e-01
6.959930658340454102e-01,-1.022984862327575684e+00,5.272621512413024902e-01,-3.448134288191795349e-02,1.017293520271778107e-02,9.366238713264465332e-01,3.484870791435241699e-01,-4.712608158588409424e-01,-1.854980587959289551e-01,-3.068239390850067139e-01,1.502815723419189453e+00,1.941532045602798462e-01,-2.101067304611206055e-01,-6.028981804847717285e-01,-2.052882462739944458e-01,1.140778511762619019e-01,8.459047675132751465e-01,-3.769544363021850586e-01,2.905772924423217773e-01
6.636973023414611816e-01,-1.001362919807434082e+00,5.498671531677246094e-01,-3.521295636892318726e-02,-2.091310359537601471e-02,9.450888633728027344e-01,3.242372274398803711e-01,-6.187377572059631348e-01,-1.899801343679428101e-01,-3.855115473270416260e-01,1.584101557731628418e+00,1.490873396396636963e-01,-2.185695022344589233e-01,-4.367436468601226807e-01,-1.772053837776184082e-01,2.239313907921314240e-02,7.242069244384765625e-01,-3.370250165462493896e-01,2.368367910385131836e-01
6.348074078559875488e-01,-9.734995961189270020e-01,5.764194726943969727e-01,-2.519994415342807770e-02,-5.362911149859428406e-02,9.556106328964233398e-01,2.886126339435577393e-01,-7.144164443016052246e-01,-1.291286498308181763e-01,-4.654692411422729492e-01,1.585259199142456055e+00,1.132527291774749756e-01,-2.132605910301208496e-01,-2.508830428123474121e-01,-1.165360286831855774e-01,-6.591471284627914429e-02,5.703520774841308594e-01,-1.744311451911926270e-01,1.427893787622451782e-01
6.068660020828247070e-01,-9.459418654441833496e-01,6.019533276557922363e-01,-2.022772654891014099e-02,-8.977321535348892212e-02,9.632008671760559082e-01,2.525385916233062744e-01,-7.863196134567260742e-01,-6.324525177478790283e-02,-5.380313396453857422e-01,1.544280767440795898e+00,9.497582912445068359e-02,-2.036067694425582886e-01,-1.292717158794403076e-01,-1.664690114557743073e-02,-9.883443266153335571e-02,4.671060144901275635e-01,6.938660889863967896e-02,6.717506796121597290e-02
5.792303681373596191e-01,-9.190905690193176270e-01,6.231247186660766602e-01,-1.181972492486238480e-02,-1.245280802249908447e-01,9.670139551162719727e-01,2.218941450119018555e-01,-7.963843345642089844e-01,-2.893035486340522766e-02,-6.253072619438171387e-01,1.484597206115722656e+00,5.562317371368408203e-02,-1.455051749944686890e-01,-4.500934854149818420e-02,7.752982527017593384e-02,-1.047157421708106995e-01,4.153785109519958496e-01,3.129698336124420166e-01,6.557889282703399658e-03
5.516812801361083984e-01,-8.959019184112548828e-01,6.393273472785949707e-01,-5.282090976834297180e-03,-1.307436227798461914e-01,9.707412719726562500e-01,2.013444304466247559e-01,-8.420177698135375977e-01,-2.928002923727035522e-02,-6.422948241233825684e-01,1.456324577331542969e+00,2.106336131691932678e-02,-1.596058905124664307e-01,-1.759614795446395874e-02,8.433952182531356812e-02,-1.227371469140052795e-01,3.853172063827514648e-01,4.008089303970336914e-01,-1.783276535570621490e-02
5.214396715164184570e-01,-8.718978762626647949e-01,6.504396200180053711e-01,4.590896889567375183e-03,-1.317305862903594971e-01,9.718947410583496094e-01,1.950552612543106079e-01,-8.528943657875061035e-01,-9.099729359149932861e-03,-6.338208913803100586e-01,1.402148604393005371e+00,3.363924566656351089e-03,-1.647790521383285522e-01,8.172413334250450134e-03,4.989891126751899719e-02,-1.898983716964721680e-01,3.119564950466156006e-01,3.803960382938385010e-01,-5.645015090703964233e-02
4.923874139785766602e-01,-8.473088145256042480e-01,6.569034457206726074e-01,1.400063466280698776e-02,-1.213472709059715271e-01,9.751916527748107910e-01,1.846078336238861084e-01,-8.675611615180969238e-01,9.427770972251892090e-03,-5.980549454689025879e-01,1.339921116828918457e+00,-2.980322577059268951e-02,-1.691357642412185669e-01,4.362570587545633316e-03,2.307572960853576660e-02,-1.761293411254882812e-01,2.356048673391342163e-01,3.258672654628753662e-01,-4.385510459542274475e-02
4.628414213657379150e-01,-8.235878348350524902e-01,6.574608087539672852e-01,2.200815640389919281e-02,-1.049683839082717896e-01,9.797279834747314453e-01,1.692051440477371216e-01,-8.497878909111022949e-01,-9.594971779733896255e-04,-5.765792131423950195e-01,1.260998725891113281e+00,-5.231576412916183472e-02,-1.458766609430313110e-01,-1.402140688151121140e-02,-7.779116276651620865e-03,-1.067215725779533386e-01,1.810376644134521484e-01,2.573785483837127686e-01,-2.515810541808605194e-02
4.330244660377502441e-01,-7.999718785285949707e-01,6.505750417709350586e-01,2.579714730381965637e-02,-9.233243018388748169e-02,9.833360910415649414e-01,1.544646173715591431e-01,-8.291841745376586914e-01,-7.971514947712421417e-03,-5.622081160545349121e-01,1.160577535629272461e+00,-8.508344739675521851e-02,-1.302779018878936768e-01,-3.122698329389095306e-02,-3.016259521245956421e-02,-1.903724484145641327e-02,1.494884192943572998e-01,2.111884504556655884e-01,-2.353588864207267761e-02
4.029447734355926514e-01,-7.764500379562377930e-01,6.370394825935363770e-01,3.419002890586853027e-02,-8.261293917894363403e-02,9.856165051460266113e-01,1.434091925621032715e-01,-7.980726957321166992e-01,-1.853319583460688591e-03,-5.416783690452575684e-01,1.039011120796203613e+00,-1.080610677599906921e-01,-1.001587435603141785e-01,-2.734267339110374451e-02,-4.978126659989356995e-02,4.547660052776336670e-02,1.585955321788787842e-01,1.540640443563461304e-01,-1.921219192445278168e-02
3.732450604438781738e-01,-7.531753182411193848e-01,6.161625981330871582e-01,4.367940872907638550e-02,-8.209671825170516968e-02,9.859912395477294922e-01,1.384685486555099487e-01,-7.670612931251525879e-01,1.328906789422035217e-02,-5.293300151824951172e-01,9.132039546966552734e-01,-1.526396423578262329e-01,-8.589041233062744141e-02,-1.409710198640823364e-02,-5.080509558320045471e-02,7.781469076871871948e-02,2.117973119020462036e-01,1.229993179440498352e-01,-2.418562583625316620e-02
3.443435728549957275e-01,-7.301539778709411621e-01,5.918455123901367188e-01,5.600384995341300964e-02,-7.048311829566955566e-02,9.865279793739318848e-01,1.365951746702194214e-01,-7.556791305541992188e-01,1.587299443781375885e-02,-4.720746874809265137e-01,7.986038923263549805e-01,-1.961819380521774292e-01,-5.248587578535079956e-02,-5.626205354928970337e-03,-9.029993414878845215e-02,4.277683328837156296e-03,3.252368271350860596e-01,-1.080641755834221840e-03,1.975808478891849518e-02
3.157529830932617188e-01,-7.075756788253784180e-01,5.658789873123168945e-01,6.659878790378570557e-02,-4.548928886651992798e-02,9.874518513679504395e-01,1.357725560665130615e-01,-7.725687026977539062e-01,-2.242665365338325500e-02,-3.872278928756713867e-01,7.141710519790649414e-01,-2.305224835872650146e-01,-3.483256697654724121e-02,-1.381938718259334564e-02,-1.504553258419036865e-01,-6.321492791175842285e-02,5.509975552558898926e-01,-2.765049636363983154e-01,8.548665046691894531e-02
2.852075994014739990e-01,-6.853107213973999023e-01,5.432383418083190918e-01,8.200744539499282837e-02,-2.292060479521751404e-02,9.882406592369079590e-01,1.270032972097396851e-01,-7.774560451507568359e-01,-7.359003275632858276e-02,-3.047235012054443359e-01,6.432403922080993652e-01,-2.692756354808807373e-01,3.157578175887465477e-03,8.062528818845748901e-02,-1.890482753515243530e-01,-9.230694919824600220e-02,6.150667071342468262e-01,-5.153173804283142090e-01,1.423741877079010010e-01
2.563311457633972168e-01,-6.625854969024658203e-01,5.327615737915039062e-01,8.312940597534179688e-02,9.614762850105762482e-03,9.908021092414855957e-01,1.063400357961654663e-01,-7.971951365470886230e-01,-1.480000317096710205e-01,-2.213353812694549561e-01,5.751060843467712402e-01,-3.095424473285675049e-01,4.770708456635475159e-02,1.870668977499008179e-01,-2.079641669988632202e-01,-1.020750626921653748e-01,5.087877511978149414e-01,-5.199999809265136719e-01,1.660298556089401245e-01
2.201427370309829712e-01,-6.343181729316711426e-01,5.230473875999450684e-01,7.196769863367080688e-02,1.079687941819429398e-02,9.903119206428527832e-01,1.182638108730316162e-01,-8.089124560356140137e-01,-1.142658144235610962e-01,-1.543363779783248901e-01,5.119162201881408691e-01,-3.164163231849670410e-01,5.231324955821037292e-02,2.481431216001510620e-01,-1.732220053672790527e-01,-9.789834171533584595e-02,5.226258039474487305e-01,-5.199999809265136719e-01,9.404285997152328491e-02
1.792311817407608032e-01,-6.032229661941528320e-01,5.153796076774597168e-01,5.481115728616714478e-02,-6.450660526752471924e-03,9.903330802917480469e-01,1.272576898336410522e-01,-7.895182967185974121e-01,-7.407031208276748657e-02,-1.970006227493286133e-01,5.066680312156677246e-01,-3.409826457500457764e-01,2.778024412691593170e-02,2.886100113391876221e-01,-9.641273319721221924e-02,-7.027334719896316528e-02,5.944532155990600586e-01,-5.003084540367126465e-01,2.681117504835128784e-02
1.381649971008300781e-01,-5.723642110824584961e-01,5.106898546218872070e-01,3.092595189809799194e-02,-2.426470862701535225e-03,9.930346012115478516e-01,1.136658340692520142e-01,-7.577751278877258301e-01,-1.212797462940216064e-01,-3.348419666290283203e-01,5.358982086181640625e-01,-2.144278734922409058e-01,1.866219751536846161e-02,3.214255571365356445e-01,-5.873936414718627930e-02,-1.321663856506347656e-01,5.447384715080261230e-01,-2.507287263870239258e-01,-4.344013333320617676e-02
1.000604704022407532e-01,-5.414287447929382324e-01,5.091817975044250488e-01,7.946769706904888153e-03,-2.342537231743335724e-02,9.938738942146301270e-01,1.077159494161605835e-01,-7.364606261253356934e-01,-8.576132357120513916e-02,-4.157687127590179443e-01,6.080334782600402832e-01,-1.753124892711639404e-01,-3.857692470774054527e-03,2.964272201061248779e-01,9.950214065611362457e-03,-2.028780579566955566e-01,5.914041399955749512e-01,5.338757112622261047e-02,-8.309594541788101196e-02
6.533547490835189819e-02,-5.128539204597473145e-01,5.071846246719360352e-01,-1.899587688967585564e-03,-2.807953394949436188e-02,9.915822148323059082e-01,1.263831257820129395e-01,-7.194603681564331055e-01,-2.381565235555171967e-02,-4.086824953556060791e-01,6.526754498481750488e-01,-1.321898400783538818e-01,-7.170826196670532227e-02,2.409475743770599365e-01,4.175325110554695129e-02,-1.555926203727722168e-01,7.105322480201721191e-01,3.403257131576538086e-01,-5.369245260953903198e-02
3.285159915685653687e-02,-4.830299615859985352e-01,5.081009864807128906e-01,3.555210772901773453e-03,-1.342483144253492355e-02,9.835838675498962402e-01,1.799164265394210815e-01,-7.229496240615844727e-01,4.720700159668922424e-02,-3.153189718723297119e-01,7.546319365501403809e-01,-1.944321393966674805e-01,-2.004212886095046997e-01,1.264953315258026123e-01,6.973076611757278442e-02,4.989131912589073181e-02,9.476555585861206055e-01,3.349004685878753662e-01,5.843272432684898376e-02
2.383029088377952576e-03,-4.544593393802642822e-01,5.135819911956787109e-01,7.625020109117031097e-03,1.440259045921266079e-03,9.724028110504150391e-01,2.331793159246444702e-01,-6.873540282249450684e-01,1.192731186747550964e-01,-2.202519923448562622e-01,7.908228039741516113e-01,-2.237672358751296997e-01,-2.544771432876586914e-01,-6.228306144475936890e-02,6.022259965538978577e-02,1.684504449367523193e-01,1.197749495506286621e+00,2.353655695915222168e-01,9.650740772485733032e-02
-2.764045633375644684e-02,-4.274226725101470947e-01,5.238419771194458008e-01,1.280511030927300453e-03,1.707858219742774963e-02,9.630341529846191406e-01,2.688342928886413574e-01,-6.332677602767944336e-01,1.575795114040374756e-01,-1.497021317481994629e-01,7.879195213317871094e-01,-2.733402252197265625e-01,-2.762037217617034912e-01,-3.012076318264007568e-01,7.721401005983352661e-02,2.549728751182556152e-01,1.377769112586975098e+00,2.077199369668960571e-01,1.161529198288917542e-01
-6.069801002740859985e-02,-3.991072773933410645e-01,5.405024886131286621e-01,2.364856190979480743e-03,4.180704429745674133e-02,9.552485346794128418e-01,2.928256690502166748e-01,-5.223667621612548828e-01,1.507994234561920166e-01,-7.807014882564544678e-02,7.291113138198852539e-01,-2.860639989376068115e-01,-2.398585975170135498e-01,-5.018900632858276367e-01,8.714511245489120483e-02,3.406383097171783447e-01,1.444448471069335938e+00,1.741062700748443604e-01,1.370867937803268433e-01
-1.005990803241729736e-01,-3.707536756992340088e-01,5.653235912322998047e-01,2.724681235849857330e-02,6.052354350686073303e-02,9.487180113792419434e-01,3.090770840644836426e-01,-3.105438351631164551e-01,1.185332611203193665e-01,1.414164900779724121e-02,5.774370431900024414e-01,-1.931267529726028442e-01,-1.613586544990539551e-01,-5.942146182060241699e-01,6.527185440063476562e-02,4.208332002162933350e-01,1.402923941612243652e+00,1.220031976699829102e-01,1.506559699773788452e-01
-1.414053887128829956e-01,-3.453115820884704590e-01,5.883283019065856934e-01,5.040860176086425781e-02,8.937662839889526367e-02,9.384182691574096680e-01,3.299120962619781494e-01,-1.490454077720642090e-01,3.609652817249298096e-02,7.361843436956405640e-02,4.592063128948211670e-01,4.422966018319129944e-02,-3.516382351517677307e-02,-6.571727395057678223e-01,-1.711745560169219971e-02,4.961791634559631348e-01,1.286948204040527344e+00,1.046353727579116821e-01,1.586696803569793701e-01
-1.794634312391281128e-01,-3.209389746189117432e-01,6.075451374053955078e-01,6.808768957853317261e-02,1.119447946548461914e-01,9.272429943084716797e-01,3.507888317108154297e-01,-5.098630860447883606e-02,-3.553785011172294617e-02,1.114326119422912598e-01,3.929885625839233398e-01,3.068332672119140625e-01,5.783201381564140320e-02,-7.052262425422668457e-01,-8.333937078714370728e-02,5.487838387489318848e-01,1.154702782630920410e+00,1.129875928163528442e-01,1.474872827529907227e-01
-2.152818143367767334e-01,-2.955536842346191406e-01,6.225404143333435059e-01,7.581923902034759521e-02,1.234494745731353760e-01,9.187313318252563477e-01,3.673477768898010254e-01,-2.669323468580842018e-03,-5.911101773381233215e-02,1.791872382164001465e-01,3.486306071281433105e-01,5.059868097305297852e-01,8.937636762857437134e-02,-7.372236251831054688e-01,-1.027292832732200623e-01,6.032395958900451660e-01,1.044512510299682617e+00,9.433537721633911133e-02,1.524270474910736084e-01
-2.515648901462554932e-01,-2.695612609386444092e-01,6.342710256576538086e-01,7.981565594673156738e-02,1.190283820033073425e-01,9.167698621749877930e-01,3.728200197219848633e-01,1.653459109365940094e-02,-2.650177851319313049e-02,2.600374519824981689e-01,2.868864834308624268e-01,5.151405930519104004e-01,1.289194226264953613e-01,-7.362151741981506348e-01,-1.266463845968246460e-01,6.265276074409484863e-01,9.159221053123474121e-01,8.927623927593231201e-02,1.564206928014755249e-01
-2.887056469917297363e-01,-2.424699217081069946e-01,6.405980587005615234e-01,7.836455106735229492e-02,9.769190847873687744e-02,9.170719981193542480e-01,3.785422742366790771e-01,4.129684530198574066e-03,1.840498670935630798e-02,2.602470815181732178e-01,2.299681603908538818e-01,4.282289743423461914e-01,1.229657158255577087e-01,-7.238877415657043457e-01,-1.257474273443222046e-01,6.201776862144470215e-01,8.158996105194091797e-01,8.186668902635574341e-02,1.257252246141433716e-01
-3.238809108734130859e-01,-2.160529643297195435e-01,6.420840024948120117e-01,7.851990312337875366e-02,7.897236943244934082e-02,9.128856062889099121e-01,3.927312493324279785e-01,-1.856707595288753510e-02,5.218492448329925537e-02,2.202283591032028198e-01,1.808795779943466187e-01,3.554070293903350830e-01,1.186769455671310425e-01,-6.972831487655639648e-01,-1.300267577171325684e-01,6.113762259483337402e-01,6.961009502410888672e-01,6.595592200756072998e-02,8.279168605804443359e-02
-3.586387932300567627e-01,-1.893383711576461792e-01,6.363489031791687012e-01,8.143879473209381104e-02,6.627573072910308838e-02,9.073482751846313477e-01,4.070557653903961182e-01,-3.187519311904907227e-02,7.653521001338958740e-02,1.586310863494873047e-01,1.398920267820358276e-01,3.070725798606872559e-01,1.302234828472137451e-01,-6.733155846595764160e-01,-1.418137699365615845e-01,5.886941552162170410e-01,5.873044133186340332e-01,4.859308898448944092e-02,4.963004589080810547e-02
-3.925586044788360596e-01,-1.624982655048370361e-01,6.240898966789245605e-01,8.781788498163223267e-02,5.687957257032394409e-02,9.007551074028015137e-01,4.215364158153533936e-01,-2.761123701930046082e-02,8.262795209884643555e-02,5.199173837900161743e-02,1.216147765517234802e-01,2.681162357330322266e-01,1.220911368727684021e-01,-6.490685939788818359e-01,-1.496659219264984131e-01,5.630956292152404785e-01,4.961392581462860107e-01,2.143283188343048096e-02,1.586886122822761536e-02
-4.258031547069549561e-01,-1.357661336660385132e-01,6.039506793022155762e-01,9.978850185871124268e-02,5.726704746484756470e-02,8.943182826042175293e-01,4.323859214782714844e-01,-1.008125673979520798e-02,6.276013702154159546e-02,-4.274219647049903870e-02,1.485925465822219849e-01,2.760839462280273438e-01,9.620901942253112793e-02,-6.390537023544311523e-01,-1.694045215845108032e-01,5.171758532524108887e-01,4.259223043918609619e-01,-1.147676073014736176e-02,1.759198121726512909e-02
-4.573718011379241943e-01,-1.113054826855659485e-01,5.826967954635620117e-01,9.899719804525375366e-02,3.437598794698715210e-02,8.933275938034057617e-01,4.370167553424835205e-01,1.579112187027931213e-02,1.143606752157211304e-01,-3.373045474290847778e-02,2.634765207767486572e-01,6.485445052385330200e-02,2.176173217594623566e-02,-6.558009982109069824e-01,-1.378640532493591309e-01,4.207789897918701172e-01,3.956066668033599854e-01,-4.887841269373893738e-02,3.870971500873565674e-02
-4.880160987377166748e-01,-8.704351633787155151e-02,5.609366297721862793e-01,9.872221201658248901e-02,-1.303110504522919655e-03,8.926100134849548340e-01,4.398858845233917236e-01,4.608364030718803406e-02,1.781435906887054443e-01,-6.376205012202262878e-03,4.534036815166473389e-01,-1.999922692775726318e-01,-7.009513676166534424e-02,-6.724057197570800781e-01,-7.939165085554122925e-02,3.300521671772003174e-01,3.960674405097961426e-01,-9.143298119306564331e-02,4.462083056569099426e-02
-5.205889344215393066e-01,-5.971227213740348816e-02,5.415626168251037598e-01,9.488680958747863770e-02,-2.872750908136367798e-02,8.923527598381042480e-01,4.403156042098999023e-01,1.429456025362014771e-01,2.333653420209884644e-01,4.421688988804817200e-02,4.995166063308715820e-01,-3.984339237213134766e-01,-1.177381277084350586e-01,-6.962020397186279297e-01,-3.482644259929656982e-02,2.580566406250000000e-01,4.052820503711700439e-01,-1.268359869718551636e-01,4.058651253581047058e-02
-5.550050735473632812e-01,-3.150987997651100159e-02,5.281937122344970703e-01,7.482688874006271362e-02,-3.849514946341514587e-02,8.881597518920898438e-01,4.517646729946136475e-01,2.393760979175567627e-01,2.399509400129318237e-01,5.044247582554817200e-02,4.627398550510406494e-01,-5.199946165084838867e-01,-1.529174596071243286e-01,-7.408651113510131836e-01,1.881678402423858643e-02,2.503803372383117676e-01,4.268429577350616455e-01,-1.767791509628295898e-01,3.658650070428848267e-02
-5.924849510192871094e-01,-2.169395331293344498e-03,5.199298858642578125e-01,5.084565281867980957e-02,-2.327553741633892059e-02,8.828948736190795898e-01,4.662291109561920166e-01,2.820063233375549316e-01,2.011727541685104370e-01,8.752918243408203125e-02,4.398741722106933594e-01,-5.199999809265136719e-01,-1.087309718132019043e-01,-7.784980535507202148e-01,4.902341216802597046e-02,2.923351526260375977e-01,4.511267840862274170e-01,-2.286105602979660034e-01,6.868505477905273438e-02
-6.338015794754028320e-01,2.945229969918727875e-02,5.144040584564208984e-01,3.391348570585250854e-02,5.274798255413770676e-03,8.714902997016906738e-01,4.892102479934692383e-01,2.961818575859069824e-01,1.211982220411300659e-01,1.397110968828201294e-01,4.586787819862365723e-01,-4.100046157836914062e-01,-1.631091907620429993e-02,-7.720565199851989746e-01,5.368665978312492371e-02,3.505434393882751465e-01,4.772615730762481689e-01,-2.569617629051208496e-01,8.680489659309387207e-02
-6.762834787368774414e-01,6.278455257415771484e-02,5.091983079910278320e-01,1.466869562864303589e-02,2.885606698691844940e-02,8.571498394012451172e-01,5.140488743782043457e-01,3.055355846881866455e-01,4.162177070975303650e-02,1.756029129028320312e-01,4.516256749629974365e-01,-1.527831703424453735e-01,6.144268438220024109e-02,-7.448030710220336914e-01,6.714293360710144043e-02,4.540414512157440186e-01,5.137864947319030762e-01,-1.734174042940139771e-01,9.030320495367050171e-02
-7.169042229652404785e-01,9.346313029527664185e-02,5.058236122131347656e-01,9.069062769412994385e-03,6.065068021416664124e-02,8.516432046890258789e-01,5.205219388008117676e-01,2.890137434005737305e-01,-4.468023404479026794e-02,1.861732155084609985e-01,5.024260282516479492e-01,1.777735501527786255e-01,1.331004798412322998e-01,-7.402291297912597656e-01,2.150569856166839600e-02,5.164527297019958496e-01,6.100435256958007812e-01,-1.416047662496566772e-01,8.994098752737045288e-02
-7.549772262573242188e-01,1.220683455467224121e-01,5.057032108306884766e-01,1.179794874042272568e-02,6.386835128068923950e-02,8.641209006309509277e-01,4.990758597850799561e-01,2.842491865158081055e-01,-8.494877815246582031e-02,9.483208507299423218e-02,6.091188192367553711e-01,4.961657524108886719e-01,7.590845227241516113e-02,-7.103237509727478027e-01,-4.471568390727043152e-02,4.940291047096252441e-01,6.817295551300048828e-01,-1.596034318208694458e-01,1.663378030061721802e-01
-7.942980527877807617e-01,1.505708992481231689e-01,5.116891264915466309e-01,8.674831129610538483e-03,5.724778771400451660e-02,8.944284319877624512e-01,4.434469938278198242e-01,1.963363140821456909e-01,-3.349458053708076477e-02,6.275734631344676018e-05,8.318048119544982910e-01,5.077970027923583984e-01,6.091404333710670471e-02,-6.724849939346313477e-01,-1.447043269872665405e-01,3.880434036254882812e-01,7.172952294349670410e-01,-2.266404330730438232e-01,2.556656301021575928e-01
-8.311572670936584473e-01,1.793101876974105835e-01,5.236570835113525391e-01,5.666011478751897812e-03,3.983093798160552979e-02,9.199392199516296387e-01,3.899913430213928223e-01,2.658662386238574982e-02,3.283894434571266174e-02,-8.602860569953918457e-02,1.085864305496215820e+00,4.024488031864166260e-01,3.531284257769584656e-02,-5.853852033615112305e-01,-2.068006396293640137e-01,2.662420272827148438e-01,7.117051482200622559e-01,-2.556657493114471436e-01,2.618266344070434570e-01
-8.672635555267333984e-01,2.047963738441467285e-01,5.423092842102050781e-01,-2.245843410491943359e-03,8.155469782650470734e-03,9.326949715614318848e-01,3.605669438838958740e-01,-1.731375604867935181e-01,-1.791311241686344147e-02,-2.430756092071533203e-01,1.313381075859069824e+00,3.054509758949279785e-01,-5.566607415676116943e-02,-4.629993736743927002e-01,-2.014204859733581543e-01,1.533606052398681641e-01,6.679812669754028320e-01,-2.814068794250488281e-01,2.389526963233947754e-01
-9.063438177108764648e-01,2.269646227359771729e-01,5.632395148277282715e-01,-1.052730996161699295e-02,-2.813564427196979523e-02,9.397926926612854004e-01,3.404221236705780029e-01,-3.478164076805114746e-01,-9.242970496416091919e-02,-3.556598126888275146e-01,1.467823982238769531e+00,2.159315645694732666e-01,-1.230941265821456909e-01,-3.219234943389892578e-01,-1.630157083272933960e-01,6.523852795362472534e-02,5.814335942268371582e-01,-2.225696146488189697e-01,1.915468424558639526e-01
-9.426730275154113770e-01,2.563926279544830322e-01,5.861098766326904297e-01,-9.907439351081848145e-03,-6.622907519340515137e-02,9.472923278808593750e-01,3.132934570312500000e-01,-4.586477279663085938e-01,-7.268892973661422729e-02,-4.471997320652008057e-01,1.492967367172241211e+00,1.834288090467453003e-01,-1.514605134725570679e-01,-1.768679320812225342e-01,-8.821967989206314087e-02,1.224935706704854965e-02,5.003267526626586914e-01,-5.931062623858451843e-02,1.082692593336105347e-01
-9.737009406089782715e-01,2.901090681552886963e-01,6.063690781593322754e-01,-7.370072416961193085e-03,-9.669868648052215576e-02,9.557128548622131348e-01,2.778633534908294678e-01,-5.687624812126159668e-01,2.262635715305805206e-02,-5.071054100990295410e-01,1.433762192726135254e+00,2.013774812221527100e-01,-1.300140768289566040e-01,-8.027164638042449951e-02,-1.150997239165008068e-03,-1.201787311583757401e-02,4.512501955032348633e-01,1.881424039602279663e-01,2.688746154308319092e-02
-1.006127953529357910e+00,3.210870623588562012e-01,6.230251193046569824e-01,-4.852473270148038864e-03,-1.127076223492622375e-01,9.616306424140930176e-01,2.500798702239990234e-01,-6.604824066162109375e-01,5.405129492282867432e-02,-5.343024134635925293e-01,1.368667364120483398e+00,2.234021425247192383e-01,-1.135553717613220215e-01,-3.202873095870018005e-02,5.456892028450965881e-02,-2.021225728094577789e-02,4.372333586215972900e-01,3.812257647514343262e-01,8.159906603395938873e-03
-1.040684938430786133e+00,3.497876822948455811e-01,6.350343227386474609e-01,9.050964727066457272e-04,-1.129805520176887512e-01,9.642069935798645020e-01,2.398738563060760498e-01,-7.120056748390197754e-01,2.241725660860538483e-02,-5.515724420547485352e-01,1.313202738761901855e+00,2.223437279462814331e-01,-1.242335885763168335e-01,-1.574341580271720886e-02,2.987834997475147247e-02,-7.949166744947433472e-02,4.004857540130615234e-01,4.080913066864013672e-01,-6.152177695184946060e-03
-1.074348807334899902e+00,3.800960481166839600e-01,6.428762078285217285e-01,9.352243505418300629e-03,-1.075574159622192383e-01,9.673517942428588867e-01,2.292911261320114136e-01,-7.438936829566955566e-01,1.971223391592502594e-02,-5.454772114753723145e-01,1.222535371780395508e+00,2.062510699033737183e-01,-1.190674602985382080e-01,-1.447181403636932373e-02,5.016953218728303909e-05,-1.334412544965744019e-01,3.080020546913146973e-01,3.731230795383453369e-01,-1.607983186841011047e-02
-1.108163118362426758e+00,4.080425500869750977e-01,6.445384621620178223e-01,1.966134086251258850e-02,-8.915935456752777100e-02,9.725005030632019043e-01,2.142588198184967041e-01,-7.649808526039123535e-01,-9.696231223642826080e-03,-5.191009044647216797e-01,1.128455638885498047e+00,2.003389894962310791e-01,-8.702085912227630615e-02,-3.751247748732566833e-02,-4.069272056221961975e-02,-1.058987379074096680e-01,2.347801327705383301e-01,2.916543185710906982e-01,1.440041232854127884e-02
-1.143218517303466797e+00,4.389625787734985352e-01,6.415559053421020508e-01,3.227070346474647522e-02,-7.947639375925064087e-02,9.772788286209106445e-01,1.938251554965972900e-01,-7.460915446281433105e-01,-3.064271435141563416e-02,-5.166413784027099609e-01,1.010715603828430176e+00,1.669620722532272339e-01,-7.766232639551162720e-02,-3.798402100801467896e-02,-6.611825525760650635e-02,-6.426785141229629517e-02,1.641513854265213013e-01,2.426885664463043213e-01,-6.488985382020473480e-03
-1.177548766136169434e+00,4.680904746055603027e-01,6.305191516876220703e-01,3.816971927881240845e-02,-6.843397021293640137e-02,9.800084829330444336e-01,1.828749775886535645e-01,-7.519455552101135254e-01,-4.491693899035453796e-02,-4.981251955032348633e-01,8.922271132469177246e-01,1.302290856838226318e-01,-5.995368957519531250e-02,-4.417308047413825989e-02,-9.411597996950149536e-02,9.219041094183921814e-03,1.315324008464813232e-01,1.811641156673431396e-01,-3.165732696652412415e-02
-1.212198853492736816e+00,4.969680309295654297e-01,6.130083799362182617e-01,4.836249351501464844e-02,-6.913490593433380127e-02,9.810816645622253418e-01,1.742417216300964355e-01,-7.394207119941711426e-01,-4.167464375495910645e-02,-4.965734183788299561e-01,7.617206573486328125e-01,6.803017854690551758e-02,-3.794411569833755493e-02,-3.301069512963294983e-02,-9.382484108209609985e-02,3.742387145757675171e-02,1.660256385803222656e-01,1.453369706869125366e-01,-3.837887570261955261e-02
-1.245061397552490234e+00,5.248938202857971191e-01,5.916574597358703613e-01,6.161568313837051392e-02,-6.390605866909027100e-02,9.818245768547058105e-01,1.677498817443847656e-01,-7.399239540100097656e-01,-4.975677654147148132e-02,-4.625660181045532227e-01,6.435568332672119141e-01,-4.235300235450267792e-03,-1.841637678444385529e-02,-1.763618923723697662e-02,-1.143043339252471924e-01,-1.175366435199975967e-02,2.892359197139739990e-01,2.543812245130538940e-02,5.994515959173440933e-03
-1.276691317558288574e+00,5.531272888183593750e-01,5.702884793281555176e-01,7.584904879331588745e-02,-4.785444214940071106e-02,9.827078580856323242e-01,1.619944125413894653e-01,-7.632464170455932617e-01,-7.169517874717712402e-02,-3.765622973442077637e-01,5.444000363349914551e-01,-8.631346374750137329e-02,3.918965812772512436e-03,-1.823850348591804504e-02,-1.472009122371673584e-01,-4.948944598436355591e-02,5.342447757720947266e-01,-2.444248646497726440e-01,7.092109322547912598e-02
-1.310454964637756348e+00,5.820077657699584961e-01,5.527927875518798828e-01,9.104570746421813965e-02,-3.505320847034454346e-02,9.828484654426574707e-01,1.564954817295074463e-01,-7.772537469863891602e-01,-9.640818089246749878e-02,-2.945215106010437012e-01,4.742068350315093994e-01,-1.735725402832031250e-01,3.111929073929786682e-02,6.537549942731857300e-02,-1.542225331068038940e-01,-6.177404150366783142e-02,6.294909119606018066e-01,-4.433069527149200439e-01,1.095710098743438721e-01
-1.346596717834472656e+00,6.114892363548278809e-01,5.424820184707641602e-01,9.224181622266769409e-02,-2.135858498513698578e-02,9.843858480453491211e-01,1.483904123306274414e-01,-7.910757660865783691e-01,-1.180993989109992981e-01,-2.435587346553802490e-01,4.155439138412475586e-01,-2.649960517883300781e-01,8.680456131696701050e-02,1.938420385122299194e-01,-1.382720023393630981e-01,-5.340493842959403992e-02,5.660433173179626465e-01,-5.199964642524719238e-01,1.118984296917915344e-01
-1.385773777961730957e+00,6.435939073562622070e-01,5.355988144874572754e-01,7.625524699687957764e-02,-1.942565292119979858e-02,9.868726730346679688e-01,1.410322636365890503e-01,-8.214851021766662598e-01,-1.199744567275047302e-01,-1.994528323411941528e-01,4.191942811012268066e-01,-2.931983768939971924e-01,4.489772021770477295e-02,2.619091272354125977e-01,-9.166919440031051636e-02,-5.840322375297546387e-02,5.520544648170471191e-01,-5.199999809265136719e-01,7.877977937459945679e-02
-1.427971124649047852e+00,6.794703602790832520e-01,5.287647843360900879e-01,5.040702223777770996e-02,-1.784351281821727753e-02,9.908548593521118164e-01,1.238846406340599060e-01,-8.385665416717529297e-01,-1.297968178987503052e-01,-2.213316112756729126e-01,4.796971380710601807e-01,-2.738633155822753906e-01,5.777011439204216003e-02,2.815406918525695801e-01,-3.524549677968025208e-02,-9.937196224927902222e-02,5.654374957084655762e-01,-3.978225588798522949e-01,2.983914455398917198e-03
-1.471100211143493652e+00,7.169300317764282227e-01,5.243711471557617188e-01,3.375752642750740051e-02,-1.225285232067108154e-02,9.945925474166870117e-01,9.744712710380554199e-02,-8.020889163017272949e-01,-1.618611663579940796e-01,-3.042894005775451660e-01,5.530863404273986816e-01,-1.481208056211471558e-01,3.083598241209983826e-02,3.075881898403167725e-01,1.586741581559181213e-02,-1.849623769521713257e-01,5.377593040466308594e-01,-1.157092750072479248e-01,-5.881552770733833313e-02
-1.510856509208679199e+00,7.518643736839294434e-01,5.227569937705993652e-01,1.355545129626989365e-02,-3.148970752954483032e-02,9.946281313896179199e-01,9.767071157693862915e-02,-7.846828103065490723e-01,-1.075066104531288147e-01,-3.618434667587280273e-01,6.272673606872558594e-01,-1.167259886860847473e-01,-4.864747449755668640e-02,2.805131971836090088e-01,8.594087511301040649e-02,-2.202641516923904419e-01,6.023944020271301270e-01,1.749351173639297485e-01,-9.530283510684967041e-02
-1.546775221824645996e+00,7.846766710281372070e-01,5.238290429115295410e-01,1.539746485650539398e-02,-2.921626158058643341e-02,9.903032183647155762e-01,1.349401921033859253e-01,-7.771235704421997070e-01,-3.394664451479911804e-02,-3.280223608016967773e-01,7.351316213607788086e-01,-1.644542664289474487e-01,-1.264162361621856689e-01,2.331698387861251831e-01,1.307571530342102051e-01,-8.413949608802795410e-02,7.665318846702575684e-01,3.376046419143676758e-01,-3.499078098684549332e-03
-1.579582214355468750e+00,8.176205754280090332e-01,5.280901193618774414e-01,2.510540187358856201e-02,-9.019726887345314026e-03,9.812130928039550781e-01,1.910739094018936157e-01,-7.522168755531311035e-01,4.668324440717697144e-02,-2.320766896009445190e-01,8.055725693702697754e-01,-2.201492488384246826e-01,-1.969702988862991333e-01,1.027834415435791016e-01,1.365509778261184692e-01,7.954194396734237671e-02,1.049654006958007812e+00,2.188078463077545166e-01,1.013887599110603333e-01
-1.609280467033386230e+00,8.499378561973571777e-01,5.367795825004577637e-01,2.767252735793590546e-02,7.624947931617498398e-03,9.725760817527770996e-01,2.308070212602615356e-01,-6.905121207237243652e-01,1.088898032903671265e-01,-1.608169972896575928e-01,8.105790019035339355e-01,-2.582308948040008545e-01,-2.307823151350021362e-01,-8.516770601272583008e-02,1.565352082252502441e-01,1.753959804773330688e-01,1.298964142799377441e+00,1.446593701839447021e-01,1.581194698810577393e-01
-1.639404892921447754e+00,8.794403672218322754e-01,5.503188967704772949e-01,2.995227091014385223e-02,2.838304452598094940e-02,9.642894268035888672e-01,2.616164088249206543e-01,-5.949967503547668457e-01,1.283704489469528198e-01,-1.022890210151672363e-01,7.690753340721130371e-01,-2.611941993236541748e-01,-2.152840793132781982e-01,-2.792672514915466309e-01,1.564410924911499023e-01,2.654347419738769531e-01,1.446979641914367676e+00,8.779069781303405762e-02,1.787216365337371826e-01
-1.670535206794738770e+00,9.079139232635498047e-01,5.684164762496948242e-01,2.796502411365509033e-02,5.680341646075248718e-02,9.552402496337890625e-01,2.889763712882995605e-01,-4.967292249202728271e-01,1.123833358287811279e-01,-4.034828767180442810e-02,6.962845921516418457e-01,-2.107517123222351074e-01,-1.698796004056930542e-01,-4.595075547695159912e-01,1.250676959753036499e-01,3.614874780178070068e-01,1.467453598976135254e+00,5.311717092990875244e-02,1.984351277351379395e-01
-1.706869244575500488e+00,9.372098445892333984e-01,5.916253924369812012e-01,5.089661106467247009e-02,7.291720807552337646e-02,9.466135501861572266e-01,3.098635971546173096e-01,-3.128124475479125977e-01,8.061868697404861450e-02,-8.162571612047031522e-05,5.773319602012634277e-01,-7.975988835096359253e-02,-1.109905317425727844e-01,-5.248981714248657227e-01,6.081835553050041199e-02,4.389969706535339355e-01,1.360362172126770020e+00,5.392801389098167419e-02,1.927234977483749390e-01
-1.742832779884338379e+00,9.645674228668212891e-01,6.130552291870117188e-01,7.124616205692291260e-02,8.537389338016510010e-02,9.349209070205688477e-01,3.369838893413543701e-01,-1.761937439441680908e-01,3.915783390402793884e-02,9.964778088033199310e-03,5.076380372047424316e-01,1.033518016338348389e-01,-2.847654186189174652e-02,-5.727758407592773438e-01,-1.281855814158916473e-02,4.810077548027038574e-01,1.199456095695495605e+00,6.963174045085906982e-02,1.636812686920166016e-01
-1.774909257888793945e+00,9.886620044708251953e-01,6.315214633941650391e-01,7.266627252101898193e-02,8.738277107477188110e-02,9.191470742225646973e-01,3.771638274192810059e-01,-1.578139364719390869e-01,2.903079614043235779e-02,4.489145800471305847e-02,5.237355828285217285e-01,2.359288781881332397e-01,-1.463308278471231461e-02,-6.295531392097473145e-01,-5.356526002287864685e-02,4.868317842483520508e-01,1.017538785934448242e+00,1.395138949155807495e-01,1.566006243228912354e-01
-1.806903600692749023e+00,1.015350103378295898e+00,6.485924720764160156e-01,7.330805063247680664e-02,8.074784278869628906e-02,9.059436917304992676e-01,4.091109633445739746e-01,-1.675132811069488525e-01,2.489770948886871338e-02,2.852868475019931793e-02,5.077846050262451172e-01,1.604554802179336548e-01,-5.470165982842445374e-03,-6.529161334037780762e-01,-2.652590721845626831e-02,5.094419717788696289e-01,8.940293192863464355e-01,4.589841887354850769e-02,1.233719736337661743e-01
-1.839720487594604492e+00,1.044542908668518066e+00,6.600551605224609375e-01,7.655868679285049438e-02,6.209718436002731323e-02,8.983874917030334473e-01,4.279983937740325928e-01,-1.393633484840393066e-01,6.385064870119094849e-02,4.206315055489540100e-02,3.686476647853851318e-01,5.839141085743904114e-02,1.002113893628120422e-02,-6.339952349662780762e-01,-2.044662460684776306e-02,4.793438315391540527e-01,7.621332406997680664e-01,3.343776986002922058e-02,7.372112572193145752e-02
-1.872612953186035156e+00,1.073806047439575195e+00,6.624287962913513184e-01,7.845521718263626099e-02,5.137210339307785034e-02,8.881203532218933105e-01,4.499421715736389160e-01,-1.398470997810363770e-01,9.344283491373062134e-02,5.304219573736190796e-02,2.539450824260711670e-01,3.799656033515930176e-02,3.784001618623733521e-02,-6.151291131973266602e-01,-1.774309575557708740e-02,4.505299627780914307e-01,6.468459963798522949e-01,4.505163803696632385e-02,5.340200290083885193e-02
-1.905816555023193359e+00,1.102931618690490723e+00,6.580283045768737793e-01,8.436270058155059814e-02,4.688662290573120117e-02,8.778025507926940918e-01,4.691984951496124268e-01,-1.464421004056930542e-01,1.099098324775695801e-01,6.370601803064346313e-02,2.006390094757080078e-01,4.630410298705101013e-02,6.732600182294845581e-02,-5.983684659004211426e-01,-3.265520557761192322e-02,4.068688452243804932e-01,5.443319678306579590e-01,4.262800887227058411e-02,3.339292481541633606e-02
-1.938533186912536621e+00,1.131628274917602539e+00,6.467692255973815918e-01,9.298673272132873535e-02,4.134278744459152222e-02,8.699307441711425781e-01,4.825606644153594971e-01,-1.304896473884582520e-01,1.068308651447296143e-01,4.223944991827011108e-02,1.921247392892837524e-01,5.845183506608009338e-02,7.172412425279617310e-02,-5.786191225051879883e-01,-5.128483474254608154e-02,3.478238880634307861e-01,4.446555376052856445e-01,5.850765481591224670e-02,1.239154674112796783e-02
-1.971125125885009766e+00,1.160815954208374023e+00,6.276302337646484375e-01,1.038230285048484802e-01,3.753005340695381165e-02,8.625074625015258789e-01,4.938554167747497559e-01,-1.035293191671371460e-01,8.258181065320968628e-02,-4.199505317956209183e-03,2.366325110197067261e-01,8.181723207235336304e-02,4.771896451711654663e-02,-5.589783191680908203e-01,-6.117530912160873413e-02,2.955208420753479004e-01,3.567423224449157715e-01,8.826922625303268433e-02,-1.230771932750940323e-02
-2.002414941787719727e+00,1.188862919807434082e+00,6.071870326995849609e-01,1.011865064501762390e-01,2.012938447296619415e-02,8.570556044578552246e-01,5.047888159751892090e-01,-8.398566395044326782e-02,1.094242706894874573e-01,1.930562593042850494e-02,3.599317073822021484e-01,-5.175181478261947632e-02,-4.543002694845199585e-02,-5.663482546806335449e-01,-1.095854863524436951e-02,2.464609295129776001e-01,3.171377778053283691e-01,1.145618185400962830e-01,-3.468921175226569176e-03
-2.032510757446289062e+00,1.216357350349426270e+00,5.859871506690979004e-01,9.233612567186355591e-02,-7.575104478746652603e-03,8.500009775161743164e-01,5.185701847076416016e-01,-5.698266997933387756e-02,1.599895209074020386e-01,5.829428136348724365e-02,5.042315721511840820e-01,-2.479255646467208862e-01,-1.427657902240753174e-01,-5.751098990440368652e-01,8.438600599765777588e-02,2.437298744916915894e-01,3.045706152915954590e-01,1.412541866302490234e-01,-6.529212463647127151e-03
-2.064526319503784180e+00,1.244388103485107422e+00,5.675636529922485352e-01,8.077929913997650146e-02,-2.945628389716148376e-02,8.460054993629455566e-01,5.261955857276916504e-01,2.418159972876310349e-03,1.973311156034469604e-01,9.165500104427337646e-02,5.740297436714172363e-01,-3.855741620063781738e-01,-1.605237871408462524e-01,-5.852639079093933105e-01,1.659477055072784424e-01,2.750408649444580078e-01,3.046187758445739746e-01,1.630753576755523682e-01,-3.196370974183082581e-02
-2.099006652832031250e+00,1.274144172668457031e+00,5.556487441062927246e-01,6.699109077453613281e-02,-4.392747953534126282e-02,8.451529741287231445e-01,5.284875035285949707e-01,6.491427123546600342e-02,1.958452761173248291e-01,7.272449135780334473e-02,6.149657964706420898e-01,-4.403584897518157959e-01,-1.576962321996688843e-01,-5.843580961227416992e-01,2.239447385072708130e-01,3.231810629367828369e-01,2.850982844829559326e-01,2.056994438171386719e-01,-4.500848799943923950e-02
-2.133754491806030273e+00,1.306353449821472168e+00,5.470697879791259766e-01,5.763908103108406067e-02,-5.223279446363449097e-02,8.475005626678466797e-01,5.250640511512756348e-01,1.708315759897232056e-01,1.809674501419067383e-01,5.541053414344787598e-02,5.744766592979431152e-01,-3.750656545162200928e-01,-1.274500042200088501e-01,-5.428853631019592285e-01,2.473077028989791870e-01,4.081597030162811279e-01,2.360831946134567261e-01,2.727812826633453369e-01,-7.400795072317123413e-02
-2.171597003936767578e+00,1.340221524238586426e+00,5.424180626869201660e-01,4.555749148130416870e-02,-5.163158848881721497e-02,8.505809903144836426e-01,5.213162899017333984e-01,2.637599408626556396e-01,1.450057178735733032e-01,2.305197902023792267e-02,5.182838439941406250e-01,-2.660856544971466064e-01,-9.881000965833663940e-02,-4.901921451091766357e-01,2.424122244119644165e-01,5.072417259216308594e-01,2.054302096366882324e-01,3.018299639225006104e-01,-8.312611281871795654e-02
-2.209390878677368164e+00,1.372861504554748535e+00,5.385448336601257324e-01,3.460947051644325256e-02,-1.434433553367853165e-02,8.519699573516845703e-01,5.222486257553100586e-01,2.661519944667816162e-01,4.157188534736633301e-02,-1.748007908463478088e-02,5.489993095397949219e-01,-1.141525506973266602e-01,-1.719533093273639679e-02,-4.835328161716461182e-01,1.768474280834197998e-01,5.977329611778259277e-01,2.712948024272918701e-01,1.632953882217407227e-01,-4.710474982857704163e-02
-2.249677658081054688e+00,1.405154109001159668e+00,5.299221873283386230e-01,2.333625406026840210e-02,-6.482837256044149399e-03,8.476734161376953125e-01,5.299652814865112305e-01,2.746064662933349609e-01,-1.947678811848163605e-02,-3.925568982958793640e-02,6.149435043334960938e-01,8.042478561401367188e-02,-5.700088571757078171e-03,-4.532125592231750488e-01,1.268350183963775635e-01,5.521306395530700684e-01,3.396828472614288330e-01,1.460436880588531494e-01,-1.980816759169101715e-02
-2.287897109985351562e+00,1.431230425834655762e+00,5.233357548713684082e-01,1.376175135374069214e-02,1.660690642893314362e-02,8.598273992538452148e-01,5.101290941238403320e-01,2.107905000448226929e-01,-9.425635635852813721e-02,-9.038863331079483032e-02,7.829703092575073242e-01,1.970729529857635498e-01,-5.320595949888229370e-02,-5.162110328674316406e-01,6.037384271621704102e-02,4.912713766098022461e-01,5.126140117645263672e-01,-6.815725564956665039e-02,9.138689935207366943e-02
-2.321950912475585938e+00,1.455763220787048340e+00,5.184236168861389160e-01,2.352489903569221497e-02,1.458779815584421158e-02,8.822666406631469727e-01,4.699355065822601318e-01,1.471539437770843506e-01,-1.105632483959197998e-01,-1.506735682487487793e-01,9.972562193870544434e-01,1.452318131923675537e-01,-1.223621666431427002e-01,-5.303090810775756836e-01,1.753707975149154663e-02,4.314139783382415771e-01,6.810374855995178223e-01,-1.743725687265396118e-01,1.645975559949874878e-01
-2.353868007659912109e+00,1.482215046882629395e+00,5.195763707160949707e-01,3.259697556495666504e-02,1.367165707051753998e-02,9.029899239540100098e-01,4.282052516937255859e-01,3.665814548730850220e-02,-1.099521294236183167e-01,-1.945715397596359253e-01,1.159613728523254395e+00,5.094883218407630920e-02,-1.729072779417037964e-01,-4.380464255809783936e-01,7.544635795056819916e-03,4.603228569030761719e-01,7.478432655334472656e-01,-2.337419688701629639e-01,2.469694763422012329e-01
-2.382250547409057617e+00,1.510307788848876953e+00,5.280976295471191406e-01,4.012999683618545532e-02,1.685622148215770721e-02,9.151125550270080566e-01,4.008422195911407471e-01,-1.158482581377029419e-01,-5.063982680439949036e-03,-1.330539584159851074e-01,1.243532180786132812e+00,-1.365732848644256592e-01,-9.575963020324707031e-02,-3.517284095287322998e-01,-7.230208814144134521e-02,3.636804521083831787e-01,7.024645805358886719e-01,-3.164489567279815674e-01,2.181059718132019043e-01
-2.408947467803955078e+00,1.534617900848388672e+00,5.460591316223144531e-01,4.913251474499702454e-02,2.186752483248710632e-02,9.207901954650878906e-01,3.863330781459808350e-01,-3.259175121784210205e-01,-1.269561946392059326e-01,-2.386555671691894531e-01,1.337493777275085449e+00,-5.026870369911193848e-01,-2.223165482282638550e-01,-2.335057556629180908e-01,-1.765077561140060425e-01,1.896757334470748901e-01,5.959655046463012695e-01,-5.199999213218688965e-01,2.652638256549835205e-01
