1.832114696502685547e+00,-1.829986453056335449e+00,5.179471373558044434e-01,9.212717413902282715e-02,-8.447226136922836304e-03,9.905042052268981934e-01,1.016988903284072876e-01,-7.382628917694091797e-01,-1.482873558998107910e-01,-2.295318245887756348e-01,5.149418711662292480e-01,-2.442397624254226685e-01,3.696630522608757019e-02,2.537530660629272461e-01,-1.554549038410186768e-01,-4.648457095026969910e-02,5.371626615524291992e-01,-5.199999809265136719e-01,1.066015064716339111e-01
1.802864193916320801e+00,-1.805020809173583984e+00,5.097305774688720703e-01,7.036261260509490967e-02,4.598005674779415131e-03,9.930385947227478027e-01,9.435234218835830688e-02,-8.077714443206787109e-01,-1.602441072463989258e-01,-1.779282093048095703e-01,5.237967371940612793e-01,-2.716281116008758545e-01,5.799413472414016724e-02,2.538233995437622070e-01,-1.346518248319625854e-01,-7.204872369766235352e-02,5.604941248893737793e-01,-5.199999809265136719e-01,8.017234504222869873e-02
1.767099142074584961e+00,-1.777709722518920898e+00,5.035076141357421875e-01,5.316144227981567383e-02,-1.083782780915498734e-02,9.941686987876892090e-01,9.319315105676651001e-02,-7.905844449996948242e-01,-1.192760616540908813e-01,-2.188891768455505371e-01,5.329333543777465820e-01,-2.623905837535858154e-01,3.734696283936500549e-02,2.685413062572479248e-01,-6.590757519006729126e-02,-8.985784649848937988e-02,6.275514364242553711e-01,-4.521293342113494873e-01,3.829833352938294411e-03
1.728861927986145020e+00,-1.748710751533508301e+00,5.014398097991943359e-01,3.160774707794189453e-02,-1.048634853214025497e-02,9.964646697044372559e-01,7.713109999895095825e-02,-7.611415386199951172e-01,-1.118006333708763123e-01,-2.667835056781768799e-01,5.620770454406738281e-01,-1.837583631277084351e-01,1.827926002442836761e-02,2.767941057682037354e-01,-1.847767643630504608e-02,-1.497912108898162842e-01,6.115000247955322266e-01,-2.068583965301513672e-01,-6.008990481495857239e-02
1.693118929862976074e+00,-1.719358325004577637e+00,5.004190802574157715e-01,9.280726313591003418e-03,-2.764606662094593048e-02,9.970392584800720215e-01,7.114947587251663208e-02,-7.453263998031616211e-01,-5.268243327736854553e-02,-3.006180226802825928e-01,5.831607580184936523e-01,-1.008361801505088806e-01,-1.379093527793884277e-02,2.277334630489349365e-01,3.520236164331436157e-02,-2.178348153829574585e-01,6.721378564834594727e-01,1.306754499673843384e-01,-1.219739094376564026e-01
1.659774184226989746e+00,-1.692322731018066406e+00,5.004110932350158691e-01,4.043690860271453857e-03,-2.780244685709476471e-02,9.944896697998046875e-01,1.010001152753829956e-01,-7.264800667762756348e-01,1.462660823017358780e-02,-2.820504307746887207e-01,6.276038289070129395e-01,-9.146203100681304932e-02,-1.116898879408836365e-01,1.521684527397155762e-01,7.385052740573883057e-02,-1.189891025424003601e-01,8.263611197471618652e-01,3.865106403827667236e-01,-4.138823226094245911e-02
1.627611041069030762e+00,-1.664065837860107422e+00,5.046427845954895020e-01,1.964017562568187714e-02,-9.523286484181880951e-03,9.879776239395141602e-01,1.530483514070510864e-01,-6.950876116752624512e-01,7.729250192642211914e-02,-2.040726393461227417e-01,7.151035666465759277e-01,-1.353320777416229248e-01,-1.862692385911941528e-01,1.555785536766052246e-02,7.454524189233779907e-02,3.889065980911254883e-02,1.108639836311340332e+00,2.896513342857360840e-01,5.818326771259307861e-02
1.599023103713989258e+00,-1.637190461158752441e+00,5.129823088645935059e-01,2.073282375931739807e-02,9.387342259287834167e-03,9.793236851692199707e-01,2.010151594877243042e-01,-6.552895903587341309e-01,1.346742808818817139e-01,-1.200521439313888550e-01,7.351952195167541504e-01,-1.686535179615020752e-01,-2.250705063343048096e-01,-1.864149123430252075e-01,8.226796984672546387e-02,1.635222285985946655e-01,1.345993757247924805e+00,2.192563116550445557e-01,1.028460860252380371e-01
1.569908261299133301e+00,-1.610255002975463867e+00,5.253626108169555664e-01,1.760891638696193695e-02,2.763289399445056915e-02,9.706128239631652832e-01,2.384052723646163940e-01,-5.836964249610900879e-01,1.733914017677307129e-01,-3.916951641440391541e-02,7.082912921905517578e-01,-2.112790346145629883e-01,-2.485687285661697388e-01,-3.955063223838806152e-01,1.163883581757545471e-01,2.658669948577880859e-01,1.495662450790405273e+00,1.914780437946319580e-01,1.313384920358657837e-01
1.538119792938232422e+00,-1.583884716033935547e+00,5.434769392013549805e-01,2.009337581694126129e-02,5.405762791633605957e-02,9.604722857475280762e-01,2.723362445831298828e-01,-4.705673754215240479e-01,1.592322438955307007e-01,3.053872473537921906e-02,6.336014270782470703e-01,-2.172348052263259888e-01,-2.169310152530670166e-01,-5.653538107872009277e-01,1.314091980457305908e-01,3.702243566513061523e-01,1.537625074386596680e+00,1.232677474617958069e-01,1.527909636497497559e-01
1.500538349151611328e+00,-1.559534430503845215e+00,5.665742754936218262e-01,4.142834991216659546e-02,7.717512547969818115e-02,9.494969248771667480e-01,3.013027310371398926e-01,-2.879559695720672607e-01,1.091111153364181519e-01,9.093324095010757446e-02,5.030067563056945801e-01,-9.828313440084457397e-02,-1.226689144968986511e-01,-6.416237950325012207e-01,7.710281759500503540e-02,4.614509940147399902e-01,1.448801994323730469e+00,1.031766906380653381e-01,1.668131351470947266e-01
1.464223146438598633e+00,-1.535819888114929199e+00,5.876226425170898438e-01,6.285031139850616455e-02,1.038697361946105957e-01,9.340806007385253906e-01,3.357891738414764404e-01,-1.549503952264785767e-01,2.696097083389759064e-02,1.093539223074913025e-01,4.132921397686004639e-01,1.256395727396011353e-01,-1.101680938154459000e-02,-6.824571490287780762e-01,4.809947684407234192e-03,5.337121486663818359e-01,1.296752214431762695e+00,1.061787754297256470e-01,1.487079262733459473e-01
1.430077791213989258e+00,-1.513991355895996094e+00,6.051657795906066895e-01,7.783354073762893677e-02,1.220269352197647095e-01,9.194853305816650391e-01,3.655107319355010986e-01,-7.957101613283157349e-02,-3.318818658590316772e-02,1.290428042411804199e-01,3.630450665950775146e-01,3.549742400646209717e-01,6.980601698160171509e-02,-7.154027223587036133e-01,-5.569062381982803345e-02,5.755084156990051270e-01,1.131989121437072754e+00,9.845431149005889893e-02,1.285505890846252441e-01
1.397258520126342773e+00,-1.491214871406555176e+00,6.191856265068054199e-01,8.405054360628128052e-02,1.260790228843688965e-01,9.053746461868286133e-01,3.966564834117889404e-01,-5.577579513192176819e-02,-6.075209751725196838e-02,1.186338439583778381e-01,3.325196206569671631e-01,4.523117244243621826e-01,1.080152019858360291e-01,-7.313382625579833984e-01,-7.239575684070587158e-02,5.895053148269653320e-01,9.947767257690429688e-01,6.300640851259231567e-02,1.122090592980384827e-01
1.364530920982360840e+00,-1.467015743255615234e+00,6.297546625137329102e-01,8.812176436185836792e-02,1.139286458492279053e-01,8.985321521759033203e-01,4.146019220352172852e-01,-5.454056710004806519e-02,-3.875682875514030457e-02,1.314647644758224487e-01,2.741966545581817627e-01,4.081004261970520020e-01,9.296328574419021606e-02,-7.219626307487487793e-01,-8.777216076850891113e-02,5.570877194404602051e-01,8.472677469253540039e-01,5.190378054976463318e-02,8.688592165708541870e-02
1.332348942756652832e+00,-1.441936850547790527e+00,6.342287659645080566e-01,9.309363365173339844e-02,9.854315966367721558e-02,8.905082941055297852e-01,4.343015253543853760e-01,-5.271790549159049988e-02,-9.746561758220195770e-03,1.293832659721374512e-01,2.053757160902023315e-01,3.407785892486572266e-01,9.759815037250518799e-02,-6.955981850624084473e-01,-8.294970542192459106e-02,5.294219851493835449e-01,7.209137082099914551e-01,2.944976091384887695e-02,6.541895866394042969e-02
1.300657272338867188e+00,-1.418373346328735352e+00,6.308928132057189941e-01,9.772619605064392090e-02,8.630435168743133545e-02,8.859706521034240723e-01,4.450361430644989014e-01,-5.932217463850975037e-02,1.587508246302604675e-02,1.033893302083015442e-01,1.715372949838638306e-01,3.017050921916961670e-01,1.109789237380027771e-01,-6.851041913032531738e-01,-8.345978707075119019e-02,4.949370920658111572e-01,6.191025972366333008e-01,7.467874092981219292e-04,5.698887258768081665e-02
1.269532322883605957e+00,-1.394322514533996582e+00,6.224965453147888184e-01,9.934341907501220703e-02,8.099285513162612915e-02,8.776925206184387207e-01,4.617650210857391357e-01,-7.603607326745986938e-02,2.298620902001857758e-02,6.901515275239944458e-02,1.681762337684631348e-01,2.502902150154113770e-01,1.048039421439170837e-01,-6.789172291755676270e-01,-8.136776834726333618e-02,4.625994265079498291e-01,5.225520133972167969e-01,-3.868274763226509094e-02,5.126748606562614441e-02
1.238706111907958984e+00,-1.370714545249938965e+00,6.067314743995666504e-01,1.078317612409591675e-01,7.985159754753112793e-02,8.695035576820373535e-01,4.753520488739013672e-01,-7.172958552837371826e-02,4.464800469577312469e-03,3.334122709929943085e-03,1.942373514175415039e-01,2.198406457901000977e-01,1.076544970273971558e-01,-6.728689074516296387e-01,-9.068178385496139526e-02,4.241949915885925293e-01,4.521634578704833984e-01,-7.926447689533233643e-02,3.420377522706985474e-02
1.209597349166870117e+00,-1.348315477371215820e+00,5.869628787040710449e-01,1.034416109323501587e-01,6.581438332796096802e-02,8.671420812606811523e-01,4.827347993850708008e-01,-7.290384173393249512e-02,2.806328609585762024e-02,-1.682557910680770874e-02,2.844405472278594971e-01,6.704581528902053833e-02,4.513321071863174438e-02,-6.995022892951965332e-01,-5.907167121767997742e-02,3.785833120346069336e-01,4.250541031360626221e-01,-1.090300828218460083e-01,3.561164811253547668e-02
1.182039976119995117e+00,-1.327045798301696777e+00,5.660740733146667480e-01,9.334799647331237793e-02,3.514455258846282959e-02,8.639752864837646484e-01,4.935562014579772949e-01,-8.378296345472335815e-02,8.328314870595932007e-02,-1.248265244066715240e-02,5.009382367134094238e-01,-2.211952805519104004e-01,-6.366576999425888062e-02,-7.306033372879028320e-01,1.762367226183414459e-02,3.369345068931579590e-01,4.309264421463012695e-01,-1.291852742433547974e-01,2.243283763527870178e-02
1.151867628097534180e+00,-1.304285764694213867e+00,5.461978316307067871e-01,8.782782405614852905e-02,8.648771792650222778e-03,8.610541820526123047e-01,5.007965564727783203e-01,-4.198309406638145447e-02,1.281821876764297485e-01,2.878848463296890259e-02,6.262603998184204102e-01,-4.626939594745635986e-01,-1.060289368033409119e-01,-7.508419752120971680e-01,7.652282714843750000e-02,3.202554285526275635e-01,4.453527331352233887e-01,-1.779565662145614624e-01,1.567481667734682560e-03
1.120698928833007812e+00,-1.280473470687866211e+00,5.363733768463134766e-01,6.764588505029678345e-02,-2.123928628861904144e-02,8.537665009498596191e-01,5.158058404922485352e-01,6.421356648206710815e-02,1.683072149753570557e-01,4.727687314152717590e-02,5.537133812904357910e-01,-5.199996232986450195e-01,-1.646859347820281982e-01,-7.743889689445495605e-01,1.520480066537857056e-01,2.594053149223327637e-01,4.493421316146850586e-01,-1.992038786411285400e-01,-1.316712051630020142e-02
1.084807634353637695e+00,-1.253187656402587891e+00,5.281276106834411621e-01,4.761939123272895813e-02,-2.346468158066272736e-02,8.580874800682067871e-01,5.107520818710327148e-01,1.345465928316116333e-01,1.601125299930572510e-01,5.854837223887443542e-02,5.114748477935791016e-01,-5.199999809265136719e-01,-1.187440603971481323e-01,-7.973642945289611816e-01,1.648207306861877441e-01,3.051362037658691406e-01,4.473407268524169922e-01,-2.356288880109786987e-01,-1.092102471739053726e-02
1.046731948852539062e+00,-1.221070528030395508e+00,5.195316076278686523e-01,4.183242097496986389e-02,-5.328407045453786850e-03,8.656801581382751465e-01,4.988181293010711670e-01,2.034538835287094116e-01,1.051955148577690125e-01,5.227689072489738464e-02,5.364838242530822754e-01,-5.199997425079345703e-01,-5.530820786952972412e-02,-7.771658897399902344e-01,1.244615167379379272e-01,3.822586238384246826e-01,4.524368643760681152e-01,-2.690859436988830566e-01,5.434045102447271347e-03
1.007353186607360840e+00,-1.189453005790710449e+00,5.145836472511291504e-01,3.004737943410873413e-02,1.164137013256549835e-02,8.611860871315002441e-01,5.072673559188842773e-01,2.627678811550140381e-01,4.935851693153381348e-02,9.291129559278488159e-02,4.934891164302825928e-01,-3.515903949737548828e-01,2.432920411229133606e-02,-7.405092120170593262e-01,1.036735847592353821e-01,4.389945566654205322e-01,4.857480227947235107e-01,-2.883410453796386719e-01,2.343518845736980438e-02
9.679405093193054199e-01,-1.158800721168518066e+00,5.084977149963378906e-01,9.860493242740631104e-03,2.576757408678531647e-02,8.486186861991882324e-01,5.282851457595825195e-01,2.608128488063812256e-01,-7.532374002039432526e-03,1.282094568014144897e-01,4.976905286312103271e-01,-1.228430345654487610e-01,5.840491130948066711e-02,-7.244898080825805664e-01,1.143242344260215759e-01,4.968502521514892578e-01,5.184298753738403320e-01,-1.625170856714248657e-01,4.445423558354377747e-02
9.312607049942016602e-01,-1.131999492645263672e+00,5.056250691413879395e-01,4.984877072274684906e-03,4.176273196935653687e-02,8.469179868698120117e-01,5.300574898719787598e-01,2.336729019880294800e-01,-7.699219137430191040e-02,1.065546274185180664e-01,5.857597589492797852e-01,9.740743786096572876e-02,6.153018027544021606e-02,-7.352097034454345703e-01,7.994027435779571533e-02,5.030837059020996094e-01,6.351174116134643555e-01,-1.370905488729476929e-01,9.271144121885299683e-02
8.974611759185791016e-01,-1.106411695480346680e+00,5.048314929008483887e-01,1.167753525078296661e-02,4.259642958641052246e-02,8.649023771286010742e-01,4.999930560588836670e-01,2.208847552537918091e-01,-9.886328876018524170e-02,2.036764100193977356e-02,7.327599525451660156e-01,2.339840829372406006e-01,-2.146042650565505028e-03,-7.138359546661376953e-01,2.283307025209069252e-03,4.570092558860778809e-01,7.085484862327575684e-01,-1.724743843078613281e-01,1.774288862943649292e-01
8.642763495445251465e-01,-1.083169221878051758e+00,5.103999972343444824e-01,1.009275205433368683e-02,3.946961462497711182e-02,8.886798620223999023e-01,4.567148089408874512e-01,1.198158040642738342e-01,-6.501054018735885620e-02,-4.045676812529563904e-02,9.551512598991394043e-01,2.205599546432495117e-01,-3.183757513761520386e-02,-6.788371205329895020e-01,-9.023791551589965820e-02,3.700705468654632568e-01,7.310031652450561523e-01,-2.282669097185134888e-01,2.486377507448196411e-01
8.329516649246215820e-01,-1.061306357383728027e+00,5.215402245521545410e-01,4.522307310253381729e-03,2.564613521099090576e-02,9.061970710754394531e-01,4.220529496669769287e-01,-3.250964730978012085e-02,-4.063262417912483215e-02,-1.173630580306053162e-01,1.181760072708129883e+00,2.112532258033752441e-01,-5.898390710353851318e-02,-6.085187792778015137e-01,-1.316706091165542603e-01,3.026235103607177734e-01,7.217131257057189941e-01,-2.651618123054504395e-01,2.574980556964874268e-01
8.027232289314270020e-01,-1.042631149291992188e+00,5.378878116607666016e-01,-9.180355817079544067e-03,2.617244608700275421e-03,9.164669513702392578e-01,3.999965488910675049e-01,-2.278164178133010864e-01,-7.522611320018768311e-02,-2.262149900197982788e-01,1.391147136688232422e+00,1.694311648607254028e-01,-1.181237697601318359e-01,-5.219084620475769043e-01,-1.326271593570709229e-01,2.342674136161804199e-01,6.722111105918884277e-01,-2.816686332225799561e-01,2.350486069917678833e-01
7.691785693168640137e-01,-1.024271488189697266e+00,5.591809153556823730e-01,-2.262972295284271240e-02,-3.473789617419242859e-02,9.205639958381652832e-01,3.883852958679199219e-01,-3.962225019931793213e-01,-1.091128513216972351e-01,-3.190322816371917725e-01,1.523271560668945312e+00,8.365264534950256348e-02,-1.857395172119140625e-01,-4.081386625766754150e-01,-9.352770447731018066e-02,1.650731861591339111e-01,5.961241722106933594e-01,-2.322836965322494507e-01,1.923522204160690308e-01
7.392566800117492676e-01,-9.989449977874755859e-01,5.834115743637084961e-01,-1.172244083136320114e-02,-7.656810432672500610e-02,9.294617772102355957e-01,3.606948256492614746e-01,-4.534778892993927002e-01,-5.746506899595260620e-02,-4.209943711757659912e-01,1.518273115158081055e+00,3.763801604509353638e-02,-2.132043838500976562e-01,-2.487506568431854248e-01,-3.296754509210586548e-02,1.184576973319053650e-01,5.136078000068664551e-01,-8.945821225643157959e-02,1.034550443291664124e-01
7.146292328834533691e-01,-9.710778594017028809e-01,6.041077971458435059e-01,-6.321219261735677719e-03,-1.032815426588058472e-01,9.380223751068115234e-01,3.307672441005706787e-01,-5.459209084510803223e-01,6.300541758537292480e-02,-4.672290980815887451e-01,1.444812059402465820e+00,5.789705365896224976e-02,-1.762721389532089233e-01,-1.606978029012680054e-01,2.591327577829360962e-02,8.828493952751159668e-02,4.705418646335601807e-01,1.281978487968444824e-01,4.635100439190864563e-02
6.886474490165710449e-01,-9.448902010917663574e-01,6.215066313743591309e-01,2.271625213325023651e-03,-1.202537640929222107e-01,9.451099634170532227e-01,3.038108944892883301e-01,-6.249138116836547852e-01,1.407682746648788452e-01,-4.797220528125762939e-01,1.362159490585327148e+00,5.369183048605918884e-02,-1.275985687971115112e-01,-1.052236333489418030e-01,5.951216071844100952e-02,4.878285899758338928e-02,4.475147724151611328e-01,2.967224419116973877e-01,3.179075196385383606e-02
6.603709459304809570e-01,-9.206322431564331055e-01,6.343863606452941895e-01,1.125093549489974976e-02,-1.201117485761642456e-01,9.488687515258789062e-01,2.917098701000213623e-01,-6.738029122352600098e-01,1.339299976825714111e-01,-4.802588522434234619e-01,1.306530237197875977e+00,1.912777125835418701e-02,-1.244660168886184692e-01,-8.131105452775955200e-02,2.967550419270992279e-02,-1.208787970244884491e-02,4.013409316539764404e-01,2.893669009208679199e-01,2.079357393085956573e-02
6.311010718345642090e-01,-8.962389230728149414e-01,6.416249275207519531e-01,2.218266203999519348e-02,-1.173933446407318115e-01,9.529982209205627441e-01,2.784262001514434814e-01,-6.881271004676818848e-01,1.029714494943618774e-01,-4.850148558616638184e-01,1.251903176307678223e+00,-4.475449770689010620e-02,-1.387681961059570312e-01,-6.119879707694053650e-02,1.813321746885776520e-02,-5.469496245495975018e-04,3.109579086303710938e-01,2.460624575614929199e-01,-8.010568097233772278e-03
6.029864549636840820e-01,-8.718832731246948242e-01,6.436200141906738281e-01,3.391531109809875488e-02,-1.059733554720878601e-01,9.590424895286560059e-01,2.604935169219970703e-01,-6.860943436622619629e-01,7.517295330762863159e-02,-4.744985401630401611e-01,1.171211123466491699e+00,-8.501514047384262085e-02,-1.355513632297515869e-01,-5.844923108816146851e-02,-3.294206457212567329e-03,3.801788389682769775e-02,2.226161211729049683e-01,1.962623000144958496e-01,3.229355206713080406e-03
5.747608542442321777e-01,-8.475706577301025391e-01,6.388300061225891113e-01,4.221991449594497681e-02,-1.005513370037078857e-01,9.647774696350097656e-01,2.393978685140609741e-01,-6.738631129264831543e-01,6.794934719800949097e-02,-4.597936868667602539e-01,1.063035726547241211e+00,-1.284434795379638672e-01,-1.222377419471740723e-01,-6.087714433670043945e-02,-1.200793590396642685e-02,9.380988776683807373e-02,1.622286289930343628e-01,1.741114407777786255e-01,-1.592879183590412140e-02
5.458427667617797852e-01,-8.240537047386169434e-01,6.264057159423828125e-01,5.058899894356727600e-02,-9.724267572164535522e-02,9.687300324440002441e-01,2.225909531116485596e-01,-6.505392789840698242e-01,6.127756088972091675e-02,-4.520743787288665771e-01,9.415999054908752441e-01,-1.641877293586730957e-01,-9.488162398338317871e-02,-6.069407984614372253e-02,-2.939539961516857147e-02,1.136626228690147400e-01,1.555938273668289185e-01,1.354422122240066528e-01,-4.842688143253326416e-02
5.174762010574340820e-01,-7.998780608177185059e-01,6.065349578857421875e-01,5.973489210009574890e-02,-9.977362304925918579e-02,9.703372716903686523e-01,2.119494974613189697e-01,-6.284133791923522949e-01,7.189273089170455933e-02,-4.405669867992401123e-01,8.191922307014465332e-01,-2.050290703773498535e-01,-7.601579278707504272e-02,-5.828689038753509521e-02,-2.043197304010391235e-02,1.297155916690826416e-01,2.170905768871307373e-01,1.178100183606147766e-01,-4.968453571200370789e-02
4.895452558994293213e-01,-7.776917815208435059e-01,5.852147936820983887e-01,7.591028511524200439e-02,-8.160512894392013550e-02,9.732269644737243652e-01,2.010162323713302612e-01,-6.135474443435668945e-01,4.048412665724754333e-02,-3.864222168922424316e-01,7.128198742866516113e-01,-2.411965876817703247e-01,-3.606957197189331055e-02,-5.564425885677337646e-02,-7.311239838600158691e-02,7.765607535839080811e-02,3.717443346977233887e-01,-7.727105170488357544e-02,3.452731296420097351e-02
4.623782634735107422e-01,-7.555921673774719238e-01,5.640056133270263672e-01,9.098818898200988770e-02,-6.160285323858261108e-02,9.752565622329711914e-01,1.918354779481887817e-01,-6.202999353408813477e-01,1.523018931038677692e-03,-3.135065734386444092e-01,6.422318220138549805e-01,-3.026422560214996338e-01,-1.480669714510440826e-02,-5.854700505733489990e-02,-1.076831743121147156e-01,8.042063564062118530e-02,5.871989727020263672e-01,-3.408556580543518066e-01,1.175059899687767029e-01
4.347437918186187744e-01,-7.331595420837402344e-01,5.484992861747741699e-01,1.049311459064483643e-01,-3.779994323849678040e-02,9.761067628860473633e-01,1.864837706089019775e-01,-6.213170289993286133e-01,-5.234407633543014526e-02,-2.621297240257263184e-01,5.715909600257873535e-01,-3.467039763927459717e-01,1.554202847182750702e-02,2.038355730473995209e-02,-1.438913196325302124e-01,9.431896358728408813e-02,6.456999182701110840e-01,-5.199993252754211426e-01,1.935682296752929688e-01
4.071240425109863281e-01,-7.104710340499877930e-01,5.414262413978576660e-01,1.013695523142814636e-01,-1.839069090783596039e-02,9.765740036964416504e-01,1.889159828424453735e-01,-6.326872110366821289e-01,-7.307950407266616821e-02,-2.127322107553482056e-01,4.679575860500335693e-01,-3.635189831256866455e-01,4.700447618961334229e-02,8.882135152816772461e-02,-1.605309993028640747e-01,9.327822923660278320e-02,6.045679450035095215e-01,-5.199999809265136719e-01,1.749645769596099854e-01
3.759358525276184082e-01,-6.846119761466979980e-01,5.379331111907958984e-01,8.944398909807205200e-02,-1.224444713443517685e-02,9.759411215782165527e-01,1.984659284353256226e-01,-6.314420700073242188e-01,-6.206867843866348267e-02,-1.908648908138275146e-01,3.713898658752441406e-01,-3.665798902511596680e-01,4.833067581057548523e-02,1.705894917249679565e-01,-1.456442177295684814e-01,9.988417476415634155e-02,5.538663864135742188e-01,-5.199999809265136719e-01,1.317058950662612915e-01
3.414728045463562012e-01,-6.569283604621887207e-01,5.333054661750793457e-01,7.605919241905212402e-02,-1.870162226259708405e-02,9.759457707405090332e-01,2.034577131271362305e-01,-6.090087294578552246e-01,-4.358707740902900696e-02,-2.351087331771850586e-01,3.240078687667846680e-01,-3.660683035850524902e-01,4.382558912038803101e-02,2.327592670917510986e-01,-1.002060025930404663e-01,1.222978979349136353e-01,5.754107832908630371e-01,-5.199999809265136719e-01,8.057806640863418579e-02
3.072520792484283447e-01,-6.282527446746826172e-01,5.253710150718688965e-01,6.305681914091110229e-02,-6.235305219888687134e-03,9.815306663513183594e-01,1.805062592029571533e-01,-6.051463484764099121e-01,-8.461090922355651855e-02,-2.787732183933258057e-01,3.515644073486328125e-01,-1.738381534814834595e-01,5.018610134720802307e-02,2.427602857351303101e-01,-8.317680656909942627e-02,8.026912808418273926e-02,6.292719841003417969e-01,-4.371035397052764893e-01,4.032550379633903503e-02
2.771362364292144775e-01,-5.994251966476440430e-01,5.221092104911804199e-01,5.296797305345535278e-02,-3.652556333690881729e-03,9.852398633956909180e-01,1.627374142408370972e-01,-5.982153415679931641e-01,-8.303401619195938110e-02,-2.753480672836303711e-01,4.113407433032989502e-01,-1.640462875366210938e-02,3.212537243962287903e-02,2.368560135364532471e-01,-3.675177320837974548e-02,5.032850429415702820e-02,6.729824542999267578e-01,-2.289348542690277100e-01,2.132505550980567932e-02
2.490240782499313354e-01,-5.720729827880859375e-01,5.231233239173889160e-01,4.886258766055107117e-02,-1.627166569232940674e-02,9.849358201026916504e-01,1.650730818510055542e-01,-5.703595876693725586e-01,-3.455822169780731201e-02,-2.911515533924102783e-01,4.808459579944610596e-01,-1.163080055266618729e-02,-2.849907055497169495e-02,2.274498194456100464e-01,2.483785524964332581e-02,5.768815800547599792e-02,7.462211251258850098e-01,-1.730075664818286896e-02,1.054911967366933823e-02
2.247162163257598877e-01,-5.465250015258789062e-01,5.279112458229064941e-01,4.795023798942565918e-02,-1.454833615571260452e-02,9.819455742835998535e-01,1.824060827493667603e-01,-5.506607890129089355e-01,6.545744836330413818e-03,-2.647305130958557129e-01,5.453830957412719727e-01,-6.619134545326232910e-02,-1.142658367753028870e-01,1.765419542789459229e-01,7.851173728704452515e-02,1.389105618000030518e-01,8.610969781875610352e-01,8.443896472454071045e-02,8.144009113311767578e-02
2.006743699312210083e-01,-5.233860015869140625e-01,5.378928184509277344e-01,4.828688874840736389e-02,-2.578378655016422272e-03,9.761729240417480469e-01,2.115375250577926636e-01,-5.010156035423278809e-01,3.911406174302101135e-02,-2.175743579864501953e-01,5.435417890548706055e-01,-1.079766377806663513e-01,-1.364694982767105103e-01,8.310941606760025024e-02,6.290271878242492676e-02,1.990414410829544067e-01,9.673927426338195801e-01,-3.888512495905160904e-03,1.302704811096191406e-01
1.755708903074264526e-01,-5.014085769653320312e-01,5.485909581184387207e-01,4.877969995141029358e-02,1.885815989226102829e-03,9.689583778381347656e-01,2.423564940690994263e-01,-4.142755568027496338e-01,8.226114511489868164e-02,-1.657700985670089722e-01,4.856682717800140381e-01,-1.329803764820098877e-01,-1.367845088243484497e-01,-1.703385147266089916e-03,2.903339453041553497e-02,2.363502979278564453e-01,9.918550848960876465e-01,-4.963826388120651245e-02,1.339629292488098145e-01
1.498208642005920410e-01,-4.792935550212860107e-01,5.575598478317260742e-01,5.457922816276550293e-02,2.902415115386247635e-03,9.603688120841979980e-01,2.733210325241088867e-01,-3.130989372730255127e-01,1.210889294743537903e-01,-9.388949722051620483e-02,4.241193234920501709e-01,-1.445283740758895874e-01,-1.322511881589889526e-01,-7.712379097938537598e-02,-8.967942558228969574e-03,2.591034770011901855e-01,9.677605032920837402e-01,-8.146571367979049683e-02,1.254151314496994019e-01
1.248530521988868713e-01,-4.576556682586669922e-01,5.636994242668151855e-01,5.598047375679016113e-02,2.510622842237353325e-03,9.502831697463989258e-01,3.063034713268280029e-01,-2.254349887371063232e-01,1.514261513948440552e-01,-2.680583484470844269e-02,3.717799782752990723e-01,-1.530589014291763306e-01,-1.220068112015724182e-01,-1.591918617486953735e-01,-3.043552115559577942e-02,2.886435091495513916e-01,9.060997366905212402e-01,-1.050032451748847961e-01,1.146294325590133667e-01
9.997521340847015381e-02,-4.361112117767333984e-01,5.671579837799072266e-01,5.676103010773658752e-02,-2.057461766526103020e-03,9.392974376678466797e-01,3.383700847625732422e-01,-1.258402019739151001e-01,1.752368807792663574e-01,2.322202175855636597e-02,3.036223053932189941e-01,-1.591196805238723755e-01,-1.099207624793052673e-01,-2.342009544372558594e-01,-2.857055328786373138e-02,3.237139582633972168e-01,8.205710649490356445e-01,-1.371216475963592529e-01,9.372542053461074829e-02
7.594488561153411865e-02,-4.154007732868194580e-01,5.677248835563659668e-01,5.453480035066604614e-02,-6.484550889581441879e-03,9.274078607559204102e-01,3.699980676174163818e-01,-4.772100225090980530e-02,1.913888901472091675e-01,7.543118298053741455e-02,2.623580396175384521e-01,-1.773183643817901611e-01,-9.884326159954071045e-02,-3.127693533897399902e-01,-1.088210660964250565e-02,3.567000031471252441e-01,7.164255380630493164e-01,-1.786139011383056641e-01,7.428234070539474487e-02
5.119751021265983582e-02,-3.956118524074554443e-01,5.654345750808715820e-01,5.022308975458145142e-02,-1.154151931405067444e-02,9.167182445526123047e-01,3.961970210075378418e-01,1.575481146574020386e-02,2.019113153219223022e-01,1.295868903398513794e-01,2.475140988826751709e-01,-2.031663209199905396e-01,-8.976627141237258911e-02,-3.835228681564331055e-01,1.199622079730033875e-02,3.849997520446777344e-01,5.921311378479003906e-01,-2.063646018505096436e-01,3.928985819220542908e-02
2.637474611401557922e-02,-3.754499852657318115e-01,5.622324347496032715e-01,4.579443857073783875e-02,-1.419063564389944077e-02,9.088267683982849121e-01,4.144096672534942627e-01,7.459602504968643188e-02,2.020574808120727539e-01,1.729712039232254028e-01,2.426279485225677490e-01,-2.480966299772262573e-01,-8.296632766723632812e-02,-4.550755620002746582e-01,2.070356719195842743e-02,3.629171848297119141e-01,4.512237012386322021e-01,-2.288965433835983276e-01,1.418199110776185989e-02
1.126133138313889503e-03,-3.549856841564178467e-01,5.578804016113281250e-01,4.294589534401893616e-02,-1.242752186954021454e-02,9.046629071235656738e-01,4.237761795520782471e-01,1.247613430023193359e-01,1.912515014410018921e-01,2.021797448396682739e-01,2.621613442897796631e-01,-3.040039539337158203e-01,-8.208016306161880493e-02,-5.222942829132080078e-01,1.765141263604164124e-02,3.311055004596710205e-01,3.293152451515197754e-01,-2.556358575820922852e-01,-1.598692615516483784e-03
-2.508473955094814301e-02,-3.343995213508605957e-01,5.521431565284729004e-01,3.826091811060905457e-02,-7.207563146948814392e-03,9.037911295890808105e-01,4.261992275714874268e-01,1.648120284080505371e-01,1.760198622941970825e-01,2.159895449876785278e-01,2.907517850399017334e-01,-3.422357141971588135e-01,-7.097966223955154419e-02,-5.814014673233032227e-01,3.645981894806027412e-03,3.036440014839172363e-01,2.475181072950363159e-01,-2.793163359165191650e-01,-1.935188472270965576e-02
-5.241214856505393982e-02,-3.129399418830871582e-01,5.451955199241638184e-01,3.349218517541885376e-02,-1.602098927833139896e-03,9.007450938224792480e-01,4.330519735813140869e-01,1.964916735887527466e-01,1.597844958305358887e-01,2.317388653755187988e-01,3.337205946445465088e-01,-3.517472445964813232e-01,-4.831986874341964722e-02,-6.153122782707214355e-01,1.065965625457465649e-03,3.177348077297210693e-01,2.427927404642105103e-01,-2.981621623039245605e-01,-2.329703792929649353e-02
-8.346936106681823730e-02,-2.909440994262695312e-01,5.374007225036621094e-01,3.036969713866710663e-02,1.602384727448225021e-03,8.965439796447753906e-01,4.419095218181610107e-01,2.342642992734909058e-01,1.379643678665161133e-01,2.467305660247802734e-01,3.736400902271270752e-01,-3.127010762691497803e-01,-9.280955418944358826e-03,-6.290973424911499023e-01,3.804167266935110092e-03,3.368331193923950195e-01,3.253660202026367188e-01,-3.118320703506469727e-01,1.075885375030338764e-03
-1.163806989789009094e-01,-2.675691545009613037e-01,5.287678241729736328e-01,2.434542961418628693e-02,1.070522330701351166e-02,8.901001214981079102e-01,4.549884498119354248e-01,2.548782229423522949e-01,1.067628562450408936e-01,2.716112732887268066e-01,4.193935692310333252e-01,-1.911010891199111938e-01,5.363975837826728821e-02,-6.221540570259094238e-01,4.485192708671092987e-03,3.862944245338439941e-01,3.950296342372894287e-01,-2.382991760969161987e-01,3.247059136629104614e-02
-1.489274948835372925e-01,-2.455528527498245239e-01,5.223754048347473145e-01,1.302500348538160324e-02,3.733198717236518860e-02,8.871035575866699219e-01,4.598738253116607666e-01,2.197174280881881714e-01,5.079012364149093628e-02,2.459040284156799316e-01,5.017244815826416016e-01,8.812141604721546173e-03,1.106201410293579102e-01,-6.365921497344970703e-01,-2.839898131787776947e-02,4.251678586006164551e-01,4.425162971019744873e-01,-1.404493451118469238e-01,8.516123145818710327e-02
-1.799506247043609619e-01,-2.242707908153533936e-01,5.196374058723449707e-01,1.631671562790870667e-02,6.080556288361549377e-02,8.893957734107971191e-01,4.527820646762847900e-01,2.070195674896240234e-01,-1.119127590209245682e-02,1.845063120126724243e-01,5.770255923271179199e-01,2.702123820781707764e-01,1.554693877696990967e-01,-6.264905333518981934e-01,-9.527394175529479980e-02,4.309546649456024170e-01,5.085330605506896973e-01,-1.463650465011596680e-01,1.394217163324356079e-01
-2.105569392442703247e-01,-2.048128396272659302e-01,5.253738760948181152e-01,1.114823110401630402e-02,6.217895075678825378e-02,8.970803022384643555e-01,4.373286962509155273e-01,1.367360651493072510e-01,-7.034423947334289551e-02,4.216459766030311584e-02,6.929994225502014160e-01,3.927015662193298340e-01,8.580855280160903931e-02,-5.835435390472412109e-01,-1.432870775461196899e-01,3.918128907680511475e-01,5.200193524360656738e-01,-1.878908127546310425e-01,2.054645568132400513e-01
-2.405855804681777954e-01,-1.859862357378005981e-01,5.342987179756164551e-01,-2.597787417471408844e-03,5.231599509716033936e-02,9.127315878868103027e-01,4.051880836486816406e-01,-1.057095080614089966e-02,-9.748606383800506592e-02,-1.009964197874069214e-01,8.565748333930969238e-01,2.917391657829284668e-01,-5.111123993992805481e-02,-5.463289618492126465e-01,-1.766001284122467041e-01,3.175972402095794678e-01,5.206925868988037109e-01,-2.137521654367446899e-01,2.574679553508758545e-01
-2.703106403350830078e-01,-1.657112836837768555e-01,5.448681712150573730e-01,-7.198716048151254654e-04,3.689958527684211731e-02,9.277092218399047852e-01,3.714748024940490723e-01,-1.127896681427955627e-01,-1.008171588182449341e-01,-1.981495469808578491e-01,9.277839064598083496e-01,1.805918067693710327e-01,-1.152351945638656616e-01,-4.393749535083770752e-01,-2.071579992771148682e-01,2.346432507038116455e-01,4.698528349399566650e-01,-2.294293493032455444e-01,2.528934776782989502e-01
-2.991058528423309326e-01,-1.441632062196731567e-01,5.550586581230163574e-01,8.949905633926391602e-03,2.086491510272026062e-02,9.420772790908813477e-01,3.346266448497772217e-01,-1.870121508836746216e-01,-7.386863231658935547e-02,-2.591549456119537354e-01,9.197570681571960449e-01,7.579805701971054077e-02,-1.379607319831848145e-01,-3.030606508255004883e-01,-2.226201742887496948e-01,1.484960615634918213e-01,3.915545344352722168e-01,-2.070113569498062134e-01,2.396924644708633423e-01
-3.264429569244384766e-01,-1.236647814512252808e-01,5.620588660240173340e-01,1.278648059815168381e-02,1.295385602861642838e-02,9.556118845939636230e-01,2.940656542778015137e-01,-2.718268036842346191e-01,-6.386950612068176270e-02,-3.183124065399169922e-01,8.643535375595092773e-01,-6.385884713381528854e-03,-1.265478283166885376e-01,-1.916523873805999756e-01,-2.316042184829711914e-01,7.697470486164093018e-02,3.226580023765563965e-01,-1.967757195234298706e-01,2.055115997791290283e-01
-3.525827825069427490e-01,-1.027377694845199585e-01,5.660118460655212402e-01,1.578327827155590057e-02,9.962887503206729889e-03,9.671907424926757812e-01,2.533647716045379639e-01,-3.525244295597076416e-01,-6.978966295719146729e-02,-3.628328740596771240e-01,7.710080742835998535e-01,-7.400432974100112915e-02,-1.084787249565124512e-01,-8.935840427875518799e-02,-2.306644618511199951e-01,8.735677227377891541e-03,2.586171329021453857e-01,-1.832725554704666138e-01,1.679855138063430786e-01
-3.785329163074493408e-01,-8.172949403524398804e-02,5.661110877990722656e-01,2.018333785235881805e-02,8.240854367613792419e-03,9.757858514785766602e-01,2.176389992237091064e-01,-4.163330793380737305e-01,-8.654949069023132324e-02,-3.972233831882476807e-01,6.482449173927307129e-01,-1.216861009597778320e-01,-7.529908418655395508e-02,1.882219454273581505e-03,-2.209484279155731201e-01,-5.540991947054862976e-02,2.212120890617370605e-01,-1.826264560222625732e-01,1.251260191202163696e-01
-4.049314856529235840e-01,-6.046146899461746216e-02,5.648859739303588867e-01,2.550002001225948334e-02,8.449482731521129608e-03,9.821541905403137207e-01,1.861489862203598022e-01,-4.795815050601959229e-01,-9.709738940000534058e-02,-3.833652734756469727e-01,5.081105232238769531e-01,-1.729017794132232666e-01,-2.036353014409542084e-02,8.970215171575546265e-02,-2.015355974435806274e-01,-1.085488572716712952e-01,1.920215487480163574e-01,-2.058819532394409180e-01,1.072430014610290527e-01
-4.307333827018737793e-01,-3.911014273762702942e-02,5.622411370277404785e-01,2.282324247062206268e-02,3.856055438518524170e-03,9.848230481147766113e-01,1.720108985900878906e-01,-5.576078295707702637e-01,-8.706338703632354736e-02,-3.254406154155731201e-01,3.719355165958404541e-01,-2.154478728771209717e-01,-1.221882645040750504e-02,1.513808667659759521e-01,-1.663238257169723511e-01,-1.421349495649337769e-01,1.872534006834030151e-01,-2.420946806669235229e-01,9.277417510747909546e-02
-4.565576314926147461e-01,-1.724705658853054047e-02,5.573719143867492676e-01,1.671038940548896790e-02,1.304962555877864361e-03,9.851645827293395996e-01,1.707915514707565308e-01,-6.343784928321838379e-01,-7.448314130306243896e-02,-2.801011204719543457e-01,2.693283557891845703e-01,-2.348791509866714478e-01,-1.268427260220050812e-02,1.970869451761245728e-01,-1.349580585956573486e-01,-1.591841280460357666e-01,2.023875862360000610e-01,-2.729864120483398438e-01,8.625560253858566284e-02
-4.838337004184722900e-01,7.516312412917613983e-03,5.495177507400512695e-01,1.864250935614109039e-02,3.060193033888936043e-03,9.859049320220947266e-01,1.662364453077316284e-01,-6.760878562927246094e-01,-7.115361839532852173e-02,-2.725695967674255371e-01,2.538418471813201904e-01,-2.536885440349578857e-01,1.109120342880487442e-02,2.515865862369537354e-01,-1.124375984072685242e-01,-1.859363466501235962e-01,2.329978346824645996e-01,-2.789570093154907227e-01,6.086975336074829102e-02
-5.131152272224426270e-01,3.353302180767059326e-02,5.404273271560668945e-01,2.411336079239845276e-02,4.778994712978601456e-03,9.876174926757812500e-01,1.549433618783950806e-01,-6.841189265251159668e-01,-8.216509968042373657e-02,-2.882786691188812256e-01,3.362974822521209717e-01,-2.744947075843811035e-01,1.173473894596099854e-02,2.971555888652801514e-01,-9.220538288354873657e-02,-2.405563741922378540e-01,2.900821268558502197e-01,-2.495685815811157227e-01,2.765337191522121429e-02
-5.444354414939880371e-01,6.101242452859878540e-02,5.306119918823242188e-01,2.057430148124694824e-02,1.477453298866748810e-02,9.893969297409057617e-01,1.430108994245529175e-01,-6.903762221336364746e-01,-1.184555217623710632e-01,-3.443042933940887451e-01,4.416184723377227783e-01,-1.526761800050735474e-01,-3.700254485011100769e-02,3.134565055370330811e-01,-8.335405588150024414e-02,-2.766253948211669922e-01,3.509854972362518311e-01,-1.592834591865539551e-01,4.193153232336044312e-03
-5.757364034652709961e-01,8.940143883228302002e-02,5.239639878273010254e-01,4.212908446788787842e-03,6.342509761452674866e-03,9.901566505432128906e-01,1.397562026977539062e-01,-7.016097903251647949e-01,-9.133873134851455688e-02,-3.563961684703826904e-01,5.203118920326232910e-01,-5.882270261645317078e-02,-9.006948024034500122e-02,2.899855673313140869e-01,-4.004415497183799744e-02,-2.584920227527618408e-01,4.371110796928405762e-01,7.999890483915805817e-03,-2.781905420124530792e-02
-6.037635803222656250e-01,1.168303117156028748e-01,5.214394927024841309e-01,-1.124385511502623558e-03,-1.726172678172588348e-02,9.903296828269958496e-01,1.376513242721557617e-01,-6.451423168182373047e-01,-2.297451533377170563e-02,-4.126370549201965332e-01,5.566547513008117676e-01,-1.106101274490356445e-01,-7.722716033458709717e-02,2.563475966453552246e-01,3.157348185777664185e-02,-1.977955549955368042e-01,5.628576278686523438e-01,2.171449065208435059e-01,-1.112347319722175598e-01
-6.297364234924316406e-01,1.423969864845275879e-01,5.267546176910400391e-01,-5.674895830452442169e-03,-1.818907633423805237e-02,9.878281354904174805e-01,1.543778926134109497e-01,-6.003345251083374023e-01,3.148638084530830383e-02,-3.980041444301605225e-01,5.734455585479736328e-01,-1.665378063917160034e-01,-1.382084488868713379e-01,1.686612069606781006e-01,6.775206327438354492e-02,-8.097499608993530273e-02,7.120687961578369141e-01,3.082223236560821533e-01,-5.130502581596374512e-02
-6.565042138099670410e-01,1.659496426582336426e-01,5.365964770317077637e-01,3.627483965829014778e-03,-6.132838316261768341e-03,9.817155599594116211e-01,1.902204453945159912e-01,-5.171426534652709961e-01,7.663498073816299438e-02,-3.261036872863769531e-01,5.426652431488037109e-01,-1.889613419771194458e-01,-1.504321396350860596e-01,6.012363359332084656e-02,1.824784465134143829e-02,-5.844955798238515854e-03,8.609693646430969238e-01,1.706849634647369385e-01,1.756140775978565216e-02
-6.835556030273437500e-01,1.894560754299163818e-01,5.471693873405456543e-01,1.416304241865873337e-02,2.298609586432576180e-03,9.742264747619628906e-01,2.251152396202087402e-01,-4.171927571296691895e-01,1.169157624244689941e-01,-2.539731860160827637e-01,4.952249526977539062e-01,-2.096399068832397461e-01,-1.552384346723556519e-01,-3.770593181252479553e-02,-5.686314310878515244e-03,9.355083107948303223e-02,9.255195260047912598e-01,7.227297127246856689e-02,6.539351493120193481e-02
-7.091445326805114746e-01,2.132295221090316772e-01,5.558894872665405273e-01,2.692970260977745056e-02,6.974145770072937012e-03,9.652792215347290039e-01,2.597347199916839600e-01,-2.981487810611724854e-01,1.500704735517501831e-01,-1.877939552068710327e-01,4.249913990497589111e-01,-1.990182995796203613e-01,-1.432151645421981812e-01,-1.241804584860801697e-01,-1.300625596195459366e-02,1.948499530553817749e-01,9.268270134925842285e-01,4.685222171247005463e-03,9.263195842504501343e-02
-7.351511120796203613e-01,2.350887060165405273e-01,5.622307658195495605e-01,3.428670391440391541e-02,9.551500901579856873e-03,9.537562727928161621e-01,2.984663844108581543e-01,-1.957497447729110718e-01,1.739836633205413818e-01,-1.114058718085289001e-01,3.641858994960784912e-01,-1.847297251224517822e-01,-1.168610751628875732e-01,-2.092182636260986328e-01,-2.645444311201572418e-02,2.712171375751495361e-01,8.661885261535644531e-01,-5.230873450636863708e-02,1.012692227959632874e-01
-7.612212300300598145e-01,2.564145028591156006e-01,5.659586787223815918e-01,3.000756539404392242e-02,1.422836631536483765e-02,9.408842921257019043e-01,3.370961844921112061e-01,-1.363491863012313843e-01,1.826694011688232422e-01,-3.367520123720169067e-02,3.354075551033020020e-01,-1.622610837221145630e-01,-1.412591040134429932e-01,-3.163811266422271729e-01,-4.044857993721961975e-02,3.082049190998077393e-01,7.606080770492553711e-01,-9.397087991237640381e-02,1.325335502624511719e-01
-7.863837480545043945e-01,2.770456671714782715e-01,5.664997696876525879e-01,3.188744559884071350e-02,1.277858391404151917e-02,9.273492097854614258e-01,3.726168870925903320e-01,-5.772287026047706604e-02,1.905119270086288452e-01,3.843066096305847168e-02,3.058316707611083984e-01,-1.658056676387786865e-01,-1.108365058898925781e-01,-3.962222337722778320e-01,-3.937528654932975769e-02,3.238822817802429199e-01,6.179406642913818359e-01,-1.257025003433227539e-01,1.252880543470382690e-01
-8.128066062927246094e-01,2.969085574150085449e-01,5.643569827079772949e-01,3.308780491352081299e-02,8.636668324470520020e-03,9.141684770584106445e-01,4.038894176483154297e-01,2.343534491956233978e-02,1.915156990289688110e-01,1.099246591329574585e-01,2.802078127861022949e-01,-1.867473125457763672e-01,-8.371825516223907471e-02,-4.626864194869995117e-01,-2.653816901147365570e-02,3.273468911647796631e-01,4.613627493381500244e-01,-1.571407914161682129e-01,8.906138688325881958e-02
-8.383954167366027832e-01,3.169916570186614990e-01,5.613178014755249023e-01,3.497916087508201599e-02,1.248587109148502350e-02,9.041308760643005371e-01,4.256382584571838379e-01,9.109343588352203369e-02,1.675796657800674438e-01,1.546993851661682129e-01,2.719995379447937012e-01,-2.208505868911743164e-01,-5.993336066603660583e-02,-5.229424238204956055e-01,-3.000844456255435944e-02,2.893308699131011963e-01,3.007948100566864014e-01,-1.922068893909454346e-01,8.091934025287628174e-02
-8.647298812866210938e-01,3.377924263477325439e-01,5.556190013885498047e-01,3.310673311352729797e-02,1.703126728534698486e-02,8.989632129669189453e-01,4.364389777183532715e-01,1.433092057704925537e-01,1.455210745334625244e-01,1.790137588977813721e-01,2.856029868125915527e-01,-2.571510970592498779e-01,-3.918867185711860657e-02,-5.842598080635070801e-01,-2.535231970250606537e-02,3.032611906528472900e-01,2.145074158906936646e-01,-2.230214774608612061e-01,7.720967382192611694e-02
-8.929125666618347168e-01,3.601149916648864746e-01,5.481183528900146484e-01,2.974722720682621002e-02,1.825639791786670685e-02,8.896359801292419434e-01,4.553346633911132812e-01,1.859967857599258423e-01,1.321031153202056885e-01,2.325079143047332764e-01,3.205243349075317383e-01,-2.793160974979400635e-01,2.352912910282611847e-02,-6.369049549102783203e-01,-1.340036746114492416e-03,3.239307403564453125e-01,2.517214119434356689e-01,-2.749984264373779297e-01,6.387490034103393555e-02
-9.223453998565673828e-01,3.837013542652130127e-01,5.398027896881103516e-01,3.073529899120330811e-02,1.696682907640933990e-02,8.808960318565368652e-01,4.720059931278228760e-01,2.307318001985549927e-01,1.127194389700889587e-01,2.656814157962799072e-01,3.654145896434783936e-01,-2.312158495187759399e-01,5.654218047857284546e-02,-6.583710312843322754e-01,1.495954301208257675e-02,3.327584266662597656e-01,3.633139431476593018e-01,-2.744776904582977295e-01,8.018139749765396118e-02
-9.557858705520629883e-01,4.088000357151031494e-01,5.321127176284790039e-01,2.489647455513477325e-02,2.780190669000148773e-02,8.748023509979248047e-01,4.830404818058013916e-01,2.415563613176345825e-01,7.609711587429046631e-02,2.693434357643127441e-01,4.265155196189880371e-01,-1.082368791103363037e-01,8.715976029634475708e-02,-6.645587086677551270e-01,-9.957251138985157013e-03,3.381685912609100342e-01,4.459626078605651855e-01,-2.348753809928894043e-01,1.106922775506973267e-01
-9.897061586380004883e-01,4.335436820983886719e-01,5.251116156578063965e-01,1.466809771955013275e-02,5.499583482742309570e-02,8.725624680519104004e-01,4.851752817630767822e-01,2.078400850296020508e-01,1.160838454961776733e-02,2.164061665534973145e-01,5.083773136138916016e-01,1.378963440656661987e-01,1.152919977903366089e-01,-6.696069240570068359e-01,-5.365519598126411438e-02,3.776693046092987061e-01,4.754523038864135742e-01,-1.410441100597381592e-01,1.624011099338531494e-01
-1.021087527275085449e+00,4.576557278633117676e-01,5.233772397041320801e-01,1.292644254863262177e-02,7.163836061954498291e-02,8.742871284484863281e-01,4.799196422100067139e-01,1.585819721221923828e-01,-4.448302090167999268e-02,1.402773559093475342e-01,6.336636543273925781e-01,3.932645320892333984e-01,8.515927940607070923e-02,-6.584455370903015137e-01,-1.120601594448089600e-01,3.750687837600708008e-01,5.334213376045227051e-01,-1.390352845191955566e-01,2.043564468622207642e-01
-1.051498770713806152e+00,4.792869687080383301e-01,5.292509198188781738e-01,1.292552985250949860e-02,5.827969312667846680e-02,8.869115114212036133e-01,4.580658972263336182e-01,5.280344933271408081e-02,-8.668939769268035889e-02,-2.402941137552261353e-02,8.433661460876464844e-01,3.901766538619995117e-01,-3.617329150438308716e-02,-6.036580204963684082e-01,-1.476197242736816406e-01,3.207757771015167236e-01,5.693789124488830566e-01,-1.897475123405456543e-01,2.434588074684143066e-01
-1.080782413482666016e+00,5.016454458236694336e-01,5.396896600723266602e-01,1.315166614949703217e-02,3.673842921853065491e-02,9.054324030876159668e-01,4.226931035518646240e-01,-1.019537150859832764e-01,-5.098145827651023865e-02,-1.158332601189613342e-01,1.038794994354248047e+00,1.899456381797790527e-01,-1.172047927975654602e-01,-5.173467397689819336e-01,-1.805647015571594238e-01,2.230120152235031128e-01,5.541751980781555176e-01,-2.086531817913055420e-01,2.571732401847839355e-01
-1.108888983726501465e+00,5.229876041412353516e-01,5.506346821784973145e-01,1.257896423339843750e-02,1.981928758323192596e-02,9.198087453842163086e-01,3.916641771793365479e-01,-2.673263251781463623e-01,-3.006203100085258484e-02,-1.934711337089538574e-01,1.151224017143249512e+00,6.385263055562973022e-02,-1.593177467584609985e-01,-4.170448482036590576e-01,-1.997808367013931274e-01,1.428389698266983032e-01,5.104526877403259277e-01,-2.243853807449340820e-01,2.475709319114685059e-01
-1.135661363601684570e+00,5.455940365791320801e-01,5.618097782135009766e-01,1.522719766944646835e-02,3.857522504404187202e-03,9.334102869033813477e-01,3.584668338298797607e-01,-4.084489941596984863e-01,-1.551887392997741699e-02,-2.693752348423004150e-01,1.181610226631164551e+00,-8.048240840435028076e-02,-1.631100624799728394e-01,-2.936882674694061279e-01,-2.002250254154205322e-01,7.820141315460205078e-02,4.386692047119140625e-01,-2.215466052293777466e-01,2.180227339267730713e-01
-1.161382079124450684e+00,5.687546730041503906e-01,5.701410174369812012e-01,1.987395249307155609e-02,-6.362202111631631851e-03,9.461104869842529297e-01,3.231710493564605713e-01,-5.207436084747314453e-01,-2.341639064252376556e-02,-3.310953080654144287e-01,1.133145213127136230e+00,-1.630007922649383545e-01,-1.562904715538024902e-01,-1.731817722320556641e-01,-1.970838457345962524e-01,9.942105971276760101e-03,3.601793646812438965e-01,-2.077257633209228516e-01,1.796085536479949951e-01
-1.185871362686157227e+00,5.928957462310791016e-01,5.752543210983276367e-01,2.950641885399818420e-02,-1.017559599131345749e-02,9.587268829345703125e-01,2.826104164123535156e-01,-5.999971032142639160e-01,-4.921972006559371948e-02,-3.726812601089477539e-01,1.029789686203002930e+00,-2.038059532642364502e-01,-1.479057073593139648e-01,-5.075335502624511719e-02,-1.924070268869400024e-01,-6.425893306732177734e-02,2.786870598793029785e-01,-1.748031973838806152e-01,1.560184061527252197e-01
-1.210865616798400879e+00,6.165071725845336914e-01,5.763818621635437012e-01,3.297686949372291565e-02,-7.968439720571041107e-03,9.699368476867675781e-01,2.409804761409759521e-01,-6.817048788070678711e-01,-9.359690546989440918e-02,-3.905824422836303711e-01,8.994758129119873047e-01,-2.300586700439453125e-01,-1.034826785326004028e-01,4.230727255344390869e-02,-1.810317188501358032e-01,-1.303788870573043823e-01,2.217434644699096680e-01,-1.688548922538757324e-01,1.280289590358734131e-01
-1.236316442489624023e+00,6.402238011360168457e-01,5.738512277603149414e-01,3.637643903493881226e-02,-5.158419255167245865e-03,9.782105684280395508e-01,2.043386548757553101e-01,-7.396848201751708984e-01,-1.335387527942657471e-01,-3.785979151725769043e-01,7.287180423736572266e-01,-2.265750765800476074e-01,-5.119527503848075867e-02,1.217397823929786682e-01,-1.626842767000198364e-01,-1.885050833225250244e-01,1.912160217761993408e-01,-1.737040132284164429e-01,9.830765426158905029e-02
-1.262637257575988770e+00,6.632719635963439941e-01,5.692259073257446289e-01,3.931470960378646851e-02,-6.244136486202478409e-03,9.823198318481445312e-01,1.829291731119155884e-01,-7.794615626335144043e-01,-1.538441926240921021e-01,-3.477489650249481201e-01,5.555251240730285645e-01,-2.389459908008575439e-01,-8.824096992611885071e-03,1.964175850152969360e-01,-1.336419880390167236e-01,-2.262005209922790527e-01,1.800019890069961548e-01,-1.972579210996627808e-01,7.773653417825698853e-02
-1.288852334022521973e+00,6.877143979072570801e-01,5.628842115402221680e-01,4.011011868715286255e-02,-8.878126740455627441e-03,9.847834706306457520e-01,1.688603758811950684e-01,-8.015976548194885254e-01,-1.681937575340270996e-01,-3.283493518829345703e-01,4.409167170524597168e-01,-2.471999078989028931e-01,1.975925825536251068e-02,2.575936615467071533e-01,-9.785623103380203247e-02,-2.550524771213531494e-01,1.907743811607360840e-01,-2.129337340593338013e-01,4.812556132674217224e-02
-1.315243959426879883e+00,7.145049571990966797e-01,5.562769770622253418e-01,4.243597388267517090e-02,-1.127128116786479950e-02,9.889982342720031738e-01,1.412606984376907349e-01,-7.920193076133728027e-01,-1.962398588657379150e-01,-3.347941339015960693e-01,4.381570219993591309e-01,-2.822718918323516846e-01,8.687736093997955322e-02,2.832701504230499268e-01,-5.841605737805366516e-02,-3.024253547191619873e-01,2.612570226192474365e-01,-2.311012744903564453e-01,-2.364580705761909485e-02
-1.345312952995300293e+00,7.432147264480590820e-01,5.494692325592041016e-01,3.462038189172744751e-02,-1.199408341199159622e-02,9.915056228637695312e-01,1.247965022921562195e-01,-7.736390233039855957e-01,-1.997858285903930664e-01,-3.527619242668151855e-01,5.077603459358215332e-01,-2.997855544090270996e-01,7.679580897092819214e-02,2.936178445816040039e-01,-2.200639992952346802e-02,-3.342601358890533447e-01,3.287611901760101318e-01,-1.837692409753799438e-01,-6.186784803867340088e-02
-1.377990245819091797e+00,7.726064324378967285e-01,5.429902076721191406e-01,2.153433114290237427e-02,-1.531287282705307007e-02,9.926995038986206055e-01,1.176839396357536316e-01,-7.369655370712280273e-01,-1.762125492095947266e-01,-3.902894556522369385e-01,5.447636246681213379e-01,-2.312482148408889771e-01,3.577776998281478882e-02,3.048924207687377930e-01,1.857987418770790100e-02,-3.363055884838104248e-01,3.707470297813415527e-01,-5.239928141236305237e-02,-9.382357448339462280e-02
-1.408033490180969238e+00,8.027833700180053711e-01,5.379580259323120117e-01,-2.106857020407915115e-03,-3.216550499200820923e-02,9.917553663253784180e-01,1.240253448486328125e-01,-7.302438020706176758e-01,-1.240291818976402283e-01,-4.427230358123779297e-01,5.785092711448669434e-01,-2.004932314157485962e-01,-3.852381929755210876e-02,2.700221836566925049e-01,8.295978605747222900e-02,-2.673372626304626465e-01,4.565593302249908447e-01,1.512519419193267822e-01,-1.371400356292724609e-01
-1.436510086059570312e+00,8.317524194717407227e-01,5.372335910797119141e-01,-8.526234887540340424e-03,-4.122654721140861511e-02,9.893241524696350098e-01,1.395186036825180054e-01,-7.109937667846679688e-01,-6.490560621023178101e-02,-4.479199349880218506e-01,6.446092128753662109e-01,-2.352395206689834595e-01,-1.183319836854934692e-01,2.332697808742523193e-01,1.408209502696990967e-01,-1.386061310768127441e-01,5.845196247100830078e-01,3.153177201747894287e-01,-9.685463458299636841e-02
-1.463310718536376953e+00,8.597731590270996094e-01,5.423247218132019043e-01,5.298571661114692688e-03,-2.741007693111896515e-02,9.853575825691223145e-01,1.681993007659912109e-01,-6.572300195693969727e-01,-3.073958680033683777e-02,-4.022941887378692627e-01,6.885855197906494141e-01,-2.693602144718170166e-01,-1.625418365001678467e-01,1.660654991865158081e-01,1.551706343889236450e-01,1.542955636978149414e-02,7.792275547981262207e-01,2.564131319522857666e-01,8.547415025532245636e-03
-1.489188075065612793e+00,8.856839537620544434e-01,5.517420172691345215e-01,1.832059398293495178e-02,-1.686844415962696075e-02,9.792338013648986816e-01,2.011986970901489258e-01,-5.770405530929565430e-01,1.974680088460445404e-02,-3.408951163291931152e-01,6.757688522338867188e-01,-2.989925742149353027e-01,-1.845177263021469116e-01,5.723877623677253723e-02,1.358534097671508789e-01,1.072688698768615723e-01,9.651513099670410156e-01,9.047663211822509766e-02,7.987409830093383789e-02
-1.514508605003356934e+00,9.097118377685546875e-01,5.620787143707275391e-01,2.681774087250232697e-02,-7.247385103255510330e-03,9.718948006629943848e-01,2.337707877159118652e-01,-4.941209256649017334e-01,5.966445431113243103e-02,-2.819252610206604004e-01,6.476792097091674805e-01,-3.248803019523620605e-01,-1.776964813470840454e-01,-6.823518127202987671e-02,9.480407088994979858e-02,1.708930134773254395e-01,1.077158689498901367e+00,-3.788958862423896790e-02,1.223698705434799194e-01
-1.540106654167175293e+00,9.323408603668212891e-01,5.737257599830627441e-01,3.469042107462882996e-02,-3.172186436131596565e-03,9.638221859931945801e-01,2.642599046230316162e-01,-3.904630541801452637e-01,1.014976873993873596e-01,-2.141021490097045898e-01,5.858905911445617676e-01,-3.443424999713897705e-01,-1.644671261310577393e-01,-1.865236461162567139e-01,5.417102202773094177e-02,2.262369841337203979e-01,1.102145671844482422e+00,-1.570230126380920410e-01,1.563314050436019897e-01
-1.564936757087707520e+00,9.559577107429504395e-01,5.838157534599304199e-01,4.448455199599266052e-02,-2.965097315609455109e-03,9.541926383972167969e-01,2.958526313304901123e-01,-2.629063427448272705e-01,1.380031108856201172e-01,-1.486891210079193115e-01,4.904968440532684326e-01,-3.291753530502319336e-01,-1.548428982496261597e-01,-2.662948369979858398e-01,3.839807212352752686e-02,3.000201582908630371e-01,1.035227417945861816e+00,-2.141581773757934570e-01,1.405863314867019653e-01
-1.590196490287780762e+00,9.789607524871826172e-01,5.913412570953369141e-01,5.263701081275939941e-02,-1.229739398695528507e-03,9.429607391357421875e-01,3.287138938903808594e-01,-1.516190618276596069e-01,1.583552211523056030e-01,-7.331055402755737305e-02,4.188721477985382080e-01,-3.104189336299896240e-01,-1.249864026904106140e-01,-3.281586170196533203e-01,2.679912187159061432e-02,3.714461624622344971e-01,9.067229032516479492e-01,-2.638394236564636230e-01,1.226053684949874878e-01
-1.614526033401489258e+00,9.999423623085021973e-01,5.947995185852050781e-01,5.432074144482612610e-02,2.941792481578886509e-04,9.327872395515441895e-01,3.563103675842285156e-01,-6.016362085938453674e-02,1.642315089702606201e-01,-1.904517598450183868e-02,3.575013875961303711e-01,-2.819198071956634521e-01,-9.227854758501052856e-02,-3.964554965496063232e-01,1.943891867995262146e-02,4.284905493259429932e-01,7.413859367370605469e-01,-3.036585748195648193e-01,8.874851465225219727e-02
-1.639861702919006348e+00,1.021328449249267578e+00,5.947360992431640625e-01,5.360541865229606628e-02,-5.263488274067640305e-03,9.190832972526550293e-01,3.903647363185882568e-01,2.768308669328689575e-02,1.757016777992248535e-01,4.705513641238212585e-02,3.055442869663238525e-01,-2.747515439987182617e-01,-7.017504423856735229e-02,-4.456475675106048584e-01,3.178084269165992737e-02,4.619182944297790527e-01,5.450879931449890137e-01,-2.905339002609252930e-01,1.405065134167671204e-02
-1.664399981498718262e+00,1.042688250541687012e+00,5.946621298789978027e-01,5.422171205282211304e-02,1.047883997671306133e-03,9.060823917388916016e-01,4.196113049983978271e-01,1.026193499565124512e-01,1.514007598161697388e-01,9.845063090324401855e-02,2.636569738388061523e-01,-2.726123034954071045e-01,-5.484385043382644653e-02,-5.056821703910827637e-01,2.116162516176700592e-02,4.397708475589752197e-01,3.671314716339111328e-01,-3.067774772644042969e-01,1.662064529955387115e-02
-1.688776612281799316e+00,1.063406825065612793e+00,5.907692909240722656e-01,4.856009036302566528e-02,1.096992287784814835e-02,8.982301354408264160e-01,4.366968870162963867e-01,1.355353593826293945e-01,1.222574487328529358e-01,1.246016249060630798e-01,2.743447124958038330e-01,-2.957952022552490234e-01,-3.756443038582801819e-02,-5.811868309974670410e-01,1.371710468083620071e-02,3.987853229045867920e-01,2.618120312690734863e-01,-3.341355323791503906e-01,2.041457965970039368e-02
-1.715534329414367676e+00,1.085074067115783691e+00,5.815379619598388672e-01,4.705647751688957214e-02,9.390263818204402924e-03,8.863560557365417480e-01,4.605110883712768555e-01,1.746773272752761841e-01,1.081335246562957764e-01,1.802911609411239624e-01,3.087660074234008789e-01,-2.900688648223876953e-01,-1.538178697228431702e-02,-6.225129365921020508e-01,4.285079613327980042e-02,4.071816504001617432e-01,2.558053135871887207e-01,-3.239456713199615479e-01,-3.001962974667549133e-02
-1.742522835731506348e+00,1.107830166816711426e+00,5.722224712371826172e-01,5.093401670455932617e-02,8.234205655753612518e-03,8.731062412261962891e-01,4.847921133041381836e-01,2.131396532058715820e-01,8.570104092359542847e-02,2.259324938058853149e-01,3.651695549488067627e-01,-2.764319777488708496e-01,1.626985892653465271e-02,-6.274909973144531250e-01,6.637261807918548584e-02,3.903636336326599121e-01,3.365776240825653076e-01,-3.331827223300933838e-01,-2.000139839947223663e-02
-1.773465514183044434e+00,1.132373690605163574e+00,5.623314976692199707e-01,4.656547680497169495e-02,1.077643502503633499e-02,8.647165894508361816e-01,4.999807178974151611e-01,2.404295057058334351e-01,5.494423210620880127e-02,2.258817851543426514e-01,4.173386394977569580e-01,-2.253849506378173828e-01,5.144740268588066101e-02,-6.195465326309204102e-01,6.349992007017135620e-02,3.843137025833129883e-01,4.265804290771484375e-01,-3.107808828353881836e-01,-5.853824317455291748e-03
-1.805692315101623535e+00,1.156647562980651855e+00,5.545542836189270020e-01,3.656359761953353882e-02,2.515613287687301636e-02,8.628268241882324219e-01,5.035475492477416992e-01,2.222661226987838745e-01,1.246837712824344635e-02,2.012102454900741577e-01,5.107113122940063477e-01,-1.296941936016082764e-01,7.113329321146011353e-02,-6.056616902351379395e-01,3.752037510275840759e-02,4.006819427013397217e-01,4.371792078018188477e-01,-2.157959342002868652e-01,4.955293610692024231e-02
-1.836452722549438477e+00,1.179512858390808105e+00,5.500081777572631836e-01,3.567748889327049255e-02,4.944645240902900696e-02,8.666068911552429199e-01,4.952520728111267090e-01,2.092692255973815918e-01,-6.654927134513854980e-02,9.310201555490493774e-02,5.958916544914245605e-01,1.178136318922042847e-01,8.942489326000213623e-02,-5.961762070655822754e-01,-3.333269059658050537e-02,4.074026644229888916e-01,4.867390692234039307e-01,-2.302132695913314819e-01,1.208692118525505066e-01
-1.863990783691406250e+00,1.200067281723022461e+00,5.507586002349853516e-01,3.381186723709106445e-02,6.179752945899963379e-02,8.751448988914489746e-01,4.787057936191558838e-01,1.565029174089431763e-01,-1.268335729837417603e-01,-1.621676795184612274e-02,7.493975758552551270e-01,3.080468773841857910e-01,3.784934431314468384e-02,-5.719925165176391602e-01,-9.263286739587783813e-02,3.902555108070373535e-01,5.124704837799072266e-01,-2.628903388977050781e-01,1.745364367961883545e-01
-1.890842676162719727e+00,1.218189835548400879e+00,5.568722486495971680e-01,3.047778271138668060e-02,5.604688078165054321e-02,8.889878392219543457e-01,4.534649848937988281e-01,5.304588750004768372e-02,-1.607800722122192383e-01,-1.347233206033706665e-01,9.425747990608215332e-01,3.103606998920440674e-01,-3.361761569976806641e-02,-5.274745821952819824e-01,-1.351259350776672363e-01,3.370448052883148193e-01,5.144879221916198730e-01,-2.858871221542358398e-01,2.063060998916625977e-01
-1.915073752403259277e+00,1.238458633422851562e+00,5.670817494392395020e-01,3.712873160839080811e-02,3.609854727983474731e-02,9.043685197830200195e-01,4.235988259315490723e-01,-5.667386949062347412e-02,-1.388776749372482300e-01,-2.116689234972000122e-01,1.092857122421264648e+00,1.686706244945526123e-01,-9.601201117038726807e-02,-4.281366765499114990e-01,-1.592730730772018433e-01,2.579590380191802979e-01,4.809287488460540771e-01,-2.926867902278900146e-01,2.051471471786499023e-01
-1.937904238700866699e+00,1.259508252143859863e+00,5.784237384796142578e-01,4.159997403621673584e-02,1.860836893320083618e-02,9.189153909683227539e-01,3.918132483959197998e-01,-1.843981295824050903e-01,-1.064396873116493225e-01,-2.697110474109649658e-01,1.177901625633239746e+00,-8.562135510146617889e-03,-1.414191871881484985e-01,-3.280991315841674805e-01,-1.693803817033767700e-01,1.788649111986160278e-01,4.364145398139953613e-01,-2.936137914657592773e-01,1.866911649703979492e-01
-1.959423661231994629e+00,1.280606150627136230e+00,5.877923369407653809e-01,3.810127824544906616e-02,1.546762697398662567e-02,9.326256513595581055e-01,3.584946095943450928e-01,-3.283079862594604492e-01,-8.496914803981781006e-02,-3.116883039474487305e-01,1.193185448646545410e+00,-1.336317062377929688e-01,-1.719019860029220581e-01,-2.549394667148590088e-01,-1.853044927120208740e-01,9.950456768274307251e-02,3.792131245136260986e-01,-2.647810280323028564e-01,2.141764014959335327e-01
-1.979767560958862305e+00,1.302602052688598633e+00,5.930450558662414551e-01,3.777874633669853210e-02,1.261065527796745300e-02,9.429996609687805176e-01,3.304019272327423096e-01,-4.384295344352722168e-01,-7.440767437219619751e-02,-3.526382148265838623e-01,1.131457448005676270e+00,-2.080350816249847412e-01,-1.601892262697219849e-01,-1.804932504892349243e-01,-1.884900033473968506e-01,4.130820557475090027e-02,3.412438035011291504e-01,-2.612124681472778320e-01,1.864992678165435791e-01
-2.000711441040039062e+00,1.324512004852294922e+00,5.964691638946533203e-01,4.319568723440170288e-02,1.519807707518339157e-02,9.543243050575256348e-01,2.952427864074707031e-01,-5.051788687705993652e-01,-7.678645849227905273e-02,-3.623714447021484375e-01,9.927147626876831055e-01,-2.266427278518676758e-01,-1.224183365702629089e-01,-9.525150805711746216e-02,-1.980521678924560547e-01,-2.438095398247241974e-02,2.943841218948364258e-01,-2.617571651935577393e-01,1.737061142921447754e-01
-2.022947072982788086e+00,1.347060680389404297e+00,5.945613384246826172e-01,5.033993348479270935e-02,2.286124043166637421e-02,9.610452055931091309e-01,2.708051204681396484e-01,-5.372785925865173340e-01,-1.167180910706520081e-01,-3.881593346595764160e-01,8.169906139373779297e-01,-1.954690963029861450e-01,-7.529890537261962891e-02,-1.670223101973533630e-02,-2.083017528057098389e-01,-6.830542534589767456e-02,2.728054225444793701e-01,-2.758120298385620117e-01,1.558996438980102539e-01
-2.045942544937133789e+00,1.370057582855224609e+00,5.882319808006286621e-01,5.803840979933738708e-02,3.610662743449211121e-02,9.666292667388916016e-01,2.468920797109603882e-01,-5.444139838218688965e-01,-1.709318757057189941e-01,-4.180610179901123047e-01,6.022362112998962402e-01,-7.876905053853988647e-02,-1.268896367400884628e-02,5.954783409833908081e-02,-2.239071875810623169e-01,-1.122642830014228821e-01,2.543587386608123779e-01,-2.875803709030151367e-01,1.207621097564697266e-01
