1.878067664802074432e-02,-2.265537530183792114e-02,6.072689294815063477e-01,1.588438637554645538e-02,3.968020528554916382e-02,6.714367270469665527e-01,7.398282885551452637e-01,-1.476635634899139404e-01,-3.977283835411071777e-02,-1.687031239271163940e-01,9.055607765913009644e-02,1.041671559214591980e-01,5.230704322457313538e-02,-7.975286990404129028e-02,-9.522441774606704712e-02,2.308921813964843750e-01,4.449588805437088013e-02,-5.787654593586921692e-02,-1.561463531106710434e-02
1.923275552690029144e-02,-2.235999330878257751e-02,6.068209409713745117e-01,1.378847751766443253e-02,4.455721750855445862e-02,6.718018651008605957e-01,7.392609715461730957e-01,-1.590474694967269897e-01,-4.191777855157852173e-02,-1.652275472879409790e-01,9.339923411607742310e-02,9.603825211524963379e-02,9.104597568511962891e-02,-9.216639399528503418e-02,-9.783990681171417236e-02,2.307415604591369629e-01,4.653563350439071655e-02,-5.852435901761054993e-02,-1.842211373150348663e-02
1.944876648485660553e-02,-2.209123969078063965e-02,6.068229079246520996e-01,1.278098393231630325e-02,4.550067707896232605e-02,6.724971532821655273e-01,7.385891675949096680e-01,-1.615314334630966187e-01,-4.150357469916343689e-02,-1.677903383970260620e-01,9.457097947597503662e-02,9.508439898490905762e-02,9.115547686815261841e-02,-9.582529217004776001e-02,-9.733090549707412720e-02,2.298620641231536865e-01,4.791741445660591125e-02,-5.949267745018005371e-02,-2.196986041963100433e-02
1.963097602128982544e-02,-2.199575118720531464e-02,6.068320274353027344e-01,1.204704958945512772e-02,4.600056260824203491e-02,6.730397343635559082e-01,7.380760908126831055e-01,-1.628932952880859375e-01,-4.062203690409660339e-02,-1.676459759473800659e-01,9.489120543003082275e-02,9.378208220005035400e-02,9.705118089914321899e-02,-9.890090674161911011e-02,-9.671511501073837280e-02,2.286719381809234619e-01,4.912436753511428833e-02,-5.810067057609558105e-02,-2.311943285167217255e-02
1.957800798118114471e-02,-2.197377011179924011e-02,6.067506670951843262e-01,1.203941088169813156e-02,4.600203782320022583e-02,6.740579605102539062e-01,7.371463775634765625e-01,-1.626179516315460205e-01,-4.074934870004653931e-02,-1.679963469505310059e-01,9.447454661130905151e-02,9.232936799526214600e-02,9.783329069614410400e-02,-1.000621169805526733e-01,-9.672415256500244141e-02,2.252138555049896240e-01,5.027669668197631836e-02,-5.814162269234657288e-02,-2.091762609779834747e-02
1.961325667798519135e-02,-2.202341891825199127e-02,6.068117022514343262e-01,1.234157662838697433e-02,4.532543197274208069e-02,6.749877333641052246e-01,7.363319993019104004e-01,-1.608601361513137817e-01,-4.073583334684371948e-02,-1.697386652231216431e-01,9.569148719310760498e-02,9.025577455759048462e-02,9.637214243412017822e-02,-9.934569895267486572e-02,-9.648269414901733398e-02,2.231303304433822632e-01,5.082814022898674011e-02,-5.888909846544265747e-02,-2.171854116022586823e-02
1.940091326832771301e-02,-2.212485298514366150e-02,6.067107319831848145e-01,1.294350065290927887e-02,4.494108632206916809e-02,6.754705905914306641e-01,7.359023094177246094e-01,-1.601516455411911011e-01,-4.138125106692314148e-02,-1.708127260208129883e-01,9.772808849811553955e-02,8.921413123607635498e-02,9.808641672134399414e-02,-9.863874316215515137e-02,-9.701646864414215088e-02,2.218004167079925537e-01,5.076873674988746643e-02,-5.907269939780235291e-02,-2.065131254494190216e-02
1.913244277238845825e-02,-2.233349531888961792e-02,6.067939996719360352e-01,1.320186536759138107e-02,4.423367604613304138e-02,6.762436032295227051e-01,7.352303266525268555e-01,-1.588357537984848022e-01,-4.152944684028625488e-02,-1.714430004358291626e-01,9.850238263607025146e-02,8.861950039863586426e-02,9.683068841695785522e-02,-9.842990338802337646e-02,-9.699461609125137329e-02,2.200369089841842651e-01,5.152596160769462585e-02,-5.791229382157325745e-02,-2.131829224526882172e-02
1.910132542252540588e-02,-2.261275984346866608e-02,6.068083047866821289e-01,1.362335495650768280e-02,4.357190430164337158e-02,6.765664219856262207e-01,7.349651455879211426e-01,-1.576597392559051514e-01,-4.181033372879028320e-02,-1.728976219892501831e-01,9.914211183786392212e-02,8.689443767070770264e-02,9.695092588663101196e-02,-9.732284396886825562e-02,-9.676342457532882690e-02,2.191389799118041992e-01,5.149190127849578857e-02,-5.730188637971878052e-02,-2.149454504251480103e-02
1.882030814886093140e-02,-2.292191982269287109e-02,6.066803932189941406e-01,1.395202148705720901e-02,4.326785355806350708e-02,6.771012544631958008e-01,7.344842553138732910e-01,-1.570152044296264648e-01,-4.243972897529602051e-02,-1.751705110073089600e-01,9.975556284189224243e-02,8.691950142383575439e-02,9.723765403032302856e-02,-9.751237928867340088e-02,-9.725181758403778076e-02,2.168652713298797607e-01,5.156948417425155640e-02,-5.654298514127731323e-02,-2.083524316549301147e-02
1.876953989267349243e-02,-2.312191575765609741e-02,6.068767905235290527e-01,1.423072256147861481e-02,4.301635921001434326e-02,6.777379512786865234e-01,7.339062690734863281e-01,-1.565816700458526611e-01,-4.319514706730842590e-02,-1.765490621328353882e-01,1.006314456462860107e-01,8.608017116785049438e-02,9.557951241731643677e-02,-9.770448505878448486e-02,-9.758040308952331543e-02,2.160594761371612549e-01,5.204363167285919189e-02,-5.682834237813949585e-02,-1.986257731914520264e-02
1.856113225221633911e-02,-2.352922223508358002e-02,6.067839264869689941e-01,1.469329092651605606e-02,4.243784397840499878e-02,6.781196594238281250e-01,7.335780858993530273e-01,-1.560650914907455444e-01,-4.314294457435607910e-02,-1.748749017715454102e-01,1.015402749180793762e-01,8.653600513935089111e-02,9.610809385776519775e-02,-9.787053614854812622e-02,-9.787255525588989258e-02,2.141595333814620972e-01,5.288721248507499695e-02,-5.635042116045951843e-02,-1.970261521637439728e-02
1.832930184900760651e-02,-2.398240938782691956e-02,6.067718863487243652e-01,1.481764856725931168e-02,4.242442920804023743e-02,6.784298419952392578e-01,7.332895398139953613e-01,-1.568838208913803101e-01,-4.398512840270996094e-02,-1.764892786741256714e-01,1.021274551749229431e-01,8.740168064832687378e-02,9.521809965372085571e-02,-9.853252768516540527e-02,-9.846393018960952759e-02,2.132534384727478027e-01,5.285957455635070801e-02,-5.592423304915428162e-02,-1.789906434714794159e-02
1.830726116895675659e-02,-2.457997575402259827e-02,6.068075895309448242e-01,1.496116071939468384e-02,4.221597313880920410e-02,6.790724992752075195e-01,7.327035665512084961e-01,-1.574115753173828125e-01,-4.421526193618774414e-02,-1.768400073051452637e-01,1.029374971985816956e-01,8.747133612632751465e-02,9.613765776157379150e-02,-9.992134571075439453e-02,-9.825803339481353760e-02,2.127113640308380127e-01,5.357830226421356201e-02,-5.526635795831680298e-02,-1.658649928867816925e-02
1.814396493136882782e-02,-2.521437965333461761e-02,6.065610647201538086e-01,1.518759597092866898e-02,4.209843650460243225e-02,6.790059208869934082e-01,7.327673435211181641e-01,-1.589486896991729736e-01,-4.420710727572441101e-02,-1.758636683225631714e-01,1.045548543334007263e-01,8.765959739685058594e-02,9.745624661445617676e-02,-1.011694222688674927e-01,-9.836265444755554199e-02,2.128415107727050781e-01,5.448319762945175171e-02,-5.434668809175491333e-02,-1.641586795449256897e-02
1.822067983448505402e-02,-2.577188424766063690e-02,6.067420840263366699e-01,1.589523628354072571e-02,4.141759872436523438e-02,6.788175702095031738e-01,7.329656481742858887e-01,-1.587452590465545654e-01,-4.443020373582839966e-02,-1.766001433134078979e-01,1.072257384657859802e-01,8.938969671726226807e-02,9.557019174098968506e-02,-1.002775207161903381e-01,-9.864798188209533691e-02,2.128911316394805908e-01,5.502405762672424316e-02,-5.363762006163597107e-02,-1.672016829252243042e-02
1.833415403962135315e-02,-2.631916850805282593e-02,6.067998409271240234e-01,1.635098084807395935e-02,4.032526165246963501e-02,6.791659593582153320e-01,7.326937317848205566e-01,-1.569801270961761475e-01,-4.381509125232696533e-02,-1.797358393669128418e-01,1.076526418328285217e-01,8.850155025720596313e-02,9.545405954122543335e-02,-9.962374716997146606e-02,-9.715409576892852783e-02,2.130015343427658081e-01,5.588243156671524048e-02,-5.296317487955093384e-02,-1.761459559202194214e-02
1.796501688659191132e-02,-2.706217765808105469e-02,6.066960692405700684e-01,1.690309680998325348e-02,3.986333683133125305e-02,6.796562075614929199e-01,7.322517633438110352e-01,-1.571760177612304688e-01,-4.430108517408370972e-02,-1.794358491897583008e-01,1.089943423867225647e-01,8.980630338191986084e-02,9.480037540197372437e-02,-9.986372292041778564e-02,-9.776314347982406616e-02,2.129081636667251587e-01,5.638702586293220520e-02,-5.299863964319229126e-02,-1.658807136118412018e-02
1.800096035003662109e-02,-2.755167335271835327e-02,6.068603992462158203e-01,1.746473647654056549e-02,3.881884366273880005e-02,6.795691251754760742e-01,7.323755025863647461e-01,-1.558156013488769531e-01,-4.397432506084442139e-02,-1.803694367408752441e-01,1.092931404709815979e-01,8.903066068887710571e-02,9.381818026304244995e-02,-9.833759814500808716e-02,-9.728341549634933472e-02,2.118725329637527466e-01,5.628269165754318237e-02,-5.116948485374450684e-02,-1.753474585711956024e-02
1.774625480175018311e-02,-2.812134660780429840e-02,6.066977381706237793e-01,1.785148866474628448e-02,3.857674077153205872e-02,6.794425249099731445e-01,7.324964404106140137e-01,-1.564057171344757080e-01,-4.442867264151573181e-02,-1.793208271265029907e-01,1.099596470594406128e-01,9.031881392002105713e-02,9.512951225042343140e-02,-9.871076047420501709e-02,-9.768427163362503052e-02,2.120055258274078369e-01,5.636574700474739075e-02,-5.085514858365058899e-02,-1.763437315821647644e-02
1.753411628305912018e-02,-2.874173782765865326e-02,6.067941188812255859e-01,1.801371946930885315e-02,3.830502927303314209e-02,6.791942715644836426e-01,7.327369451522827148e-01,-1.573380529880523682e-01,-4.474199563264846802e-02,-1.776724010705947876e-01,1.098692715167999268e-01,9.041614085435867310e-02,9.253539144992828369e-02,-9.927020967006683350e-02,-9.776175767183303833e-02,2.130306214094161987e-01,5.750740319490432739e-02,-5.102084949612617493e-02,-1.685233041644096375e-02
1.733400300145149231e-02,-2.910294197499752045e-02,6.068253517150878906e-01,1.812364347279071808e-02,3.793943300843238831e-02,6.788133978843688965e-01,7.331060767173767090e-01,-1.573578864336013794e-01,-4.486081376671791077e-02,-1.807937920093536377e-01,1.093051135540008545e-01,9.135636687278747559e-02,9.653128683567047119e-02,-9.958968311548233032e-02,-9.755171090364456177e-02,2.151116430759429932e-01,5.804285034537315369e-02,-5.105331912636756897e-02,-1.897216588258743286e-02
1.691012829542160034e-02,-2.954500913619995117e-02,6.067184209823608398e-01,1.834046468138694763e-02,3.805416449904441833e-02,6.786302328109741211e-01,7.332643270492553711e-01,-1.584832966327667236e-01,-4.553671181201934814e-02,-1.774482131004333496e-01,1.098969131708145142e-01,9.381096810102462769e-02,9.524458646774291992e-02,-1.003266796469688416e-01,-9.829171746969223022e-02,2.148219048976898193e-01,5.871764197945594788e-02,-5.169167742133140564e-02,-1.752159558236598969e-02
1.683496125042438507e-02,-2.987396344542503357e-02,6.068866848945617676e-01,1.804628223180770874e-02,3.802094981074333191e-02,6.783276200294494629e-01,7.335532903671264648e-01,-1.600353121757507324e-01,-4.595451429486274719e-02,-1.787350624799728394e-01,1.101937070488929749e-01,9.213077276945114136e-02,9.400980919599533081e-02,-1.007260382175445557e-01,-9.798759222030639648e-02,2.168755233287811279e-01,5.812885612249374390e-02,-5.110956728458404541e-02,-1.746401935815811157e-02
1.666059345006942749e-02,-3.009790368378162384e-02,6.068216562271118164e-01,1.822001487016677856e-02,3.782832622528076172e-02,6.779803633689880371e-01,7.338798642158508301e-01,-1.605526059865951538e-01,-4.608676210045814514e-02,-1.795907467603683472e-01,1.114250421524047852e-01,9.317290782928466797e-02,9.553963690996170044e-02,-1.004775166511535645e-01,-9.802890568971633911e-02,2.169310599565505981e-01,5.820247158408164978e-02,-5.091571062803268433e-02,-1.641790196299552917e-02
1.652635447680950165e-02,-3.033815324306488037e-02,6.068117022514343262e-01,1.832044310867786407e-02,3.770226985216140747e-02,6.780195832252502441e-01,7.338476181030273438e-01,-1.601647287607192993e-01,-4.575569927692413330e-02,-1.785552203655242920e-01,1.106847822666168213e-01,9.449350833892822266e-02,9.353873133659362793e-02,-1.007692888379096985e-01,-9.837066382169723511e-02,2.159419357776641846e-01,5.869760364294052124e-02,-5.058665946125984192e-02,-1.644148863852024078e-02
1.665480621159076691e-02,-3.053829073905944824e-02,6.069248914718627930e-01,1.852289587259292603e-02,3.763831406831741333e-02,6.774035692214965820e-01,7.344145178794860840e-01,-1.613504588603973389e-01,-4.623581841588020325e-02,-1.781426221132278442e-01,1.117099598050117493e-01,9.381571412086486816e-02,9.383795410394668579e-02,-1.001852899789810181e-01,-9.828815609216690063e-02,2.179502546787261963e-01,5.853459239006042480e-02,-5.143673717975616455e-02,-1.668644696474075317e-02
1.660292223095893860e-02,-3.070725873112678528e-02,6.067676544189453125e-01,1.862173900008201599e-02,3.741261735558509827e-02,6.770382523536682129e-01,7.347603440284729004e-01,-1.615069806575775146e-01,-4.541554674506187439e-02,-1.762486994266510010e-01,1.111820191144943237e-01,9.511484950780868530e-02,9.521371126174926758e-02,-1.000840440392494202e-01,-9.785531461238861084e-02,2.192070484161376953e-01,5.888718366622924805e-02,-5.133419483900070190e-02,-1.809595897793769836e-02
1.669292896986007690e-02,-3.093744255602359772e-02,6.068577170372009277e-01,1.884321309626102448e-02,3.740099444985389709e-02,6.765522360801696777e-01,7.352028489112854004e-01,-1.611076295375823975e-01,-4.570269957184791565e-02,-1.764210760593414307e-01,1.105455830693244934e-01,9.532018005847930908e-02,9.458954632282257080e-02,-9.966095536947250366e-02,-9.799470752477645874e-02,2.208490967750549316e-01,5.883996188640594482e-02,-5.146050825715065002e-02,-1.682484894990921021e-02
1.690523512661457062e-02,-3.092855960130691528e-02,6.068901419639587402e-01,1.908574812114238739e-02,3.719530627131462097e-02,6.761336326599121094e-01,7.355919480323791504e-01,-1.614055782556533813e-01,-4.541577026247978210e-02,-1.758083254098892212e-01,1.112764552235603333e-01,9.609887003898620605e-02,9.419180452823638916e-02,-9.872446209192276001e-02,-9.756033867597579956e-02,2.209292650222778320e-01,5.839512124657630920e-02,-5.089899525046348572e-02,-1.749177649617195129e-02
1.688676327466964722e-02,-3.108412027359008789e-02,6.069049239158630371e-01,1.906648650765419006e-02,3.693456947803497314e-02,6.763275861740112305e-01,7.354273200035095215e-01,-1.605075746774673462e-01,-4.490144178271293640e-02,-1.757498979568481445e-01,1.106419786810874939e-01,9.509755671024322510e-02,9.275379031896591187e-02,-9.866950660943984985e-02,-9.716162085533142090e-02,2.222297936677932739e-01,5.886855721473693848e-02,-5.107865482568740845e-02,-1.848246157169342041e-02
1.714996993541717529e-02,-3.108940832316875458e-02,6.068432927131652832e-01,1.953334547579288483e-02,3.684861958026885986e-02,6.759072542190551758e-01,7.358056902885437012e-01,-1.599464565515518188e-01,-4.495290666818618774e-02,-1.759839206933975220e-01,1.108856275677680969e-01,9.573028981685638428e-02,9.449816495180130005e-02,-9.748200327157974243e-02,-9.740870445966720581e-02,2.231098264455795288e-01,5.867007374763488770e-02,-5.035459622740745544e-02,-1.846967637538909912e-02
1.720601506531238556e-02,-3.096131607890129089e-02,6.068394184112548828e-01,1.936263218522071838e-02,3.684754669666290283e-02,6.761704683303833008e-01,7.355683445930480957e-01,-1.602958142757415771e-01,-4.470941051840782166e-02,-1.751944869756698608e-01,1.109007000923156738e-01,9.614980220794677734e-02,9.424135088920593262e-02,-9.800985455513000488e-02,-9.670664370059967041e-02,2.233798652887344360e-01,5.933589860796928406e-02,-5.058808624744415283e-02,-1.968435198068618774e-02
1.750424318015575409e-02,-3.100840002298355103e-02,6.069241166114807129e-01,1.955774053931236267e-02,3.697684779763221741e-02,6.758412718772888184e-01,7.358592152595520020e-01,-1.595290452241897583e-01,-4.450944438576698303e-02,-1.764242500066757202e-01,1.104900240898132324e-01,9.477067738771438599e-02,9.461417049169540405e-02,-9.763891994953155518e-02,-9.698885679244995117e-02,2.227196842432022095e-01,5.896549671888351440e-02,-5.056579038500785828e-02,-1.841375418007373810e-02
1.755052618682384491e-02,-3.094822354614734650e-02,6.068246960639953613e-01,1.924858242273330688e-02,3.735601156949996948e-02,6.761034131050109863e-01,7.356073856353759766e-01,-1.607998460531234741e-01,-4.452421888709068298e-02,-1.764891892671585083e-01,1.108018681406974792e-01,9.428489953279495239e-02,9.648025780916213989e-02,-9.901654720306396484e-02,-9.682817012071609497e-02,2.225561141967773438e-01,5.940178781747817993e-02,-5.072128400206565857e-02,-1.788154803216457367e-02
1.786821894347667694e-02,-3.082517534494400024e-02,6.068590879440307617e-01,1.952375099062919617e-02,3.728605061769485474e-02,6.764587163925170898e-01,7.352769374847412109e-01,-1.604409217834472656e-01,-4.450571909546852112e-02,-1.752853393554687500e-01,1.115957722067832947e-01,9.490967541933059692e-02,9.454236924648284912e-02,-9.850832074880599976e-02,-9.657493978738784790e-02,2.228641360998153687e-01,5.998001620173454285e-02,-5.121153220534324646e-02,-1.914269477128982544e-02
1.814258471131324768e-02,-3.078880533576011658e-02,6.068398356437683105e-01,1.961516402661800385e-02,3.732783719897270203e-02,6.765306591987609863e-01,7.352061867713928223e-01,-1.592929959297180176e-01,-4.397975653409957886e-02,-1.764518916606903076e-01,1.108484342694282532e-01,9.311337769031524658e-02,9.565629065036773682e-02,-9.840074926614761353e-02,-9.640367329120635986e-02,2.226558178663253784e-01,6.011344492435455322e-02,-5.116239562630653381e-02,-1.884909346699714661e-02
1.829173043370246887e-02,-3.061224147677421570e-02,6.067672371864318848e-01,1.926648803055286407e-02,3.721650317311286926e-02,6.769745349884033203e-01,7.348123788833618164e-01,-1.595391333103179932e-01,-4.355708137154579163e-02,-1.762970983982086182e-01,1.104546263813972473e-01,9.177433699369430542e-02,9.352369606494903564e-02,-9.903270751237869263e-02,-9.537380188703536987e-02,2.206185609102249146e-01,6.027191132307052612e-02,-5.092562362551689148e-02,-1.968841068446636200e-02
1.857074908912181854e-02,-3.049326501786708832e-02,6.068944931030273438e-01,1.980010978877544403e-02,3.728050366044044495e-02,6.769999861717224121e-01,7.347714900970458984e-01,-1.584511846303939819e-01,-4.380252212285995483e-02,-1.767045706510543823e-01,1.114202290773391724e-01,9.304022043943405151e-02,9.323114156723022461e-02,-9.756867587566375732e-02,-9.612778574228286743e-02,2.206453233957290649e-01,5.952107161283493042e-02,-5.112214758992195129e-02,-1.893284916877746582e-02
1.872917078435420990e-02,-3.028071485459804535e-02,6.067335009574890137e-01,1.968167722225189209e-02,3.762558475136756897e-02,6.770540475845336914e-01,7.347072362899780273e-01,-1.581164002418518066e-01,-4.332511126995086670e-02,-1.758199185132980347e-01,1.103392392396926880e-01,9.375706315040588379e-02,9.360023587942123413e-02,-9.790719300508499146e-02,-9.602551162242889404e-02,2.210821360349655151e-01,5.953493341803550720e-02,-5.090954154729843140e-02,-1.853708736598491669e-02
1.886900141835212708e-02,-3.011146001517772675e-02,6.068043112754821777e-01,1.966414600610733032e-02,3.772194311022758484e-02,6.772329807281494141e-01,7.345378994941711426e-01,-1.582420021295547485e-01,-4.336258023977279663e-02,-1.758836507797241211e-01,1.104751229286193848e-01,9.453447908163070679e-02,9.227861464023590088e-02,-9.784573316574096680e-02,-9.571885317564010620e-02,2.221936881542205811e-01,5.975020676851272583e-02,-5.143246427178382874e-02,-1.881077699363231659e-02
1.914147287607192993e-02,-2.996862120926380157e-02,6.068503260612487793e-01,1.956854946911334991e-02,3.777627646923065186e-02,6.770705580711364746e-01,7.346873283386230469e-01,-1.578122079372406006e-01,-4.317437857389450073e-02,-1.776030510663986206e-01,1.100626736879348755e-01,9.232999384403228760e-02,9.440001100301742554e-02,-9.785401821136474609e-02,-9.573534131050109863e-02,2.203560024499893188e-01,5.985480174422264099e-02,-5.091907829046249390e-02,-1.757346838712692261e-02
1.917857490479946136e-02,-2.982893958687782288e-02,6.067243814468383789e-01,1.901113428175449371e-02,3.795822709798812866e-02,6.772835850715637207e-01,7.344962358474731445e-01,-1.582148224115371704e-01,-4.204876720905303955e-02,-1.777238398790359497e-01,1.098913177847862244e-01,9.181976318359375000e-02,9.419913589954376221e-02,-9.907260537147521973e-02,-9.453749656677246094e-02,2.204880714416503906e-01,6.022023782134056091e-02,-5.073019489645957947e-02,-1.932703889906406403e-02
1.955878548324108124e-02,-2.963210269808769226e-02,6.068769693374633789e-01,1.902442611753940582e-02,3.835918754339218140e-02,6.769636273384094238e-01,7.347699999809265137e-01,-1.593516767024993896e-01,-4.258189350366592407e-02,-1.776547133922576904e-01,1.107840538024902344e-01,9.204165637493133545e-02,9.138610213994979858e-02,-9.894361346960067749e-02,-9.477924555540084839e-02,2.213571816682815552e-01,6.015028059482574463e-02,-5.201103165745735168e-02,-1.905713975429534912e-02
1.968034356832504272e-02,-2.942618168890476227e-02,6.067691445350646973e-01,1.891366578638553619e-02,3.878627717494964600e-02,6.767540574073791504e-01,7.349434494972229004e-01,-1.595204919576644897e-01,-4.262177273631095886e-02,-1.779067814350128174e-01,1.106715798377990723e-01,9.210993349552154541e-02,9.368392080068588257e-02,-9.900019317865371704e-02,-9.480126202106475830e-02,2.223497778177261353e-01,5.994851514697074890e-02,-5.330960080027580261e-02,-1.965572498738765717e-02
1.981053501367568970e-02,-2.923219837248325348e-02,6.067867279052734375e-01,1.854704320430755615e-02,3.889628127217292786e-02,6.767448186874389648e-01,7.349554896354675293e-01,-1.600375473499298096e-01,-4.211901500821113586e-02,-1.769221276044845581e-01,1.096363365650177002e-01,9.056838601827621460e-02,9.228257834911346436e-02,-9.904114902019500732e-02,-9.409155696630477905e-02,2.241192609071731567e-01,5.946180596947669983e-02,-5.412005260586738586e-02,-2.074815519154071808e-02
1.999234035611152649e-02,-2.896407805383205414e-02,6.068727374076843262e-01,1.860558055341243744e-02,3.907632082700729370e-02,6.764959692955017090e-01,7.351735234260559082e-01,-1.600203812122344971e-01,-4.196858406066894531e-02,-1.768150627613067627e-01,1.108308061957359314e-01,9.065469354391098022e-02,9.184111654758453369e-02,-9.853398054838180542e-02,-9.467935562133789062e-02,2.228435575962066650e-01,5.922484025359153748e-02,-5.305644497275352478e-02,-1.981783844530582428e-02
2.011972852051258087e-02,-2.871481701731681824e-02,6.067065000534057617e-01,1.853607967495918274e-02,3.927594423294067383e-02,6.766218543052673340e-01,7.350487709045410156e-01,-1.595742553472518921e-01,-4.158047214150428772e-02,-1.764790266752243042e-01,1.104168817400932312e-01,9.049107134342193604e-02,9.470969438552856445e-02,-9.840004146099090576e-02,-9.434383362531661987e-02,2.220690995454788208e-01,5.859844759106636047e-02,-5.231300741434097290e-02,-2.020712755620479584e-02
2.039756439626216888e-02,-2.844078280031681061e-02,6.068152189254760742e-01,1.828434504568576813e-02,3.943570703268051147e-02,6.771112084388732910e-01,7.345957159996032715e-01,-1.593123525381088257e-01,-4.177433252334594727e-02,-1.787044554948806763e-01,1.098572686314582825e-01,8.813674747943878174e-02,9.208212792873382568e-02,-9.865632653236389160e-02,-9.403420239686965942e-02,2.209254950284957886e-01,5.860482901334762573e-02,-5.311206728219985962e-02,-1.991368085145950317e-02
2.053625881671905518e-02,-2.819141931831836700e-02,6.067794561386108398e-01,1.849170960485935211e-02,3.947634622454643250e-02,6.774842739105224609e-01,7.342443466186523438e-01,-1.581244319677352905e-01,-4.188828170299530029e-02,-1.802168488502502441e-01,1.103545650839805603e-01,8.870512992143630981e-02,9.254889190196990967e-02,-9.817514568567276001e-02,-9.422402828931808472e-02,2.209570705890655518e-01,5.868699401617050171e-02,-5.443095788359642029e-02,-2.079538255929946899e-02
2.052090503275394440e-02,-2.798549458384513855e-02,6.067079305648803711e-01,1.836356148123741150e-02,3.959596157073974609e-02,6.775550842285156250e-01,7.341758012771606445e-01,-1.579627096652984619e-01,-4.146298766136169434e-02,-1.792760044336318970e-01,1.102970913052558899e-01,8.932586014270782471e-02,9.170839190483093262e-02,-9.814441204071044922e-02,-9.403611719608306885e-02,2.210566401481628418e-01,5.886821821331977844e-02,-5.459131300449371338e-02,-2.158953621983528137e-02
2.076111175119876862e-02,-2.782446704804897308e-02,6.068441867828369141e-01,1.855251006782054901e-02,3.947370871901512146e-02,6.773591041564941406e-01,7.343584299087524414e-01,-1.571555733680725098e-01,-4.129769653081893921e-02,-1.788880079984664917e-01,1.100262999534606934e-01,8.854267746210098267e-02,9.248106181621551514e-02,-9.718978404998779297e-02,-9.412090480327606201e-02,2.210235148668289185e-01,5.844805017113685608e-02,-5.373907089233398438e-02,-2.027478069067001343e-02
2.070468664169311523e-02,-2.777229435741901398e-02,6.067600846290588379e-01,1.822021231055259705e-02,3.939789533615112305e-02,6.773859858512878418e-01,7.343460321426391602e-01,-1.573055386543273926e-01,-4.098277539014816284e-02,-1.799078285694122314e-01,1.099402606487274170e-01,8.757935464382171631e-02,9.265000373125076294e-02,-9.781140834093093872e-02,-9.304178506135940552e-02,2.212677597999572754e-01,5.921090766787528992e-02,-5.358403921127319336e-02,-2.093747258186340332e-02
2.097886055707931519e-02,-2.767669968307018280e-02,6.068177819252014160e-01,1.845994777977466583e-02,3.973351046442985535e-02,6.769247651100158691e-01,7.347471117973327637e-01,-1.579272150993347168e-01,-4.095945879817008972e-02,-1.776248067617416382e-01,1.102045476436614990e-01,8.891636133193969727e-02,9.231749176979064941e-02,-9.720429778099060059e-02,-9.363023936748504639e-02,2.233434468507766724e-01,5.925171077251434326e-02,-5.414901301264762878e-02,-2.151475101709365845e-02
2.113361284136772156e-02,-2.752161212265491486e-02,6.068863868713378906e-01,1.868914626538753510e-02,3.960151597857475281e-02,6.765350103378295898e-01,7.351073622703552246e-01,-1.570931971073150635e-01,-4.108571633696556091e-02,-1.788554638624191284e-01,1.097976714372634888e-01,8.801226317882537842e-02,9.373239427804946899e-02,-9.610582888126373291e-02,-9.364354610443115234e-02,2.228038609027862549e-01,5.895403400063514709e-02,-5.536410212516784668e-02,-2.042685635387897491e-02
2.107267640531063080e-02,-2.744985744357109070e-02,6.067391037940979004e-01,1.851036585867404938e-02,3.951438516378402710e-02,6.760995984077453613e-01,7.355170249938964844e-01,-1.574017554521560669e-01,-4.031936451792716980e-02,-1.761807650327682495e-01,1.098177880048751831e-01,8.855897933244705200e-02,9.090936928987503052e-02,-9.569942206144332886e-02,-9.309312701225280762e-02,2.248835861682891846e-01,5.882495641708374023e-02,-5.572797730565071106e-02,-2.212041616439819336e-02
2.125120908021926880e-02,-2.725693769752979279e-02,6.068592071533203125e-01,1.840578764677047729e-02,3.966931626200675964e-02,6.757981777191162109e-01,7.357882857322692871e-01,-1.573396325111389160e-01,-4.006489738821983337e-02,-1.757932305335998535e-01,1.091908961534500122e-01,8.772075176239013672e-02,9.166137874126434326e-02,-9.531593322753906250e-02,-9.325067698955535889e-02,2.251698225736618042e-01,5.854232236742973328e-02,-5.607814714312553406e-02,-2.097856998443603516e-02
2.121152170002460480e-02,-2.710889838635921478e-02,6.067464351654052734e-01,1.856824755668640137e-02,3.944648802280426025e-02,6.758890151977539062e-01,7.357127666473388672e-01,-1.565596014261245728e-01,-4.031022265553474426e-02,-1.768857985734939575e-01,1.093545407056808472e-01,8.778970688581466675e-02,9.207313507795333862e-02,-9.477854520082473755e-02,-9.258714318275451660e-02,2.257976233959197998e-01,5.955015122890472412e-02,-5.666314065456390381e-02,-2.143875509500503540e-02
2.109952457249164581e-02,-2.719043754041194916e-02,6.068746447563171387e-01,1.857808604836463928e-02,3.957180678844451904e-02,6.762096881866455078e-01,7.354110479354858398e-01,-1.563773602247238159e-01,-4.050936177372932434e-02,-1.753220111131668091e-01,1.094153597950935364e-01,8.586168289184570312e-02,9.139845520257949829e-02,-9.518188983201980591e-02,-9.329842031002044678e-02,2.246862351894378662e-01,5.945200100541114807e-02,-5.749115720391273499e-02,-2.046781405806541443e-02
2.117451652884483337e-02,-2.702168561518192291e-02,6.069183349609375000e-01,1.879196986556053162e-02,3.952362760901451111e-02,6.767238378524780273e-01,7.349351048469543457e-01,-1.554674953222274780e-01,-4.110022261738777161e-02,-1.782042682170867920e-01,1.095753088593482971e-01,8.742398023605346680e-02,9.034029394388198853e-02,-9.532316029071807861e-02,-9.391839057207107544e-02,2.232548445463180542e-01,5.999324470758438110e-02,-5.737999826669692993e-02,-1.963541842997074127e-02
2.099918574094772339e-02,-2.697358839213848114e-02,6.068146824836730957e-01,1.838229596614837646e-02,3.928994014859199524e-02,6.773730516433715820e-01,7.343596816062927246e-01,-1.553439348936080933e-01,-4.046701639890670776e-02,-1.780415326356887817e-01,1.092034503817558289e-01,8.536529541015625000e-02,9.163580834865570068e-02,-9.645772725343704224e-02,-9.280823171138763428e-02,2.213170230388641357e-01,6.079676747322082520e-02,-5.647067725658416748e-02,-1.991252973675727844e-02
2.106161415576934814e-02,-2.701239660382270813e-02,6.069428324699401855e-01,1.857581175863742828e-02,3.953667730093002319e-02,6.778624057769775391e-01,7.338898777961730957e-01,-1.546789705753326416e-01,-4.112784191966056824e-02,-1.799118667840957642e-01,1.095822229981422424e-01,8.660358190536499023e-02,9.059308469295501709e-02,-9.724885225296020508e-02,-9.343186765909194946e-02,2.209210395812988281e-01,6.163548305630683899e-02,-5.672828853130340576e-02,-1.786960847675800323e-02
2.106431499123573303e-02,-2.692492119967937469e-02,6.068572998046875000e-01,1.872071623802185059e-02,3.916974738240242004e-02,6.777445673942565918e-01,7.340146899223327637e-01,-1.538965106010437012e-01,-4.116231203079223633e-02,-1.825697720050811768e-01,1.094556972384452820e-01,8.630107343196868896e-02,9.369909763336181641e-02,-9.624034166336059570e-02,-9.296904504299163818e-02,2.221070528030395508e-01,6.189748272299766541e-02,-5.812599882483482361e-02,-2.092647552490234375e-02
2.098777145147323608e-02,-2.694023400545120239e-02,6.069238781929016113e-01,1.868283934891223907e-02,3.896157070994377136e-02,6.774140596389770508e-01,7.343317270278930664e-01,-1.532665491104125977e-01,-4.082704335451126099e-02,-1.816848516464233398e-01,1.091088950634002686e-01,8.524294197559356689e-02,9.136945754289627075e-02,-9.590844064950942993e-02,-9.276761859655380249e-02,2.218517214059829712e-01,6.221686676144599915e-02,-5.720786377787590027e-02,-1.931331492960453033e-02
2.109310589730739594e-02,-2.694622799754142761e-02,6.069658398628234863e-01,1.873693242669105530e-02,3.886707127094268799e-02,6.770371794700622559e-01,7.346828579902648926e-01,-1.531795859336853027e-01,-4.030372202396392822e-02,-1.800253689289093018e-01,1.092132925987243652e-01,8.408569544553756714e-02,9.234272688627243042e-02,-9.569797664880752563e-02,-9.261394292116165161e-02,2.234760075807571411e-01,6.270001083612442017e-02,-5.726379156112670898e-02,-1.946766674518585205e-02
2.101280726492404938e-02,-2.680527605116367340e-02,6.068190932273864746e-01,1.890931464731693268e-02,3.890511021018028259e-02,6.764838099479675293e-01,7.351859807968139648e-01,-1.542179137468338013e-01,-4.070533812046051025e-02,-1.776138246059417725e-01,1.097004488110542297e-01,8.627253025770187378e-02,9.225301444530487061e-02,-9.442528337240219116e-02,-9.282939881086349487e-02,2.245447188615798950e-01,6.177676469087600708e-02,-5.736182630062103271e-02,-2.095177955925464630e-02
2.101309783756732941e-02,-2.679112926125526428e-02,6.069136857986450195e-01,1.907939650118350983e-02,3.919195011258125305e-02,6.760531067848205566e-01,7.355625033378601074e-01,-1.541773825883865356e-01,-4.102192819118499756e-02,-1.771260499954223633e-01,1.092698499560356140e-01,8.584982156753540039e-02,9.289006143808364868e-02,-9.373079985380172729e-02,-9.376239031553268433e-02,2.264682799577713013e-01,6.135373190045356750e-02,-5.856186151504516602e-02,-2.020557969808578491e-02
2.093512006103992462e-02,-2.672596462070941925e-02,6.068686246871948242e-01,1.895505003631114960e-02,3.897970169782638550e-02,6.763132214546203613e-01,7.353378534317016602e-01,-1.538938432931900024e-01,-4.077402129769325256e-02,-1.768450886011123657e-01,1.088398322463035583e-01,8.535276353359222412e-02,9.249607473611831665e-02,-9.399171918630599976e-02,-9.330110996961593628e-02,2.247684448957443237e-01,6.169134378433227539e-02,-5.866393446922302246e-02,-1.885736547410488129e-02
2.087591215968132019e-02,-2.665616013109683990e-02,6.068454384803771973e-01,1.876949891448020935e-02,3.895015642046928406e-02,6.763790845870971680e-01,7.352835536003112793e-01,-1.538767665624618530e-01,-4.082844778895378113e-02,-1.779758930206298828e-01,1.092483252286911011e-01,8.615930378437042236e-02,9.235695004463195801e-02,-9.397570043802261353e-02,-9.297939389944076538e-02,2.256057411432266235e-01,6.135495752096176147e-02,-5.827271565794944763e-02,-2.132865972816944122e-02
2.085149101912975311e-02,-2.661430835723876953e-02,6.068682670593261719e-01,1.907579042017459869e-02,3.922320529818534851e-02,6.762471199035644531e-01,7.353825569152832031e-01,-1.536043733358383179e-01,-4.104290902614593506e-02,-1.759580075740814209e-01,1.087444573640823364e-01,8.665341883897781372e-02,9.320601075887680054e-02,-9.377451241016387939e-02,-9.427411854267120361e-02,2.234058827161788940e-01,6.104809790849685669e-02,-5.788882076740264893e-02,-1.830576919019222260e-02
2.069290354847908020e-02,-2.655707672238349915e-02,6.067981719970703125e-01,1.862837374210357666e-02,3.895803913474082947e-02,6.767360568046569824e-01,7.349582314491271973e-01,-1.538577079772949219e-01,-4.080667719244956970e-02,-1.782997399568557739e-01,1.091469153761863708e-01,8.637617528438568115e-02,9.232801944017410278e-02,-9.414415806531906128e-02,-9.322826564311981201e-02,2.231430411338806152e-01,6.065874919295310974e-02,-5.743704363703727722e-02,-2.036322839558124542e-02
2.080088853836059570e-02,-2.660242468118667603e-02,6.068715453147888184e-01,1.876499317586421967e-02,3.909922018647193909e-02,6.767902374267578125e-01,7.348973751068115234e-01,-1.538166552782058716e-01,-4.114681109786033630e-02,-1.791883707046508789e-01,1.094498336315155029e-01,8.609895408153533936e-02,9.152955561876296997e-02,-9.397312253713607788e-02,-9.355460852384567261e-02,2.241454124450683594e-01,6.047813221812248230e-02,-5.796742811799049377e-02,-1.984128355979919434e-02
2.070940472185611725e-02,-2.662310190498828888e-02,6.068159341812133789e-01,1.877287030220031738e-02,3.925048932433128357e-02,6.766769886016845703e-01,7.349933385848999023e-01,-1.538987606763839722e-01,-4.108922928571701050e-02,-1.765600144863128662e-01,1.089967116713523865e-01,8.569257706403732300e-02,9.257221221923828125e-02,-9.399868547916412354e-02,-9.386923164129257202e-02,2.234926670789718628e-01,6.004852429032325745e-02,-5.842617526650428772e-02,-1.884831115603446960e-02
2.067676186561584473e-02,-2.652681432664394379e-02,6.068395376205444336e-01,1.862591877579689026e-02,3.898735716938972473e-02,6.768978238105773926e-01,7.348077297210693359e-01,-1.538307517766952515e-01,-4.095561057329177856e-02,-1.777139455080032349e-01,1.091844737529754639e-01,8.629412204027175903e-02,9.163276851177215576e-02,-9.395253658294677734e-02,-9.347620606422424316e-02,2.236391305923461914e-01,6.028430908918380737e-02,-5.882376804947853088e-02,-2.132638730108737946e-02
2.076766453683376312e-02,-2.660350501537322998e-02,6.068916320800781250e-01,1.903583854436874390e-02,3.921338170766830444e-02,6.762178540229797363e-01,7.354109883308410645e-01,-1.539410948753356934e-01,-4.140508174896240234e-02,-1.768914312124252319e-01,1.091862842440605164e-01,8.627471327781677246e-02,9.206061065196990967e-02,-9.308666735887527466e-02,-9.431351721286773682e-02,2.238898426294326782e-01,5.997399985790252686e-02,-5.840390175580978394e-02,-1.770769990980625153e-02
2.059959433972835541e-02,-2.666020579636096954e-02,6.067644953727722168e-01,1.874471828341484070e-02,3.903798758983612061e-02,6.762837767601013184e-01,7.353672385215759277e-01,-1.543123275041580200e-01,-4.096122086048126221e-02,-1.763313859701156616e-01,1.094638258218765259e-01,8.573305606842041016e-02,9.231599420309066772e-02,-9.351550787687301636e-02,-9.358583390712738037e-02,2.243458181619644165e-01,5.999799445271492004e-02,-5.889686942100524902e-02,-1.922078244388103485e-02
2.069031633436679840e-02,-2.663225121796131134e-02,6.069152355194091797e-01,1.888986304402351379e-02,3.882385417819023132e-02,6.759836077690124512e-01,7.356507778167724609e-01,-1.539747714996337891e-01,-4.135487973690032959e-02,-1.773055642843246460e-01,1.098574772477149963e-01,8.519284427165985107e-02,9.086427837610244751e-02,-9.286236017942428589e-02,-9.352705627679824829e-02,2.250559329986572266e-01,6.046471744775772095e-02,-5.917566642165184021e-02,-1.891056820750236511e-02
2.068955078721046448e-02,-2.670853957533836365e-02,6.067841649055480957e-01,1.918548345565795898e-02,3.893573582172393799e-02,6.759224534034729004e-01,7.356933951377868652e-01,-1.535877585411071777e-01,-4.103689640760421753e-02,-1.753530055284500122e-01,1.089999377727508545e-01,8.681128174066543579e-02,9.346662461757659912e-02,-9.264568239450454712e-02,-9.421296417713165283e-02,2.250198572874069214e-01,6.024543568491935730e-02,-5.883835628628730774e-02,-1.808189228177070618e-02
2.053658664226531982e-02,-2.677932009100914001e-02,6.067838668823242188e-01,1.890816353261470795e-02,3.851278498768806458e-02,6.760578155517578125e-01,7.355984449386596680e-01,-1.535993218421936035e-01,-4.054038971662521362e-02,-1.747197508811950684e-01,1.088253557682037354e-01,8.628124743700027466e-02,9.152977168560028076e-02,-9.283582121133804321e-02,-9.331136196851730347e-02,2.237016111612319946e-01,6.041413545608520508e-02,-5.807967111468315125e-02,-1.960428245365619659e-02
2.078525722026824951e-02,-2.676612138748168945e-02,6.069363951683044434e-01,1.926894299685955048e-02,3.888456523418426514e-02,6.759597659111022949e-01,7.356596589088439941e-01,-1.537042856216430664e-01,-4.141613468527793884e-02,-1.760718375444412231e-01,1.092766225337982178e-01,8.723184466361999512e-02,9.156302362680435181e-02,-9.261717647314071655e-02,-9.421963989734649658e-02,2.255076915025711060e-01,6.075434759259223938e-02,-5.940866842865943909e-02,-1.748637296259403229e-02
2.056351304054260254e-02,-2.696640975773334503e-02,6.067172288894653320e-01,1.910295337438583374e-02,3.882406279444694519e-02,6.760904788970947266e-01,7.355470657348632812e-01,-1.539345681667327881e-01,-4.103916883468627930e-02,-1.769191771745681763e-01,1.094333678483963013e-01,8.624067902565002441e-02,9.294766932725906372e-02,-9.341701865196228027e-02,-9.388768672943115234e-02,2.245412915945053101e-01,6.061164662241935730e-02,-5.968047678470611572e-02,-1.923789083957672119e-02
2.069333381950855255e-02,-2.695436775684356689e-02,6.068931818008422852e-01,1.891123130917549133e-02,3.849358856678009033e-02,6.762143969535827637e-01,7.354554533958435059e-01,-1.537092328071594238e-01,-4.086755216121673584e-02,-1.766820698976516724e-01,1.094402223825454712e-01,8.632683008909225464e-02,9.019710868597030640e-02,-9.307867288589477539e-02,-9.294278174638748169e-02,2.250345349311828613e-01,6.063675135374069214e-02,-5.861876532435417175e-02,-2.035931684076786041e-02
2.084947377443313599e-02,-2.700013294816017151e-02,6.068576574325561523e-01,1.926103606820106506e-02,3.841120004653930664e-02,6.762456893920898438e-01,7.354218959808349609e-01,-1.529736816883087158e-01,-4.033949971199035645e-02,-1.763323843479156494e-01,1.091139689087867737e-01,8.616795390844345093e-02,9.071070700883865356e-02,-9.290149062871932983e-02,-9.312994033098220825e-02,2.242953479290008545e-01,6.119585782289505005e-02,-5.866438150405883789e-02,-1.886337623000144958e-02
2.062677778303623199e-02,-2.707784064114093781e-02,6.067105531692504883e-01,1.913934387266635895e-02,3.863149136304855347e-02,6.763819456100463867e-01,7.352882027626037598e-01,-1.536309421062469482e-01,-4.063913971185684204e-02,-1.761664152145385742e-01,1.091940030455589294e-01,8.717958629131317139e-02,9.257940202951431274e-02,-9.365244954824447632e-02,-9.358599781990051270e-02,2.247725129127502441e-01,6.116470694541931152e-02,-5.808721855282783508e-02,-1.988581381738185883e-02
2.081482298672199249e-02,-2.714672684669494629e-02,6.069139838218688965e-01,1.905956678092479706e-02,3.852887451648712158e-02,6.764158606529235840e-01,7.352644205093383789e-01,-1.535004973411560059e-01,-4.065354168415069580e-02,-1.776238679885864258e-01,1.091956272721290588e-01,8.608642965555191040e-02,9.032712876796722412e-02,-9.363634139299392700e-02,-9.313324093818664551e-02,2.248535901308059692e-01,6.097448244690895081e-02,-5.880876630544662476e-02,-1.893994957208633423e-02
2.074795775115489960e-02,-2.711373381316661835e-02,6.067629456520080566e-01,1.904616504907608032e-02,3.848277032375335693e-02,6.761443614959716797e-01,7.355169057846069336e-01,-1.536035537719726562e-01,-4.038695245981216431e-02,-1.774295866489410400e-01,1.093278974294662476e-01,8.573178201913833618e-02,9.205999970436096191e-02,-9.345960617065429688e-02,-9.287865459918975830e-02,2.242867797613143921e-01,6.106782332062721252e-02,-5.856683105230331421e-02,-1.900638081133365631e-02
2.084288746118545532e-02,-2.715916372835636139e-02,6.068410873413085938e-01,1.920121349394321442e-02,3.839905560016632080e-02,6.761283278465270996e-01,7.355319857597351074e-01,-1.533610373735427856e-01,-4.059298709034919739e-02,-1.765619814395904541e-01,1.093629226088523865e-01,8.652527630329132080e-02,9.062960743904113770e-02,-9.294442087411880493e-02,-9.316013008356094360e-02,2.246289849281311035e-01,6.087221577763557434e-02,-5.858112499117851257e-02,-2.080074697732925415e-02
2.095782011747360229e-02,-2.710507251322269440e-02,6.068114042282104492e-01,1.920751109719276428e-02,3.855254501104354858e-02,6.761270761489868164e-01,7.355249524116516113e-01,-1.536414027214050293e-01,-4.026614874601364136e-02,-1.752218157052993774e-01,1.083693057298660278e-01,8.744943141937255859e-02,9.131596237421035767e-02,-9.329280257225036621e-02,-9.310396760702133179e-02,2.260701656341552734e-01,6.118251383304595947e-02,-5.864044278860092163e-02,-2.059251628816127777e-02
2.084842137992382050e-02,-2.716338261961936951e-02,6.067396402359008789e-01,1.926837489008903503e-02,3.873034939169883728e-02,6.759616136550903320e-01,7.356660962104797363e-01,-1.541011035442352295e-01,-4.033007100224494934e-02,-1.740984916687011719e-01,1.089956983923912048e-01,8.758410066366195679e-02,9.166493266820907593e-02,-9.318746626377105713e-02,-9.340057522058486938e-02,2.259424030780792236e-01,6.050167232751846313e-02,-5.927516892552375793e-02,-1.969220116734504700e-02
