1.018413305282592773e+00,-1.264816820621490479e-01,6.012096405029296875e-01,4.916273802518844604e-02,1.098553836345672607e-02,6.748014688491821289e-01,7.362780570983886719e-01,-3.329851850867271423e-02,3.450836613774299622e-02,-6.554414331912994385e-02,1.190610900521278381e-01,5.110695585608482361e-02,4.187795147299766541e-02,-6.100127473473548889e-03,-1.779285520315170288e-01,6.137745827436447144e-02,7.866260409355163574e-02,-8.346922695636749268e-02,1.387460082769393921e-01
1.018212199211120605e+00,-1.259506940841674805e-01,6.011282801628112793e-01,4.820099100470542908e-02,1.174866128712892532e-02,6.752275824546813965e-01,7.359390854835510254e-01,-3.518533334136009216e-02,3.489077463746070862e-02,-6.361518055200576782e-02,1.188387125730514526e-01,4.750774800777435303e-02,3.539939224720001221e-02,-6.703009828925132751e-03,-1.778690963983535767e-01,5.618517473340034485e-02,7.640367746353149414e-02,-8.597228676080703735e-02,1.376247555017471313e-01
1.017940402030944824e+00,-1.257987618446350098e-01,6.014786958694458008e-01,4.220929369330406189e-02,1.806558296084403992e-02,6.748966574668884277e-01,7.364825606346130371e-01,-5.619239807128906250e-02,3.321851417422294617e-02,-6.407105922698974609e-02,1.227180510759353638e-01,4.497188329696655273e-02,2.130176499485969543e-02,-2.665351144969463348e-02,-1.774934381246566772e-01,6.207961961627006531e-02,8.010014891624450684e-02,-8.761461824178695679e-02,1.390710473060607910e-01
1.017868041992187500e+00,-1.257854253053665161e-01,6.013635396957397461e-01,4.129243642091751099e-02,1.881745830178260803e-02,6.750862002372741699e-01,7.363419532775878906e-01,-5.896594375371932983e-02,3.343893587589263916e-02,-6.445157527923583984e-02,1.231189519166946411e-01,4.628609120845794678e-02,2.048349007964134216e-02,-2.981356345117092133e-02,-1.770409941673278809e-01,6.267086416482925415e-02,8.063769340515136719e-02,-8.652514219284057617e-02,1.381580233573913574e-01
1.017875671386718750e+00,-1.259611994028091431e-01,6.014288663864135742e-01,4.059861600399017334e-02,1.974717155098915100e-02,6.748656630516052246e-01,7.365583181381225586e-01,-6.221977993845939636e-02,3.306379169225692749e-02,-6.403433531522750854e-02,1.235712990164756775e-01,4.567427933216094971e-02,2.078447304666042328e-02,-3.279981017112731934e-02,-1.772812455892562866e-01,6.225465983152389526e-02,8.126011490821838379e-02,-8.724017441272735596e-02,1.390332579612731934e-01
1.017978906631469727e+00,-1.262692362070083618e-01,6.014351248741149902e-01,4.089787602424621582e-02,1.903897151350975037e-02,6.758609414100646973e-01,7.356472015380859375e-01,-6.035260856151580811e-02,3.410439938306808472e-02,-6.550396233797073364e-02,1.228421479463577271e-01,4.538211598992347717e-02,2.019048109650611877e-02,-3.341388329863548279e-02,-1.766225844621658325e-01,6.019026413559913635e-02,8.310941606760025024e-02,-8.783549070358276367e-02,1.395655572414398193e-01
1.018007397651672363e+00,-1.258777976036071777e-01,6.013529300689697266e-01,4.222987219691276550e-02,1.719027757644653320e-02,6.758424639701843262e-01,7.356344461441040039e-01,-5.345780774950981140e-02,3.443588316440582275e-02,-6.675444543361663818e-02,1.209953799843788147e-01,4.609210416674613953e-02,1.942039839923381805e-02,-2.683313004672527313e-02,-1.759047508239746094e-01,6.063186004757881165e-02,8.214146643877029419e-02,-8.811187744140625000e-02,1.374317109584808350e-01
1.018079519271850586e+00,-1.259600669145584106e-01,6.014623045921325684e-01,4.256864264607429504e-02,1.689253933727741241e-02,6.757807135581970215e-01,7.356785535812377930e-01,-5.241871625185012817e-02,3.458259254693984985e-02,-6.719011068344116211e-02,1.206773221492767334e-01,4.473171755671501160e-02,2.005825378000736237e-02,-2.582905068993568420e-02,-1.760667413473129272e-01,5.956907942891120911e-02,8.175010234117507935e-02,-8.885292708873748779e-02,1.376576721668243408e-01
1.018028259277343750e+00,-1.259353011846542358e-01,6.013367176055908203e-01,4.264333099126815796e-02,1.679728552699089050e-02,6.758102178573608398e-01,7.356493473052978516e-01,-5.225434154272079468e-02,3.478385135531425476e-02,-6.584425270557403564e-02,1.207525432109832764e-01,4.626491293311119080e-02,1.992578245699405670e-02,-2.580185234546661377e-02,-1.761462539434432983e-01,5.957008153200149536e-02,8.162122964859008789e-02,-8.714930713176727295e-02,1.382248550653457642e-01
1.018000602722167969e+00,-1.260815858840942383e-01,6.013734936714172363e-01,4.233589768409729004e-02,1.688044890761375427e-02,6.758295297622680664e-01,7.356474399566650391e-01,-5.309342592954635620e-02,3.466838598251342773e-02,-6.785569339990615845e-02,1.210328117012977600e-01,4.492333903908729553e-02,1.934384927153587341e-02,-2.662475593388080597e-02,-1.757023632526397705e-01,5.998736247420310974e-02,8.206845074892044067e-02,-8.739071339368820190e-02,1.381505727767944336e-01
1.018136858940124512e+00,-1.261830925941467285e-01,6.014804244041442871e-01,4.265345260500907898e-02,1.690090261399745941e-02,6.757674217224121094e-01,7.356856465339660645e-01,-5.301688984036445618e-02,3.473702445626258850e-02,-6.688494980335235596e-02,1.212037652730941772e-01,4.462087154388427734e-02,1.906161941587924957e-02,-2.667695656418800354e-02,-1.763466149568557739e-01,5.807659029960632324e-02,8.247944712638854980e-02,-8.887068182229995728e-02,1.398796290159225464e-01
1.017925858497619629e+00,-1.261354982852935791e-01,6.013275384902954102e-01,4.242430999875068665e-02,1.671685837209224701e-02,6.755822300910949707e-01,7.358732223510742188e-01,-5.323972925543785095e-02,3.483477607369422913e-02,-6.662549823522567749e-02,1.212600618600845337e-01,4.574946314096450806e-02,1.924834959208965302e-02,-2.650417760014533997e-02,-1.756457239389419556e-01,6.121957674622535706e-02,8.224318176507949829e-02,-8.796438574790954590e-02,1.371975690126419067e-01
1.017925500869750977e+00,-1.263776868581771851e-01,6.014522910118103027e-01,4.237477481365203857e-02,1.697542704641819000e-02,6.752741932868957520e-01,7.361528277397155762e-01,-5.487858876585960388e-02,3.453422710299491882e-02,-6.596476584672927856e-02,1.221175715327262878e-01,4.559013620018959045e-02,1.874945312738418579e-02,-2.760266512632369995e-02,-1.761845946311950684e-01,6.054451689124107361e-02,8.286989480257034302e-02,-8.867433667182922363e-02,1.377207785844802856e-01
1.017920255661010742e+00,-1.265400797128677368e-01,6.013555526733398438e-01,4.253230616450309753e-02,1.710125803947448730e-02,6.751169562339782715e-01,7.362850308418273926e-01,-5.559505894780158997e-02,3.411759436130523682e-02,-6.596636772155761719e-02,1.228581145405769348e-01,4.776497930288314819e-02,1.855820044875144958e-02,-2.833525091409683228e-02,-1.769050657749176025e-01,5.977743119001388550e-02,8.309379220008850098e-02,-8.752346783876419067e-02,1.386056840419769287e-01
1.017720937728881836e+00,-1.265579611063003540e-01,6.014764308929443359e-01,4.276118800044059753e-02,1.658516936004161835e-02,6.743105649948120117e-01,7.370221614837646484e-01,-5.504816025495529175e-02,3.432624414563179016e-02,-6.356093287467956543e-02,1.227733120322227478e-01,4.651955515146255493e-02,1.972186565399169922e-02,-2.624670416116714478e-02,-1.769262552261352539e-01,6.054946407675743103e-02,8.199077099561691284e-02,-8.799698203802108765e-02,1.368864327669143677e-01
1.017901062965393066e+00,-1.267278492450714111e-01,6.014814376831054688e-01,4.283398762345314026e-02,1.644920744001865387e-02,6.749407649040222168e-01,7.364439368247985840e-01,-5.455523356795310974e-02,3.488466888666152954e-02,-6.538747996091842651e-02,1.227109208703041077e-01,4.576721414923667908e-02,1.937244459986686707e-02,-2.701307088136672974e-02,-1.762536317110061646e-01,6.093828752636909485e-02,8.322435617446899414e-02,-8.803955465555191040e-02,1.379147320985794067e-01
1.017654061317443848e+00,-1.271139681339263916e-01,6.013695597648620605e-01,4.199803248047828674e-02,1.756747625768184662e-02,6.747110486030578613e-01,7.366766929626464844e-01,-5.955278873443603516e-02,3.397865593433380127e-02,-6.421626359224319458e-02,1.245415061712265015e-01,4.781223461031913757e-02,1.851178333163261414e-02,-3.077321685850620270e-02,-1.767023056745529175e-01,6.144987791776657104e-02,8.325771242380142212e-02,-8.663404732942581177e-02,1.380016952753067017e-01
1.017768621444702148e+00,-1.270834356546401978e-01,6.015164256095886230e-01,4.277336969971656799e-02,1.647558808326721191e-02,6.751252412796020508e-01,7.362777590751647949e-01,-5.541191622614860535e-02,3.428947553038597107e-02,-6.658975780010223389e-02,1.230648159980773926e-01,4.647257551550865173e-02,1.845097728073596954e-02,-2.799935452640056610e-02,-1.764582097530364990e-01,6.043330207467079163e-02,8.333849906921386719e-02,-8.698756247758865356e-02,1.386367678642272949e-01
1.017607808113098145e+00,-1.272827982902526855e-01,6.014679670333862305e-01,4.241711646318435669e-02,1.725848577916622162e-02,6.749892830848693848e-01,7.364050745964050293e-01,-5.838856101036071777e-02,3.343255817890167236e-02,-6.597313284873962402e-02,1.243034303188323975e-01,4.828010872006416321e-02,1.986842602491378784e-02,-3.029901720583438873e-02,-1.768615096807479858e-01,6.231195852160453796e-02,8.394435793161392212e-02,-8.609315007925033569e-02,1.385840326547622681e-01
1.017537832260131836e+00,-1.274007707834243774e-01,6.014248132705688477e-01,4.228744655847549438e-02,1.717013679444789886e-02,6.748946905136108398e-01,7.365012764930725098e-01,-5.866692960262298584e-02,3.361505270004272461e-02,-6.544372439384460449e-02,1.243088021874427795e-01,4.826477542519569397e-02,1.993886008858680725e-02,-3.057758696377277374e-02,-1.765114814043045044e-01,6.272079050540924072e-02,8.404557406902313232e-02,-8.562652021646499634e-02,1.376172453165054321e-01
1.017624378204345703e+00,-1.276360154151916504e-01,6.015074849128723145e-01,4.229583218693733215e-02,1.719404198229312897e-02,6.748024821281433105e-01,7.365847229957580566e-01,-5.940838530659675598e-02,3.384311869740486145e-02,-6.532125920057296753e-02,1.246335729956626892e-01,4.729972407221794128e-02,1.984925568103790283e-02,-3.071328066289424896e-02,-1.764661520719528198e-01,6.297211349010467529e-02,8.332110941410064697e-02,-8.532323688268661499e-02,1.378075480461120605e-01
1.017554044723510742e+00,-1.276990771293640137e-01,6.014120578765869141e-01,4.265848919749259949e-02,1.694398000836372375e-02,6.749638915061950684e-01,7.364216446876525879e-01,-5.866944789886474609e-02,3.390491008758544922e-02,-6.403319537639617920e-02,1.247401088476181030e-01,4.864022880792617798e-02,1.972023956477642059e-02,-2.979255095124244690e-02,-1.765257269144058228e-01,6.400251388549804688e-02,8.334191888570785522e-02,-8.451189845800399780e-02,1.380423903465270996e-01
1.017938137054443359e+00,-1.276471167802810669e-01,6.014738082885742188e-01,4.330626130104064941e-02,1.614371128380298615e-02,6.754731535911560059e-01,7.359347343444824219e-01,-5.469994992017745972e-02,3.394738212227821350e-02,-6.794878095388412476e-02,1.230767071247100830e-01,4.767362028360366821e-02,2.020015567541122437e-02,-2.765472978353500366e-02,-1.760166436433792114e-01,6.012991443276405334e-02,8.306735754013061523e-02,-8.579381555318832397e-02,1.374445557594299316e-01
1.017949104309082031e+00,-1.277890801429748535e-01,6.013855338096618652e-01,4.393125697970390320e-02,1.555114705115556717e-02,6.747659444808959961e-01,7.365589737892150879e-01,-5.392395704984664917e-02,3.436644002795219421e-02,-6.576854735612869263e-02,1.238732039928436279e-01,4.791735112667083740e-02,2.160327136516571045e-02,-2.495579607784748077e-02,-1.761319637298583984e-01,6.146240606904029846e-02,8.222493529319763184e-02,-8.649440854787826538e-02,1.358299702405929565e-01
1.018094301223754883e+00,-1.281524151563644409e-01,6.014583706855773926e-01,4.378303885459899902e-02,1.547688245773315430e-02,6.757127642631530762e-01,7.357008457183837891e-01,-5.397269129753112793e-02,3.491549566388130188e-02,-6.709787249565124512e-02,1.232097148895263672e-01,4.758293181657791138e-02,1.919034309685230255e-02,-2.683527022600173950e-02,-1.753746867179870605e-01,6.115024164319038391e-02,8.331304788589477539e-02,-8.512768149375915527e-02,1.363744288682937622e-01
1.018230438232421875e+00,-1.282674223184585571e-01,6.015190482139587402e-01,4.391127452254295349e-02,1.527021918445825577e-02,6.754691004753112793e-01,7.359212636947631836e-01,-5.375083163380622864e-02,3.522826358675956726e-02,-6.714971363544464111e-02,1.237764135003089905e-01,4.696095362305641174e-02,1.877024956047534943e-02,-2.624527737498283386e-02,-1.751174330711364746e-01,6.085626780986785889e-02,8.281718939542770386e-02,-8.487766981124877930e-02,1.357652842998504639e-01
1.018151521682739258e+00,-1.285224407911300659e-01,6.014589071273803711e-01,4.380474239587783813e-02,1.529035158455371857e-02,6.756550669670104980e-01,7.357564568519592285e-01,-5.474279448390007019e-02,3.535242378711700439e-02,-6.680805981159210205e-02,1.242717951536178589e-01,4.783556610345840454e-02,1.863500848412513733e-02,-2.739712037146091461e-02,-1.747125387191772461e-01,6.206529960036277771e-02,8.371532708406448364e-02,-8.393882215023040771e-02,1.351803541183471680e-01
1.018386483192443848e+00,-1.287450790405273438e-01,6.015025973320007324e-01,4.394266009330749512e-02,1.538498979061841965e-02,6.756511330604553223e-01,7.357499003410339355e-01,-5.523955821990966797e-02,3.509895130991935730e-02,-6.843898445367813110e-02,1.244577765464782715e-01,4.736071825027465820e-02,1.863854192197322845e-02,-2.763415500521659851e-02,-1.745668053627014160e-01,6.126542016863822937e-02,8.391132205724716187e-02,-8.525890856981277466e-02,1.353448480367660522e-01
1.018385171890258789e+00,-1.288129687309265137e-01,6.014868021011352539e-01,4.449796304106712341e-02,1.511094067245721817e-02,6.757793426513671875e-01,7.356044650077819824e-01,-5.418856069445610046e-02,3.490379825234413147e-02,-6.717360764741897583e-02,1.249118521809577942e-01,4.747574031352996826e-02,1.843137666583061218e-02,-2.682096324861049652e-02,-1.753233075141906738e-01,6.007665395736694336e-02,8.409556001424789429e-02,-8.563663810491561890e-02,1.373917609453201294e-01
1.018282890319824219e+00,-1.289858072996139526e-01,6.014271974563598633e-01,4.476227238774299622e-02,1.492207683622837067e-02,6.755232214927673340e-01,7.358274459838867188e-01,-5.419941991567611694e-02,3.494344651699066162e-02,-6.418163329362869263e-02,1.252163797616958618e-01,4.884540289640426636e-02,1.913109421730041504e-02,-2.594158984720706940e-02,-1.755333840847015381e-01,6.074224784970283508e-02,8.343099802732467651e-02,-8.457487821578979492e-02,1.367722451686859131e-01
1.018426537513732910e+00,-1.291621029376983643e-01,6.014989018440246582e-01,4.505431279540061951e-02,1.457119174301624298e-02,6.756359338760375977e-01,7.357131838798522949e-01,-5.336260423064231873e-02,3.509321063756942749e-02,-6.581239402294158936e-02,1.250600963830947876e-01,4.766121879220008850e-02,1.976170577108860016e-02,-2.578555606305599213e-02,-1.753077954053878784e-01,5.996258556842803955e-02,8.397005498409271240e-02,-8.471060544252395630e-02,1.364197432994842529e-01
1.018411159515380859e+00,-1.292118281126022339e-01,6.014301180839538574e-01,4.523060098290443420e-02,1.451421994715929031e-02,6.750671863555908203e-01,7.362254261970520020e-01,-5.380408093333244324e-02,3.492152690887451172e-02,-6.366039812564849854e-02,1.260116994380950928e-01,4.828010872006416321e-02,1.838427409529685974e-02,-2.521690912544727325e-02,-1.754434555768966675e-01,6.118263676762580872e-02,8.399566262960433960e-02,-8.482390642166137695e-02,1.373362839221954346e-01
1.018505692481994629e+00,-1.294146031141281128e-01,6.015628576278686523e-01,4.485994949936866760e-02,1.502155885100364685e-02,6.754728555679321289e-01,7.358657121658325195e-01,-5.547445267438888550e-02,3.483223170042037964e-02,-6.442823261022567749e-02,1.262537539005279541e-01,4.767007753252983093e-02,1.808647438883781433e-02,-2.734622731804847717e-02,-1.752462387084960938e-01,6.205693259835243225e-02,8.471953123807907104e-02,-8.495276421308517456e-02,1.378632038831710815e-01
1.018516302108764648e+00,-1.295575052499771118e-01,6.015284657478332520e-01,4.471113905310630798e-02,1.553898770362138748e-02,6.752897500991821289e-01,7.360320687294006348e-01,-5.779943242669105530e-02,3.437110036611557007e-02,-6.404790282249450684e-02,1.278099715709686279e-01,4.751183465123176575e-02,1.868165843188762665e-02,-2.927323989570140839e-02,-1.758763343095779419e-01,6.164609640836715698e-02,8.520279079675674438e-02,-8.429141342639923096e-02,1.378933936357498169e-01
1.018581271171569824e+00,-1.295628249645233154e-01,6.014427542686462402e-01,4.465454071760177612e-02,1.569264568388462067e-02,6.754257678985595703e-01,7.359074354171752930e-01,-5.838517472147941589e-02,3.450449556112289429e-02,-6.343973428010940552e-02,1.283076405525207520e-01,4.847631230950355530e-02,1.786306872963905334e-02,-2.917697094380855560e-02,-1.756853312253952026e-01,6.232120469212532043e-02,8.460734784603118896e-02,-8.281069993972778320e-02,1.366471648216247559e-01
1.018758893013000488e+00,-1.295844912528991699e-01,6.015611290931701660e-01,4.480265825986862183e-02,1.545248460024595261e-02,6.758502125740051270e-01,7.355137467384338379e-01,-5.745187029242515564e-02,3.445269912481307983e-02,-6.627544015645980835e-02,1.284929066896438599e-01,4.768336191773414612e-02,1.798400282859802246e-02,-2.942414581775665283e-02,-1.756084859371185303e-01,5.995525047183036804e-02,8.584335446357727051e-02,-8.415006101131439209e-02,1.385292261838912964e-01
1.018806338310241699e+00,-1.294248402118682861e-01,6.014717817306518555e-01,4.471612349152565002e-02,1.545247901231050491e-02,6.762641668319702148e-01,7.351384162902832031e-01,-5.720585212111473083e-02,3.497928008437156677e-02,-6.550534069538116455e-02,1.284886002540588379e-01,4.797893017530441284e-02,1.841547712683677673e-02,-2.926021069288253784e-02,-1.750787943601608276e-01,5.992343276739120483e-02,8.566137403249740601e-02,-8.367446064949035645e-02,1.382430195808410645e-01
1.018967866897583008e+00,-1.294036209583282471e-01,6.015766859054565430e-01,4.502437263727188110e-02,1.534651871770620346e-02,6.764978766441345215e-01,7.349067330360412598e-01,-5.653387680649757385e-02,3.470252081751823425e-02,-6.743767857551574707e-02,1.292045712471008301e-01,4.639806970953941345e-02,1.796465367078781128e-02,-2.874862402677536011e-02,-1.755017191171646118e-01,5.835091322660446167e-02,8.577724546194076538e-02,-8.460262417793273926e-02,1.392916291952133179e-01
1.019316434860229492e+00,-1.291995644569396973e-01,6.015689969062805176e-01,4.539298266172409058e-02,1.515118591487407684e-02,6.766070127487182617e-01,7.347876429557800293e-01,-5.525651574134826660e-02,3.512993082404136658e-02,-6.744872033596038818e-02,1.293588429689407349e-01,4.595681652426719666e-02,1.743936538696289062e-02,-2.769471332430839539e-02,-1.752531081438064575e-01,5.853267386555671692e-02,8.586701750755310059e-02,-8.429083228111267090e-02,1.396330595016479492e-01
1.019535541534423828e+00,-1.291724592447280884e-01,6.014342904090881348e-01,4.511592164635658264e-02,1.553156599402427673e-02,6.768110394477844238e-01,7.346088290214538574e-01,-5.651327222585678101e-02,3.538015857338905334e-02,-6.729474663734436035e-02,1.304677277803421021e-01,4.567089304327964783e-02,1.688001304864883423e-02,-2.872273139655590057e-02,-1.747502237558364868e-01,5.770477652549743652e-02,8.574222773313522339e-02,-8.368485420942306519e-02,1.388137340545654297e-01
1.019874691963195801e+00,-1.289156079292297363e-01,6.014634966850280762e-01,4.514267295598983765e-02,1.603200286626815796e-02,6.766978502273559570e-01,7.347006797790527344e-01,-5.711908265948295593e-02,3.494430705904960632e-02,-6.869133561849594116e-02,1.308912932872772217e-01,4.492362961173057556e-02,1.780061982572078705e-02,-2.889252454042434692e-02,-1.751597225666046143e-01,5.696403607726097107e-02,8.556159585714340210e-02,-8.485636115074157715e-02,1.390850394964218140e-01
1.020169734954833984e+00,-1.287900507450103760e-01,6.014642119407653809e-01,4.492763802409172058e-02,1.666986197233200073e-02,6.768326163291931152e-01,7.345755100250244141e-01,-5.877081677317619324e-02,3.493854030966758728e-02,-6.717331707477569580e-02,1.321785002946853638e-01,4.438997060060501099e-02,1.752995513379573822e-02,-3.027686290442943573e-02,-1.751845329999923706e-01,5.763566493988037109e-02,8.597664535045623779e-02,-8.578322827816009521e-02,1.385721266269683838e-01
1.020506143569946289e+00,-1.287071853876113892e-01,6.014719009399414062e-01,4.501346871256828308e-02,1.681453175842761993e-02,6.765849590301513672e-01,7.347951531410217285e-01,-5.958715453743934631e-02,3.533694520592689514e-02,-6.718869507312774658e-02,1.334185153245925903e-01,4.406079649925231934e-02,1.782844960689544678e-02,-3.019856661558151245e-02,-1.747671216726303101e-01,5.906978249549865723e-02,8.683702349662780762e-02,-8.565472811460494995e-02,1.377498954534530640e-01
1.020864248275756836e+00,-1.286072582006454468e-01,6.015136837959289551e-01,4.520945250988006592e-02,1.676328293979167938e-02,6.763704419136047363e-01,7.349817156791687012e-01,-6.037312746047973633e-02,3.572396934032440186e-02,-6.722308695316314697e-02,1.356575638055801392e-01,4.417560994625091553e-02,1.754623837769031525e-02,-3.019422292709350586e-02,-1.744898557662963867e-01,5.874710902571678162e-02,8.761955797672271729e-02,-8.602865040302276611e-02,1.380857527256011963e-01
1.021084189414978027e+00,-1.286188811063766479e-01,6.014048457145690918e-01,4.507650062441825867e-02,1.697822287678718567e-02,6.766721010208129883e-01,7.347072362899780273e-01,-6.242024898529052734e-02,3.582121431827545166e-02,-6.711374223232269287e-02,1.386807411909103394e-01,4.430374130606651306e-02,1.719578541815280914e-02,-3.150310367345809937e-02,-1.740099340677261353e-01,5.867863446474075317e-02,8.848998695611953735e-02,-8.495496213436126709e-02,1.365121752023696899e-01
1.021879792213439941e+00,-1.284381151199340820e-01,6.014481186866760254e-01,4.617051780223846436e-02,1.595919393002986908e-02,6.771829128265380859e-01,7.341912984848022461e-01,-5.854247510433197021e-02,3.689400851726531982e-02,-6.950260698795318604e-02,1.389083266258239746e-01,4.271481558680534363e-02,1.610941253602504730e-02,-2.896926738321781158e-02,-1.729482412338256836e-01,5.703446641564369202e-02,9.029375016689300537e-02,-8.698303997516632080e-02,1.371175795793533325e-01
1.022215604782104492e+00,-1.283784806728363037e-01,6.013557910919189453e-01,4.687860608100891113e-02,1.569501869380474091e-02,6.762855648994445801e-01,7.349788546562194824e-01,-5.920266732573509216e-02,3.693850338459014893e-02,-6.857072561979293823e-02,1.422953754663467407e-01,4.282897710800170898e-02,1.662902161478996277e-02,-2.741242945194244385e-02,-1.729186922311782837e-01,5.883963033556938171e-02,9.118559956550598145e-02,-8.763840049505233765e-02,1.366795301437377930e-01
1.022263288497924805e+00,-1.288852691650390625e-01,6.013373136520385742e-01,4.644409194588661194e-02,1.623794063925743103e-02,6.768287420272827148e-01,7.344945073127746582e-01,-6.478719413280487061e-02,3.624067455530166626e-02,-7.146544754505157471e-02,1.490084528923034668e-01,4.188087210059165955e-02,1.657401584088802338e-02,-3.278860449790954590e-02,-1.728075593709945679e-01,5.857121571898460388e-02,9.622056037187576294e-02,-8.751749247312545776e-02,1.373882293701171875e-01
1.022332310676574707e+00,-1.292395889759063721e-01,6.013707518577575684e-01,4.667554050683975220e-02,1.638426817953586578e-02,6.754958033561706543e-01,7.357026338577270508e-01,-6.987342238426208496e-02,3.578529506921768188e-02,-6.951045989990234375e-02,1.554944217205047607e-01,4.098536446690559387e-02,1.646080985665321350e-02,-3.540428727865219116e-02,-1.732728183269500732e-01,6.209844723343849182e-02,1.006672158837318420e-01,-8.834101259708404541e-02,1.392102837562561035e-01
1.022150874137878418e+00,-1.304422467947006226e-01,6.012821793556213379e-01,4.545475542545318604e-02,1.825444959104061127e-02,6.751089692115783691e-01,7.360900044441223145e-01,-8.329635858535766602e-02,3.452814742922782898e-02,-6.900022923946380615e-02,1.660939902067184448e-01,4.272381216287612915e-02,1.660038344562053680e-02,-4.834177717566490173e-02,-1.735688596963882446e-01,6.383789330720901489e-02,1.113895326852798462e-01,-8.914677053689956665e-02,1.437287032604217529e-01
1.021877527236938477e+00,-1.318066716194152832e-01,6.012654900550842285e-01,4.472516477108001709e-02,1.923987455666065216e-02,6.739463210105895996e-01,7.371742129325866699e-01,-9.585718065500259399e-02,3.422617167234420776e-02,-6.536526232957839966e-02,1.770628988742828369e-01,4.558779299259185791e-02,1.512517407536506653e-02,-6.121794879436492920e-02,-1.731468439102172852e-01,7.005477696657180786e-02,1.262519955635070801e-01,-9.098596125841140747e-02,1.419091075658798218e-01
1.021213173866271973e+00,-1.339324116706848145e-01,6.011696457862854004e-01,4.482799395918846130e-02,1.869533956050872803e-02,6.727690100669860840e-01,7.382566332817077637e-01,-1.068127527832984924e-01,3.381698206067085266e-02,-6.014886125922203064e-02,1.897924393415451050e-01,4.897489398717880249e-02,1.376899331808090210e-02,-7.542382180690765381e-02,-1.716890484094619751e-01,8.070827275514602661e-02,1.479299366474151611e-01,-9.371320903301239014e-02,1.426455974578857422e-01
1.020120859146118164e+00,-1.366323530673980713e-01,6.011303663253784180e-01,4.406541958451271057e-02,1.840030401945114136e-02,6.718155741691589355e-01,7.391775846481323242e-01,-1.192777678370475769e-01,3.302438184618949890e-02,-5.750197544693946838e-02,1.996138095855712891e-01,5.235198140144348145e-02,1.280761137604713440e-02,-9.806080162525177002e-02,-1.701606214046478271e-01,8.591044694185256958e-02,1.765692681074142456e-01,-8.933788537979125977e-02,1.473355293273925781e-01
1.018849134445190430e+00,-1.392971277236938477e-01,6.008437871932983398e-01,4.244159907102584839e-02,1.916656643152236938e-02,6.705521345138549805e-01,7.403993606567382812e-01,-1.337227970361709595e-01,3.232416883111000061e-02,-5.343539640307426453e-02,2.076399177312850952e-01,5.712927505373954773e-02,1.299288123846054077e-02,-1.254886984825134277e-01,-1.686509847640991211e-01,9.656921774148941040e-02,2.077095657587051392e-01,-8.083651959896087646e-02,1.423780769109725952e-01
1.016389489173889160e+00,-1.419865041971206665e-01,6.006677746772766113e-01,4.158173501491546631e-02,1.887868158519268036e-02,6.695434451103210449e-01,7.413677573204040527e-01,-1.435791254043579102e-01,3.096369653940200806e-02,-4.863296076655387878e-02,2.114361673593521118e-01,6.627094000577926636e-02,1.458857953548431396e-02,-1.519672870635986328e-01,-1.677937060594558716e-01,1.104774922132492065e-01,2.402773648500442505e-01,-5.970747023820877075e-02,1.352572143077850342e-01
1.013979911804199219e+00,-1.448373794555664062e-01,6.008132696151733398e-01,3.917042911052703857e-02,1.874482072889804840e-02,6.666778326034545898e-01,7.440799474716186523e-01,-1.564265340566635132e-01,2.995565347373485565e-02,-4.867874085903167725e-02,2.151616215705871582e-01,7.010101526975631714e-02,1.558073889464139938e-02,-1.808571368455886841e-01,-1.620145440101623535e-01,1.328261643648147583e-01,2.745509147644042969e-01,-3.271250426769256592e-02,1.109757050871849060e-01
1.010664701461791992e+00,-1.473348289728164673e-01,6.011117696762084961e-01,3.785726800560951233e-02,2.128986455500125885e-02,6.653227210044860840e-01,7.452914118766784668e-01,-1.722002476453781128e-01,2.330946549773216248e-02,-4.311635717749595642e-02,2.203502655029296875e-01,7.886925339698791504e-02,1.829954423010349274e-02,-2.114118933677673340e-01,-1.582179367542266846e-01,1.551694869995117188e-01,3.076757192611694336e-01,-1.522644609212875366e-02,7.911347597837448120e-02
1.006650924682617188e+00,-1.493505388498306274e-01,6.025619506835937500e-01,4.050557687878608704e-02,2.583356015384197235e-02,6.641963720321655273e-01,7.460128068923950195e-01,-1.837715655565261841e-01,5.857922602444887161e-03,-3.395257145166397095e-02,2.243293523788452148e-01,8.551748096942901611e-02,2.150133252143859863e-02,-2.385789453983306885e-01,-1.684048920869827271e-01,1.400181800127029419e-01,3.366268873214721680e-01,-2.489101141691207886e-02,4.297985136508941650e-02
1.002312421798706055e+00,-1.504818052053451538e-01,6.047747731208801270e-01,4.528821632266044617e-02,3.161257505416870117e-02,6.626974940299987793e-01,7.468478083610534668e-01,-1.902763247489929199e-01,-1.748966984450817108e-02,-2.620583213865756989e-02,2.238767892122268677e-01,8.935171365737915039e-02,2.791748195886611938e-02,-2.552595436573028564e-01,-1.750868558883666992e-01,1.167649403214454651e-01,3.508297204971313477e-01,-4.531077295541763306e-02,2.916248142719268799e-02
9.974480867385864258e-01,-1.514649689197540283e-01,6.064599752426147461e-01,4.895088076591491699e-02,3.603179380297660828e-02,6.639562249183654785e-01,7.452970147132873535e-01,-1.930761337280273438e-01,-3.956942632794380188e-02,-2.616949006915092468e-02,2.213043123483657837e-01,9.304688125848770142e-02,3.388417139649391174e-02,-2.629717588424682617e-01,-1.558750420808792114e-01,1.239950060844421387e-01,3.544953167438507080e-01,-5.440898984670639038e-02,2.467634901404380798e-02
9.920793771743774414e-01,-1.512851417064666748e-01,6.081422567367553711e-01,5.128875374794006348e-02,4.039106890559196472e-02,6.659221649169921875e-01,7.431592941284179688e-01,-1.947885006666183472e-01,-6.152021512389183044e-02,-2.872003614902496338e-02,2.187470048666000366e-01,9.259070456027984619e-02,4.267376661300659180e-02,-2.625664174556732178e-01,-1.190278604626655579e-01,1.455786079168319702e-01,3.440341055393218994e-01,-5.084864795207977295e-02,4.041554033756256104e-02
9.859011769294738770e-01,-1.506699174642562866e-01,6.088168025016784668e-01,5.125838518142700195e-02,4.295335710048675537e-02,6.684470176696777344e-01,7.407470345497131348e-01,-1.950574219226837158e-01,-7.768468558788299561e-02,-3.122815489768981934e-02,2.146217525005340576e-01,9.594779461622238159e-02,5.503223463892936707e-02,-2.578456103801727295e-01,-7.720866799354553223e-02,1.491754651069641113e-01,3.187545537948608398e-01,-2.514555118978023529e-02,4.139702394604682922e-02
9.793110489845275879e-01,-1.492652893066406250e-01,6.092647910118103027e-01,5.082795023918151855e-02,4.503305628895759583e-02,6.698601245880126953e-01,7.393753528594970703e-01,-1.949712038040161133e-01,-9.372229129076004028e-02,-3.460919111967086792e-02,2.107426077127456665e-01,9.664212167263031006e-02,6.356992572546005249e-02,-2.487016767263412476e-01,-3.507203236222267151e-02,1.463813036680221558e-01,2.824566066265106201e-01,5.370358005166053772e-03,4.184242337942123413e-02
9.723196029663085938e-01,-1.475598663091659546e-01,6.097877621650695801e-01,5.066759511828422546e-02,4.763412848114967346e-02,6.713059544563293457e-01,7.379106283187866211e-01,-1.955718994140625000e-01,-1.116434261202812195e-01,-3.694291785359382629e-02,2.086249291896820068e-01,9.845502674579620361e-02,7.577724754810333252e-02,-2.395610511302947998e-01,4.326209891587495804e-03,1.374082118272781372e-01,2.416710406541824341e-01,3.446211293339729309e-02,2.395080029964447021e-02
9.642435908317565918e-01,-1.453963965177536011e-01,6.101409792900085449e-01,5.079585313796997070e-02,5.060108378529548645e-02,6.734458804130554199e-01,7.357512712478637695e-01,-1.947809904813766479e-01,-1.323287338018417358e-01,-3.855341672897338867e-02,2.059691101312637329e-01,9.927456825971603394e-02,8.692428469657897949e-02,-2.312124371528625488e-01,4.038641601800918579e-02,1.248807683587074280e-01,2.018623650074005127e-01,5.831469967961311340e-02,2.062484622001647949e-03
9.554719328880310059e-01,-1.429952681064605713e-01,6.104092597961425781e-01,5.050733685493469238e-02,5.157359316945075989e-02,6.758646965026855469e-01,7.334821820259094238e-01,-1.884556412696838379e-01,-1.513147503137588501e-01,-4.336625710129737854e-02,1.999618262052536011e-01,9.910699725151062012e-02,9.659907966852188110e-02,-2.231772989034652710e-01,7.642203569412231445e-02,9.559670835733413696e-02,1.664420962333679199e-01,9.335393458604812622e-02,-3.075583651661872864e-02
9.456186890602111816e-01,-1.405161619186401367e-01,6.103405952453613281e-01,4.977187514305114746e-02,5.204690992832183838e-02,6.784633994102478027e-01,7.310959100723266602e-01,-1.831000298261642456e-01,-1.703893095254898071e-01,-4.752550274133682251e-02,1.958231329917907715e-01,1.014675274491310120e-01,1.058449521660804749e-01,-2.176972627639770508e-01,1.129478663206100464e-01,6.643584370613098145e-02,1.419796347618103027e-01,1.314608901739120483e-01,-6.397669762372970581e-02
9.351994395256042480e-01,-1.381366848945617676e-01,6.100368499755859375e-01,4.813763126730918884e-02,5.454991385340690613e-02,6.806814670562744141e-01,7.289580702781677246e-01,-1.853797435760498047e-01,-1.921642422676086426e-01,-4.859210923314094543e-02,1.965165883302688599e-01,1.035668924450874329e-01,1.158768534660339355e-01,-2.169357836246490479e-01,1.493027657270431519e-01,4.462169855833053589e-02,1.315911412239074707e-01,1.611977964639663696e-01,-8.781146258115768433e-02
9.237315654754638672e-01,-1.361010372638702393e-01,6.094909906387329102e-01,4.624709114432334900e-02,5.718773975968360901e-02,6.835675239562988281e-01,7.261722683906555176e-01,-1.917654275894165039e-01,-2.165257930755615234e-01,-5.110831186175346375e-02,2.037917822599411011e-01,1.034686341881752014e-01,1.253782063722610474e-01,-2.192243635654449463e-01,1.873960047960281372e-01,3.949739038944244385e-02,1.337491869926452637e-01,1.834227889776229858e-01,-9.841399639844894409e-02
9.110100269317626953e-01,-1.346604228019714355e-01,6.078475117683410645e-01,4.350441321730613708e-02,5.790789797902107239e-02,6.868219375610351562e-01,7.232078909873962402e-01,-2.008155882358551025e-01,-2.385024130344390869e-01,-5.250420421361923218e-02,2.171821594238281250e-01,1.065781190991401672e-01,1.360385268926620483e-01,-2.240761220455169678e-01,2.278808057308197021e-01,3.693124279379844666e-02,1.427299976348876953e-01,2.128771394491195679e-01,-1.079199314117431641e-01
8.975933194160461426e-01,-1.323501318693161011e-01,6.043317914009094238e-01,4.174360632896423340e-02,5.297920480370521545e-02,6.855635643005371094e-01,7.248815298080444336e-01,-2.122878581285476685e-01,-2.527734339237213135e-01,-4.291277751326560974e-02,2.473124712705612183e-01,1.071272417902946472e-01,1.742162853479385376e-01,-2.101520746946334839e-01,2.712410390377044678e-01,3.655897825956344604e-02,1.521773189306259155e-01,2.473039478063583374e-01,-1.732850819826126099e-01
8.835392594337463379e-01,-1.306187063455581665e-01,6.008756160736083984e-01,3.683740273118019104e-02,5.347774922847747803e-02,6.857580542564392090e-01,7.249268889427185059e-01,-2.334201186895370483e-01,-2.732430994510650635e-01,-3.558999672532081604e-02,2.709457874298095703e-01,1.076652780175209045e-01,1.843537390232086182e-01,-2.134642452001571655e-01,3.065483868122100830e-01,1.823039725422859192e-02,1.575831472873687744e-01,2.650726139545440674e-01,-1.915094405412673950e-01
8.684445619583129883e-01,-1.285135895013809204e-01,5.966430306434631348e-01,3.345976024866104126e-02,5.239003896713256836e-02,6.861053109169006348e-01,7.248415350914001465e-01,-2.494101077318191528e-01,-2.955861091613769531e-01,-2.533900924026966095e-02,2.954034805297851562e-01,1.071874797344207764e-01,1.962804049253463745e-01,-2.111545950174331665e-01,3.405296504497528076e-01,5.262415390461683273e-03,1.580196619033813477e-01,2.775312662124633789e-01,-1.957306712865829468e-01
8.525723814964294434e-01,-1.263076514005661011e-01,5.910947918891906738e-01,2.904090285301208496e-02,4.905414208769798279e-02,6.892965435981750488e-01,7.222330570220947266e-01,-2.591809034347534180e-01,-3.180343806743621826e-01,-2.682025544345378876e-02,3.203250467777252197e-01,1.025193035602569580e-01,2.114845663309097290e-01,-2.152860164642333984e-01,3.811213672161102295e-01,5.216034594923257828e-03,1.628200560808181763e-01,2.878073155879974365e-01,-2.068450301885604858e-01
8.354015350341796875e-01,-1.238482594490051270e-01,5.837382078170776367e-01,2.146942354738712311e-02,4.438918456435203552e-02,6.922462582588195801e-01,7.199748158454895020e-01,-2.715874612331390381e-01,-3.357133567333221436e-01,-2.657709643244743347e-02,3.460279703140258789e-01,9.818120300769805908e-02,2.261673808097839355e-01,-2.178401052951812744e-01,4.281895458698272705e-01,1.883296668529510498e-02,1.643320769071578979e-01,3.118472397327423096e-01,-2.225682586431503296e-01
8.171870112419128418e-01,-1.221611499786376953e-01,5.757133960723876953e-01,1.718539744615554810e-02,3.702211380004882812e-02,6.964218020439147949e-01,7.164709568023681641e-01,-2.714557349681854248e-01,-3.567836880683898926e-01,-2.516118064522743225e-02,3.666253685951232910e-01,1.002207770943641663e-01,2.437202483415603638e-01,-2.217023223638534546e-01,4.642440974712371826e-01,9.409783408045768738e-03,1.747218668460845947e-01,3.246504366397857666e-01,-2.266040444374084473e-01
7.983285784721374512e-01,-1.204556822776794434e-01,5.676379203796386719e-01,1.168144866824150085e-02,3.133959323167800903e-02,7.001318931579589844e-01,7.132297754287719727e-01,-2.710959017276763916e-01,-3.793875575065612793e-01,-2.260494604706764221e-02,3.782140314579010010e-01,9.860759228467941284e-02,2.563201785087585449e-01,-2.322323769330978394e-01,4.839875102043151855e-01,-2.332566305994987488e-02,1.928794085979461670e-01,3.013424575328826904e-01,-2.357930094003677368e-01
7.776542901992797852e-01,-1.193009465932846069e-01,5.582586526870727539e-01,4.494836088269948959e-03,2.333746477961540222e-02,7.053845524787902832e-01,7.084262967109680176e-01,-2.607742249965667725e-01,-3.996662795543670654e-01,-2.126702852547168732e-02,3.789733350276947021e-01,1.053724437952041626e-01,2.795501351356506348e-01,-2.534923553466796875e-01,4.827746152877807617e-01,-9.445504099130630493e-02,2.274489849805831909e-01,2.736863791942596436e-01,-2.810362279415130615e-01
7.559673786163330078e-01,-1.174569055438041687e-01,5.524446368217468262e-01,4.543033894151449203e-03,2.402403950691223145e-02,7.114077210426330566e-01,7.023540735244750977e-01,-2.338402420282363892e-01,-4.414559006690979004e-01,5.115184001624584198e-03,3.445786237716674805e-01,1.375367194414138794e-01,3.135928511619567871e-01,-2.691086828708648682e-01,4.570902287960052490e-01,-7.917378842830657959e-02,2.721171379089355469e-01,1.587306261062622070e-01,-3.036468327045440674e-01
7.311792969703674316e-01,-1.163329035043716431e-01,5.494197607040405273e-01,9.926347061991691589e-03,3.458315879106521606e-02,7.188818454742431641e-01,6.942005157470703125e-01,-2.054483592510223389e-01,-5.138795971870422363e-01,1.414579432457685471e-02,2.969413399696350098e-01,2.113996893167495728e-01,3.688503205776214600e-01,-3.106911778450012207e-01,3.945578038692474365e-01,-4.726232588291168213e-02,3.505347967147827148e-01,1.239321846514940262e-02,-2.539928853511810303e-01
7.050213217735290527e-01,-1.168031021952629089e-01,5.487421154975891113e-01,1.360254269093275070e-02,4.393027350306510925e-02,7.262562513351440430e-01,6.858840584754943848e-01,-1.758012622594833374e-01,-5.826825499534606934e-01,3.007436404004693031e-03,2.459555566310882568e-01,3.226935565471649170e-01,4.328984618186950684e-01,-3.600857853889465332e-01,3.264453709125518799e-01,-3.466101735830307007e-02,4.297434985637664795e-01,-8.550445735454559326e-02,-2.119434475898742676e-01
6.805550456047058105e-01,-1.170026585459709167e-01,5.509516596794128418e-01,1.159223355352878571e-02,4.606647789478302002e-02,7.299364805221557617e-01,6.818623542785644531e-01,-1.582297533750534058e-01,-6.180834770202636719e-01,1.345465541817247868e-03,2.019671499729156494e-01,4.460386037826538086e-01,4.525899589061737061e-01,-4.005991518497467041e-01,2.710455060005187988e-01,-6.289844959974288940e-02,4.932007193565368652e-01,-1.202191486954689026e-01,-2.171879410743713379e-01
6.578909158706665039e-01,-1.180017143487930298e-01,5.588808059692382812e-01,5.907054524868726730e-03,4.107750579714775085e-02,7.312393784523010254e-01,6.808573603630065918e-01,-1.693879067897796631e-01,-5.962963104248046875e-01,4.817487671971321106e-02,1.925787925720214844e-01,4.593699872493743896e-01,3.869497478008270264e-01,-4.140605926513671875e-01,2.416828572750091553e-01,-5.603820458054542542e-02,5.131702423095703125e-01,-1.111308038234710693e-01,-2.070724815130233765e-01
6.356094479560852051e-01,-1.193175837397575378e-01,5.701822042465209961e-01,1.044898381223902106e-04,3.294569253921508789e-02,7.308372855186462402e-01,6.817561388015747070e-01,-1.793491244316101074e-01,-5.386362671852111816e-01,3.702219948172569275e-02,2.017515301704406738e-01,3.688697516918182373e-01,3.596952557563781738e-01,-3.951889872550964355e-01,2.191095948219299316e-01,-4.367975890636444092e-02,4.888555109500885010e-01,-9.653470665216445923e-02,-1.844754070043563843e-01
6.143933534622192383e-01,-1.214221194386482239e-01,5.812994241714477539e-01,-4.893202800303697586e-03,2.599459886550903320e-02,7.312090396881103516e-01,6.816404461860656738e-01,-1.782215088605880737e-01,-4.671756625175476074e-01,1.304127648472785950e-02,2.086116075515747070e-01,2.914923131465911865e-01,3.145386874675750732e-01,-3.732483088970184326e-01,1.947750151157379150e-01,-3.410286828875541687e-02,4.503322243690490723e-01,-7.618977129459381104e-02,-1.462269276380538940e-01
5.949218869209289551e-01,-1.239941865205764771e-01,5.906050801277160645e-01,-6.111110094934701920e-03,2.245067991316318512e-02,7.321408987045288086e-01,6.807557344436645508e-01,-1.782671958208084106e-01,-3.988484740257263184e-01,-2.525183744728565216e-02,2.340577840805053711e-01,2.318544238805770874e-01,2.736761271953582764e-01,-3.451912105083465576e-01,1.659482717514038086e-01,-1.025827322155237198e-02,4.039482772350311279e-01,-6.669341772794723511e-02,-1.067724972963333130e-01
5.771204829216003418e-01,-1.265098750591278076e-01,5.972543358802795410e-01,-7.312306202948093414e-03,2.128447964787483215e-02,7.324219942092895508e-01,6.804788708686828613e-01,-1.875503063201904297e-01,-3.319298028945922852e-01,-8.442970365285873413e-02,2.810333073139190674e-01,1.796904057264328003e-01,2.348335087299346924e-01,-3.193288147449493408e-01,1.367562562227249146e-01,1.429582107812166214e-02,3.590567111968994141e-01,-7.040146738290786743e-02,-6.585915386676788330e-02
5.593846440315246582e-01,-1.289982199668884277e-01,6.012984514236450195e-01,-6.086476612836122513e-03,2.164916321635246277e-02,7.329558134078979492e-01,6.799044609069824219e-01,-1.963174492120742798e-01,-2.719154357910156250e-01,-1.581353545188903809e-01,3.356449306011199951e-01,1.384401917457580566e-01,2.113626897335052490e-01,-2.937386929988861084e-01,9.860622882843017578e-02,1.721875742077827454e-02,3.171550035476684570e-01,-8.387620002031326294e-02,-2.538525126874446869e-02
5.429081916809082031e-01,-1.314909607172012329e-01,6.047645211219787598e-01,-3.804973326623439789e-03,2.155406214296817780e-02,7.329812645912170410e-01,6.798966526985168457e-01,-2.124748229980468750e-01,-2.037809193134307861e-01,-1.958855390548706055e-01,3.958506882190704346e-01,9.929165989160537720e-02,1.670329123735427856e-01,-2.749097049236297607e-01,6.283217668533325195e-02,1.473972760140895844e-02,2.888312637805938721e-01,-8.713945746421813965e-02,4.297416657209396362e-03
5.284271836280822754e-01,-1.337596476078033447e-01,6.066897511482238770e-01,6.751177716068923473e-04,2.132115513086318970e-02,7.321720123291015625e-01,6.807856559753417969e-01,-2.289954870939254761e-01,-1.277668625116348267e-01,-2.133913785219192505e-01,4.416517615318298340e-01,7.939483225345611572e-02,1.392275840044021606e-01,-2.507629096508026123e-01,2.920110151171684265e-02,2.032539434731006622e-02,2.549831569194793701e-01,-7.168933004140853882e-02,1.800569519400596619e-02
5.143432617187500000e-01,-1.351645886898040771e-01,6.079114675521850586e-01,5.587412044405937195e-03,2.097536250948905945e-02,7.345957159996032715e-01,6.781577467918395996e-01,-2.377182841300964355e-01,-4.307718202471733093e-02,-2.077094316482543945e-01,4.605364799499511719e-01,5.768539756536483765e-02,1.312408000230789185e-01,-2.313694804906845093e-01,-6.153050810098648071e-03,1.791233196854591370e-02,2.291323244571685791e-01,-6.239046528935432434e-02,3.405832499265670776e-02
5.009379982948303223e-01,-1.354982256889343262e-01,6.088269352912902832e-01,1.198334433138370514e-02,1.827909983694553375e-02,7.405295372009277344e-01,6.716682910919189453e-01,-2.335449755191802979e-01,4.760676622390747070e-02,-1.687509864568710327e-01,4.503478407859802246e-01,2.979459054768085480e-02,1.221520751714706421e-01,-2.049741744995117188e-01,-4.049728438258171082e-02,1.191066810861229897e-03,1.990559399127960205e-01,-4.932243749499320984e-02,4.525716602802276611e-02
4.894625842571258545e-01,-1.361401528120040894e-01,6.085190176963806152e-01,1.675203070044517517e-02,2.066479064524173737e-02,7.435685396194458008e-01,6.681303381919860840e-01,-2.464465498924255371e-01,1.247601360082626343e-01,-1.096724122762680054e-01,4.356543123722076416e-01,-2.193027641624212265e-03,1.186733394861221313e-01,-1.883718073368072510e-01,-7.424767315387725830e-02,-7.532666437327861786e-03,1.721147894859313965e-01,-3.738316148519515991e-02,5.583836883306503296e-02
4.788171052932739258e-01,-1.358291506767272949e-01,6.079071760177612305e-01,2.200779691338539124e-02,2.169688977301120758e-02,7.464098930358886719e-01,6.647685170173645020e-01,-2.360810190439224243e-01,1.749423146247863770e-01,-7.019601017236709595e-02,3.918223977088928223e-01,-3.093926794826984406e-02,1.162940561771392822e-01,-1.681945323944091797e-01,-1.059773117303848267e-01,-2.081004902720451355e-02,1.475366503000259399e-01,-2.632851339876651764e-02,6.226514652371406555e-02
4.687013030052185059e-01,-1.344396919012069702e-01,6.069142818450927734e-01,2.745203301310539246e-02,2.220502123236656189e-02,7.473949790000915527e-01,6.634411215782165527e-01,-2.092379033565521240e-01,1.886266022920608521e-01,-6.001845002174377441e-02,3.371338546276092529e-01,-6.177125498652458191e-02,9.961885958909988403e-02,-1.440797001123428345e-01,-1.320766359567642212e-01,-2.391068637371063232e-02,1.262103468179702759e-01,-2.717269584536552429e-02,6.875579059123992920e-02
4.593892693519592285e-01,-1.330817788839340210e-01,6.051445603370666504e-01,3.250568732619285583e-02,2.536361850798130035e-02,7.446447610855102539e-01,6.661863327026367188e-01,-1.870781928300857544e-01,1.700588762760162354e-01,-6.666544079780578613e-02,2.903228700160980225e-01,-6.095623597502708435e-02,6.520876288414001465e-02,-1.226532533764839172e-01,-1.600711792707443237e-01,-1.489552110433578491e-02,1.066793352365493774e-01,-3.302276507019996643e-02,8.363727480173110962e-02
4.505477547645568848e-01,-1.308910101652145386e-01,6.017280817031860352e-01,4.073239490389823914e-02,3.131118789315223694e-02,7.405855655670166016e-01,6.699951887130737305e-01,-1.616503447294235229e-01,1.322491317987442017e-01,-7.558980584144592285e-02,2.440210878849029541e-01,6.050330586731433868e-03,3.195454180240631104e-02,-9.824226051568984985e-02,-1.964743733406066895e-01,-7.809397764503955841e-03,8.261553943157196045e-02,-3.046561032533645630e-02,9.792012721300125122e-02
4.431592822074890137e-01,-1.288180202245712280e-01,5.997453331947326660e-01,4.519636556506156921e-02,3.133606538176536560e-02,7.344448566436767578e-01,6.764363050460815430e-01,-1.356660276651382446e-01,1.148915141820907593e-01,-7.130979746580123901e-02,2.017113566398620605e-01,4.852317646145820618e-02,-1.435800362378358841e-02,-6.896623969078063965e-02,-2.127705067396163940e-01,1.273814029991626740e-02,6.006997078657150269e-02,-2.658759430050849915e-02,9.967944771051406860e-02
4.360083937644958496e-01,-1.279150992631912231e-01,6.012826561927795410e-01,4.032167792320251465e-02,3.083289787173271179e-02,7.269983291625976562e-01,6.847605109214782715e-01,-1.261148154735565186e-01,1.116113439202308655e-01,-5.488134175539016724e-02,1.767507195472717285e-01,3.723287209868431091e-02,-2.544683776795864105e-02,-6.355719268321990967e-02,-2.176793664693832397e-01,2.041480690240859985e-02,5.152968689799308777e-02,-3.987411037087440491e-02,1.168542653322219849e-01
4.302312731742858887e-01,-1.276644617319107056e-01,6.022952795028686523e-01,3.826536983251571655e-02,2.676120400428771973e-02,7.213485240936279297e-01,6.909962892532348633e-01,-1.120724454522132874e-01,1.099361404776573181e-01,-3.792475908994674683e-02,1.549480259418487549e-01,4.847782850265502930e-02,-9.434382431209087372e-03,-6.026728451251983643e-02,-2.174435257911682129e-01,3.901682794094085693e-02,5.721632391214370728e-02,-4.956309869885444641e-02,1.149622052907943726e-01
4.251681268215179443e-01,-1.272761076688766479e-01,6.029285192489624023e-01,3.806353360414505005e-02,2.457926794886589050e-02,7.171856164932250977e-01,6.954076290130615234e-01,-1.075900867581367493e-01,1.057824939489364624e-01,-1.679513044655323029e-02,1.492622047662734985e-01,6.407593190670013428e-02,4.278686828911304474e-03,-5.636879801750183105e-02,-2.217198014259338379e-01,4.614912718534469604e-02,6.106739491224288940e-02,-6.199423968791961670e-02,1.152959764003753662e-01
4.221615791320800781e-01,-1.268648505210876465e-01,6.037583351135253906e-01,3.857612609863281250e-02,2.462192066013813019e-02,7.142269015312194824e-01,6.984164714813232422e-01,-1.092316657304763794e-01,1.009133458137512207e-01,-6.163591518998146057e-03,1.507095396518707275e-01,6.711181253194808960e-02,1.227250508964061737e-02,-4.997485503554344177e-02,-2.298126667737960815e-01,4.024302214384078979e-02,5.988176912069320679e-02,-8.608280867338180542e-02,1.022638455033302307e-01
4.196656048297882080e-01,-1.265534162521362305e-01,6.036270260810852051e-01,3.917092457413673401e-02,2.430647984147071838e-02,7.145048975944519043e-01,6.981100440025329590e-01,-1.103743165731430054e-01,9.647072851657867432e-02,-6.614201236516237259e-03,1.554137021303176880e-01,7.062060385942459106e-02,-1.461349311284720898e-04,-4.336711391806602478e-02,-2.329167872667312622e-01,4.184193909168243408e-02,5.628813430666923523e-02,-1.005383729934692383e-01,9.475851804018020630e-02
4.170938730239868164e-01,-1.268781274557113647e-01,6.038768887519836426e-01,3.896917030215263367e-02,2.300044335424900055e-02,7.172486186027526855e-01,6.953465342521667480e-01,-1.131999641656875610e-01,9.353252500295639038e-02,-1.719349250197410583e-02,1.644912362098693848e-01,6.237301230430603027e-02,-2.786753757391124964e-04,-4.055286943912506104e-02,-2.353065460920333862e-01,3.482146933674812317e-02,5.456755682826042175e-02,-1.069408431649208069e-01,9.107398986816406250e-02
4.147406816482543945e-01,-1.269549429416656494e-01,6.039258837699890137e-01,3.844164684414863586e-02,2.337461896240711212e-02,7.206858396530151367e-01,6.918003559112548828e-01,-1.144107878208160400e-01,8.754869550466537476e-02,-2.893849648535251617e-02,1.678769588470458984e-01,5.762763693928718567e-02,-2.728467341512441635e-03,-4.026774689555168152e-02,-2.398639917373657227e-01,2.326569519937038422e-02,5.264188721776008606e-02,-1.150495782494544983e-01,9.519130736589431763e-02
4.130180776119232178e-01,-1.273310333490371704e-01,6.040340662002563477e-01,3.874206542968750000e-02,2.137916907668113708e-02,7.243086099624633789e-01,6.880545616149902344e-01,-1.101272404193878174e-01,8.547579497098922729e-02,-3.623402118682861328e-02,1.683426499366760254e-01,6.169461086392402649e-02,-1.255843206308782101e-03,-3.938911110162734985e-02,-2.409092485904693604e-01,1.518110651522874832e-02,5.250076577067375183e-02,-1.096582114696502686e-01,9.699823707342147827e-02
4.115428626537322998e-01,-1.278969794511795044e-01,6.040786504745483398e-01,3.918733075261116028e-02,1.987674832344055176e-02,7.269354462623596191e-01,6.852985620498657227e-01,-1.069559827446937561e-01,8.375175297260284424e-02,-4.019573330879211426e-02,1.686922460794448853e-01,6.575229018926620483e-02,6.018498679623007774e-04,-3.880116716027259827e-02,-2.425136864185333252e-01,9.507481940090656281e-03,5.337399616837501526e-02,-1.043076962232589722e-01,9.789495170116424561e-02
4.106261134147644043e-01,-1.274025738239288330e-01,6.040607690811157227e-01,3.878701850771903992e-02,1.885975152254104614e-02,7.267926931381225586e-01,6.855014562606811523e-01,-1.033935844898223877e-01,8.452862501144409180e-02,-4.090892523527145386e-02,1.653349101543426514e-01,6.342912465333938599e-02,-3.938047157134860754e-04,-3.685685992240905762e-02,-2.420426756143569946e-01,7.180930115282535553e-03,5.366474762558937073e-02,-1.033982336521148682e-01,9.664607048034667969e-02
4.099221527576446533e-01,-1.272876262664794922e-01,6.040243506431579590e-01,3.806738927960395813e-02,1.867914013564586639e-02,7.265878915786743164e-01,6.857637763023376465e-01,-1.022582575678825378e-01,8.473679423332214355e-02,-4.109647870063781738e-02,1.619472354650497437e-01,6.503538787364959717e-02,-4.119523218832910061e-04,-3.695036470890045166e-02,-2.423651218414306641e-01,1.085985638201236725e-02,5.270866304636001587e-02,-1.015442460775375366e-01,9.695002436637878418e-02
4.095512926578521729e-01,-1.271376460790634155e-01,6.038604378700256348e-01,3.681519255042076111e-02,1.866713725030422211e-02,7.251093387603759766e-01,6.873955130577087402e-01,-1.020833179354667664e-01,8.695849776268005371e-02,-3.675483539700508118e-02,1.579569131135940552e-01,6.533022224903106689e-02,6.238038768060505390e-04,-3.723020851612091064e-02,-2.415364533662796021e-01,1.917588151991367340e-02,5.177904292941093445e-02,-9.896231442689895630e-02,9.844319522380828857e-02
4.092776179313659668e-01,-1.268159896135330200e-01,6.037093400955200195e-01,3.489951044321060181e-02,1.911610364913940430e-02,7.226662635803222656e-01,6.900507807731628418e-01,-1.023925393819808960e-01,8.852478861808776855e-02,-3.392318263649940491e-02,1.500081717967987061e-01,5.786070227622985840e-02,-1.448653521947562695e-03,-4.028093814849853516e-02,-2.406425774097442627e-01,1.387920323759317398e-02,5.052491277456283569e-02,-1.037321090698242188e-01,1.071577742695808411e-01
4.090964794158935547e-01,-1.263854354619979858e-01,6.036407947540283203e-01,3.430194780230522156e-02,1.801201701164245605e-02,7.217940688133239746e-01,6.910226345062255859e-01,-9.731051325798034668e-02,9.300547838211059570e-02,-2.764153853058815002e-02,1.429956108331680298e-01,5.218065902590751648e-02,-1.171301701106131077e-03,-4.119838401675224304e-02,-2.386604398488998413e-01,2.202588506042957306e-02,5.240999162197113037e-02,-9.898883849382400513e-02,1.187904253602027893e-01
4.088111221790313721e-01,-1.258285790681838989e-01,6.033452749252319336e-01,3.424717858433723450e-02,1.586598902940750122e-02,7.195917367935180664e-01,6.933708190917968750e-01,-9.058214724063873291e-02,9.569714218378067017e-02,-2.403412386775016785e-02,1.369626820087432861e-01,5.024217814207077026e-02,-7.113924366421997547e-04,-4.255444183945655823e-02,-2.378119826316833496e-01,2.486366219818592072e-02,5.992045998573303223e-02,-9.527800232172012329e-02,1.378013044595718384e-01
4.087353944778442383e-01,-1.254264563322067261e-01,6.026744246482849121e-01,3.502071648836135864e-02,1.413222495466470718e-02,7.182969450950622559e-01,6.947109699249267578e-01,-8.574722707271575928e-02,9.943771362304687500e-02,-1.270621083676815033e-02,1.332570314407348633e-01,6.018982455134391785e-02,-3.702078247442841530e-03,-4.196842014789581299e-02,-2.353602349758148193e-01,3.734084591269493103e-02,6.510678678750991821e-02,-8.270142227411270142e-02,1.484379470348358154e-01
4.084049165248870850e-01,-1.248896867036819458e-01,6.025737524032592773e-01,3.522511944174766541e-02,1.293715182691812515e-02,7.163873314857482910e-01,6.966928839683532715e-01,-8.247168362140655518e-02,1.000153571367263794e-01,-9.490150026977062225e-03,1.329437345266342163e-01,5.790841206908226013e-02,-1.775934011675417423e-03,-3.934343159198760986e-02,-2.343437969684600830e-01,4.484533518552780151e-02,6.460923701524734497e-02,-7.717381417751312256e-02,1.538432389497756958e-01
4.080338180065155029e-01,-1.246081218123435974e-01,6.025814414024353027e-01,3.510221466422080994e-02,1.242825947701931000e-02,7.154752612113952637e-01,6.976450085639953613e-01,-8.145090192556381226e-02,9.949795901775360107e-02,-9.673483669757843018e-03,1.323131024837493896e-01,5.587053671479225159e-02,-2.803782699629664421e-03,-3.844197839498519897e-02,-2.340423166751861572e-01,4.714142158627510071e-02,6.526423245668411255e-02,-7.758824527263641357e-02,1.554882526397705078e-01
4.074037969112396240e-01,-1.241676136851310730e-01,6.023404598236083984e-01,3.541830554604530334e-02,1.237979996949434280e-02,7.146396636962890625e-01,6.984857916831970215e-01,-8.195507526397705078e-02,9.927999973297119141e-02,-6.070598959922790527e-03,1.336373537778854370e-01,5.867809429764747620e-02,-1.749136717990040779e-03,-3.574617207050323486e-02,-2.358218431472778320e-01,4.894288629293441772e-02,6.292033195495605469e-02,-7.701543718576431274e-02,1.550517082214355469e-01
4.072021245956420898e-01,-1.237904354929924011e-01,6.022300124168395996e-01,3.552892059087753296e-02,1.171138416975736618e-02,7.146530151367187500e-01,6.984780430793762207e-01,-8.076378703117370605e-02,1.005861759185791016e-01,-2.943986328318715096e-03,1.344920545816421509e-01,6.153525039553642273e-02,-4.102413076907396317e-03,-3.327056765556335449e-02,-2.350536733865737915e-01,4.973160102963447571e-02,6.223444268107414246e-02,-7.279773801565170288e-02,1.532480120658874512e-01
4.068219959735870361e-01,-1.236665993928909302e-01,6.022188067436218262e-01,3.530043736100196838e-02,1.149667520076036453e-02,7.150366902351379395e-01,6.981004476547241211e-01,-8.015729486942291260e-02,1.001226529479026794e-01,-6.372979376465082169e-03,1.347545683383941650e-01,6.288224458694458008e-02,-1.694099279120564461e-03,-3.311946615576744080e-02,-2.346557080745697021e-01,5.170111358165740967e-02,6.287577748298645020e-02,-7.339341193437576294e-02,1.525843143463134766e-01
4.067985117435455322e-01,-1.234205961227416992e-01,6.022822856903076172e-01,3.484504297375679016e-02,1.106296852231025696e-02,7.146662473678588867e-01,6.985095739364624023e-01,-7.995694875717163086e-02,1.002778410911560059e-01,-1.241199299693107605e-02,1.355339735746383667e-01,5.845366790890693665e-02,-3.085046075284481049e-03,-3.308480232954025269e-02,-2.336710095405578613e-01,4.668399691581726074e-02,6.283571571111679077e-02,-7.548717409372329712e-02,1.523673832416534424e-01
4.065883755683898926e-01,-1.232914403080940247e-01,6.022258400917053223e-01,3.439088165760040283e-02,1.076483260840177536e-02,7.140510678291320801e-01,6.991655230522155762e-01,-8.164232224225997925e-02,1.015429645776748657e-01,-1.038646325469017029e-02,1.375292390584945679e-01,5.837938562035560608e-02,-2.242807764559984207e-03,-3.220447152853012085e-02,-2.326613366603851318e-01,4.765912890434265137e-02,6.132039427757263184e-02,-7.396546006202697754e-02,1.494342982769012451e-01
4.065232276916503906e-01,-1.233688667416572571e-01,6.022627353668212891e-01,3.407223895192146301e-02,1.146315038204193115e-02,7.129150032997131348e-01,7.003284096717834473e-01,-8.494862169027328491e-02,1.014734134078025818e-01,-4.099943209439516068e-03,1.394240409135818481e-01,6.160809472203254700e-02,-2.117933472618460655e-03,-3.313963860273361206e-02,-2.331646680831909180e-01,5.108361318707466125e-02,6.039072573184967041e-02,-7.523281872272491455e-02,1.492025703191757202e-01
4.064240157604217529e-01,-1.234376281499862671e-01,6.021797060966491699e-01,3.393087163567543030e-02,1.165209710597991943e-02,7.131504416465759277e-01,7.000924348831176758e-01,-8.617730438709259033e-02,1.016336902976036072e-01,-3.205404151231050491e-03,1.407565176486968994e-01,6.800372153520584106e-02,2.287180541316047311e-04,-3.367610275745391846e-02,-2.335480302572250366e-01,5.610941350460052490e-02,6.155531108379364014e-02,-7.012374699115753174e-02,1.480811983346939087e-01
4.065031409263610840e-01,-1.234966367483139038e-01,6.022775769233703613e-01,3.382955864071846008e-02,1.155316270887851715e-02,7.130537629127502441e-01,7.001973986625671387e-01,-8.620307594537734985e-02,1.016572937369346619e-01,-3.589791012927889824e-03,1.406997591257095337e-01,6.841591745615005493e-02,4.865625232923775911e-04,-3.346493095159530640e-02,-2.329583615064620972e-01,5.565048754215240479e-02,6.123329326510429382e-02,-6.807412207126617432e-02,1.483001261949539185e-01
4.065721035003662109e-01,-1.238595470786094666e-01,6.022813320159912109e-01,3.259697183966636658e-02,1.218620408326387405e-02,7.133840918540954590e-01,6.999086737632751465e-01,-8.904010057449340820e-02,1.023436561226844788e-01,-8.702822029590606689e-03,1.389948427677154541e-01,6.145970150828361511e-02,-1.525078318081796169e-03,-3.671073168516159058e-02,-2.318066209554672241e-01,5.164782330393791199e-02,6.156872957944869995e-02,-7.107897102832794189e-02,1.506206840276718140e-01
4.065350592136383057e-01,-1.235665678977966309e-01,6.021773815155029297e-01,3.316916897892951965e-02,1.193586364388465881e-02,7.145799398422241211e-01,6.986650228500366211e-01,-8.635143935680389404e-02,1.018169969320297241e-01,-7.398345973342657089e-03,1.387535482645034790e-01,6.836538761854171753e-02,1.009455998428165913e-03,-3.507803007960319519e-02,-2.325660139322280884e-01,5.334793031215667725e-02,6.091672182083129883e-02,-6.442788988351821899e-02,1.502689868211746216e-01
4.065359234809875488e-01,-1.235500350594520569e-01,6.023640632629394531e-01,3.250775113701820374e-02,1.295679621398448944e-02,7.143740057945251465e-01,6.988884806632995605e-01,-8.798304200172424316e-02,1.007740274071693420e-01,-1.135158445686101913e-02,1.362823694944381714e-01,6.158002093434333801e-02,-2.275383565574884415e-03,-3.677908331155776978e-02,-2.329858392477035522e-01,4.765578731894493103e-02,5.819374322891235352e-02,-7.377552241086959839e-02,1.512604951858520508e-01
4.068277776241302490e-01,-1.232105195522308350e-01,6.020873188972473145e-01,3.309727832674980164e-02,1.161704584956169128e-02,7.152611613273620605e-01,6.979764103889465332e-01,-8.349656313657760620e-02,1.029751375317573547e-01,-8.239381946623325348e-03,1.361895203590393066e-01,6.839016079902648926e-02,-1.189258109661750495e-04,-3.378585353493690491e-02,-2.316471636295318604e-01,5.049344897270202637e-02,5.950893834233283997e-02,-6.186985597014427185e-02,1.497363448143005371e-01
4.070067107677459717e-01,-1.231150850653648376e-01,6.021829247474670410e-01,3.329519554972648621e-02,1.179599855095148087e-02,7.150200009346008301e-01,6.982110738754272461e-01,-8.288140594959259033e-02,1.029501631855964661e-01,-7.428894750773906708e-03,1.350298970937728882e-01,6.527759134769439697e-02,-1.042930874973535538e-03,-3.258856385946273804e-02,-2.315933108329772949e-01,5.012494698166847229e-02,5.876592174172401428e-02,-6.601271033287048340e-02,1.519396603107452393e-01
4.072100818157196045e-01,-1.231853142380714417e-01,6.023204922676086426e-01,3.314344584941864014e-02,1.251344196498394012e-02,7.146385312080383301e-01,6.985962390899658203e-01,-8.448649197816848755e-02,1.018579080700874329e-01,-1.147126778960227966e-02,1.347269117832183838e-01,5.962623283267021179e-02,-2.697773277759552002e-03,-3.402088582515716553e-02,-2.320068329572677612e-01,4.872203245759010315e-02,5.838615074753761292e-02,-7.395512610673904419e-02,1.513101160526275635e-01
4.073500633239746094e-01,-1.230568960309028625e-01,6.022691130638122559e-01,3.353792056441307068e-02,1.227265968918800354e-02,7.148275375366210938e-01,6.983882784843444824e-01,-8.385013043880462646e-02,1.021667122840881348e-01,-9.229902178049087524e-03,1.361011564731597900e-01,6.328142434358596802e-02,-5.118429195135831833e-03,-3.344114869832992554e-02,-2.320228666067123413e-01,4.913786798715591431e-02,5.966269597411155701e-02,-7.396878302097320557e-02,1.496980935335159302e-01
4.074084460735321045e-01,-1.229364350438117981e-01,6.023495793342590332e-01,3.454031795263290405e-02,1.213475968688726425e-02,7.153639197349548340e-01,6.977923512458801270e-01,-8.222001791000366211e-02,1.007718816399574280e-01,-9.643126279115676880e-03,1.371810883283615112e-01,6.723990291357040405e-02,-2.293918048962950706e-03,-3.188388794660568237e-02,-2.330361902713775635e-01,5.578345060348510742e-02,6.120027601718902588e-02,-7.135660201311111450e-02,1.495960056781768799e-01
4.075934588909149170e-01,-1.229085102677345276e-01,6.021383404731750488e-01,3.382772579789161682e-02,1.232286635786294937e-02,7.156624197959899902e-01,6.975178718566894531e-01,-8.299484848976135254e-02,1.023426502943038940e-01,-7.251370698213577271e-03,1.362828314304351807e-01,6.576702743768692017e-02,-2.219788730144500732e-03,-3.417927771806716919e-02,-2.326387166976928711e-01,4.686494916677474976e-02,6.151150166988372803e-02,-6.689632683992385864e-02,1.530103236436843872e-01
4.075518250465393066e-01,-1.229105293750762939e-01,6.023457646369934082e-01,3.417855873703956604e-02,1.261546183377504349e-02,7.156099081039428711e-01,6.975493431091308594e-01,-8.298929780721664429e-02,1.004519686102867126e-01,-1.355719566345214844e-02,1.364932954311370850e-01,5.983015522360801697e-02,-2.968529006466269493e-03,-3.256985172629356384e-02,-2.326780855655670166e-01,5.035633593797683716e-02,5.942919477820396423e-02,-7.593306154012680054e-02,1.507899165153503418e-01
4.077700674533843994e-01,-1.228209733963012695e-01,6.021654605865478516e-01,3.440059348940849304e-02,1.192217878997325897e-02,7.150317430496215820e-01,6.981433033943176270e-01,-8.274927735328674316e-02,1.022888571023941040e-01,-9.278118610382080078e-03,1.384389996528625488e-01,6.133330240845680237e-02,-3.380232024937868118e-03,-3.182562068104743958e-02,-2.321973145008087158e-01,4.985656216740608215e-02,6.031142920255661011e-02,-7.045675814151763916e-02,1.523269116878509521e-01
4.080929160118103027e-01,-1.230977550148963928e-01,6.021857261657714844e-01,3.442308679223060608e-02,1.208868250250816345e-02,7.150312066078186035e-01,6.981399059295654297e-01,-8.360707014799118042e-02,1.019422337412834167e-01,-1.401033811271190643e-02,1.382916420698165894e-01,5.724819749593734741e-02,-5.364582408219575882e-03,-3.244915977120399475e-02,-2.306325435638427734e-01,5.157609283924102783e-02,6.061029061675071716e-02,-7.593222707509994507e-02,1.524213254451751709e-01
4.082059562206268311e-01,-1.230927035212516785e-01,6.022550463676452637e-01,3.483960032463073730e-02,1.269862521439790726e-02,7.147215008735656738e-01,6.984254121780395508e-01,-8.436607569456100464e-02,1.012296080589294434e-01,-1.000990811735391617e-02,1.388498991727828979e-01,5.931172892451286316e-02,-5.192024633288383484e-03,-3.273843601346015930e-02,-2.327088713645935059e-01,4.922218993306159973e-02,6.006950885057449341e-02,-7.850535213947296143e-02,1.527121514081954956e-01
