1.293996691703796387e+00,1.303686141967773438e+00,5.859192609786987305e-01,-2.700148895382881165e-02,-4.522031918168067932e-02,-9.216622710227966309e-01,3.844017386436462402e-01,-3.761711344122886658e-02,4.923307523131370544e-02,-1.341129094362258911e-01,1.320247799158096313e-01,3.090193308889865875e-02,2.693455293774604797e-02,-4.062307998538017273e-02,-1.655299812555313110e-01,8.279006183147430420e-02,8.007309585809707642e-02,-4.419402405619621277e-02,1.034013703465461731e-01
1.294288992881774902e+00,1.303459763526916504e+00,5.859975218772888184e-01,-3.152877837419509888e-02,-4.718520864844322205e-02,-9.274320602416992188e-01,3.696610927581787109e-01,-3.209310397505760193e-02,5.042119696736335754e-02,-1.026360690593719482e-01,1.283344775438308716e-01,4.161848500370979309e-02,2.670316956937313080e-02,-2.310186065733432770e-02,-1.649776250123977661e-01,1.132021173834800720e-01,7.994456589221954346e-02,-5.624570697546005249e-02,1.028125286102294922e-01
1.294270634651184082e+00,1.303460478782653809e+00,5.859912633895874023e-01,-3.231403604149818420e-02,-4.747199267148971558e-02,-9.277468919754028320e-01,3.687653243541717529e-01,-3.002185933291912079e-02,5.064975470304489136e-02,-1.007581576704978943e-01,1.269757300615310669e-01,4.275190085172653198e-02,2.667390927672386169e-02,-2.085640095174312592e-02,-1.648574918508529663e-01,1.149743199348449707e-01,7.997476309537887573e-02,-5.705279484391212463e-02,1.027053073048591614e-01
1.294275045394897461e+00,1.303489565849304199e+00,5.859841704368591309e-01,-3.244967013597488403e-02,-4.752410575747489929e-02,-9.277658462524414062e-01,3.686990141868591309e-01,-2.963588014245033264e-02,5.067321285605430603e-02,-1.006284728646278381e-01,1.267790496349334717e-01,4.286636039614677429e-02,2.667662128806114197e-02,-2.049370668828487396e-02,-1.648539155721664429e-01,1.150691360235214233e-01,7.992009818553924561e-02,-5.709638819098472595e-02,1.027018800377845764e-01
1.294281005859375000e+00,1.303498983383178711e+00,5.859852433204650879e-01,-3.247624263167381287e-02,-4.753326252102851868e-02,-9.277670383453369141e-01,3.686925768852233887e-01,-2.956330217421054840e-02,5.067865550518035889e-02,-1.006197705864906311e-01,1.267485171556472778e-01,4.287783429026603699e-02,2.667583897709846497e-02,-2.042420022189617157e-02,-1.648541986942291260e-01,1.150717511773109436e-01,7.990181446075439453e-02,-5.709323287010192871e-02,1.026962250471115112e-01
1.294281482696533203e+00,1.303500056266784668e+00,5.859855413436889648e-01,-3.248175606131553650e-02,-4.753534868359565735e-02,-9.277669787406921387e-01,3.686919808387756348e-01,-2.954775281250476837e-02,5.067918822169303894e-02,-1.006188541650772095e-01,1.267427206039428711e-01,4.287986084818840027e-02,2.667604386806488037e-02,-2.040897496044635773e-02,-1.648546010255813599e-01,1.150708422064781189e-01,7.989675551652908325e-02,-5.709185823798179626e-02,1.026951000094413757e-01
1.294281721115112305e+00,1.303500175476074219e+00,5.859855413436889648e-01,-3.248290717601776123e-02,-4.753553122282028198e-02,-9.277669191360473633e-01,3.686919212341308594e-01,-2.954476140439510345e-02,5.067982152104377747e-02,-1.006189361214637756e-01,1.267416924238204956e-01,4.288012161850929260e-02,2.667603082954883575e-02,-2.040595747530460358e-02,-1.648541986942291260e-01,1.150706633925437927e-01,7.989574968814849854e-02,-5.709135904908180237e-02,1.026947200298309326e-01
1.294281721115112305e+00,1.303500175476074219e+00,5.859855413436889648e-01,-3.248304873704910278e-02,-4.753577709197998047e-02,-9.277669191360473633e-01,3.686919510364532471e-01,-2.954408712685108185e-02,5.067944154143333435e-02,-1.006190329790115356e-01,1.267413794994354248e-01,4.288017749786376953e-02,2.667605504393577576e-02,-2.040530368685722351e-02,-1.648546904325485229e-01,1.150705367326736450e-01,7.989555597305297852e-02,-5.709128081798553467e-02,1.026945859193801880e-01
1.294281721115112305e+00,1.303500175476074219e+00,5.859855413436889648e-01,-3.248308971524238586e-02,-4.753578826785087585e-02,-9.277669191360473633e-01,3.686919510364532471e-01,-2.954396605491638184e-02,5.067944526672363281e-02,-1.006190627813339233e-01,1.267413347959518433e-01,4.288019239902496338e-02,2.667606808245182037e-02,-2.040517516434192657e-02,-1.648547053337097168e-01,1.150704845786094666e-01,7.989551126956939697e-02,-5.709125846624374390e-02,1.026945263147354126e-01
1.294281721115112305e+00,1.303500175476074219e+00,5.859855413436889648e-01,-3.248310834169387817e-02,-4.753579944372177124e-02,-9.277669191360473633e-01,3.686919510364532471e-01,-2.954390831291675568e-02,5.067944154143333435e-02,-1.006190329790115356e-01,1.267413198947906494e-01,4.288020730018615723e-02,2.667608112096786499e-02,-2.040521427989006042e-02,-1.648546159267425537e-01,1.150704994797706604e-01,7.989550381898880005e-02,-5.709115788340568542e-02,1.026943996548652649e-01
1.294281721115112305e+00,1.303500175476074219e+00,5.859855413436889648e-01,-3.248309344053268433e-02,-4.753579944372177124e-02,-9.277669191360473633e-01,3.686919510364532471e-01,-2.954383566975593567e-02,5.067952349781990051e-02,-1.006189957261085510e-01,1.267413198947906494e-01,4.288012161850929260e-02,2.667604014277458191e-02,-2.040524780750274658e-02,-1.648546308279037476e-01,1.150705516338348389e-01,7.989550381898880005e-02,-5.709114670753479004e-02,1.026944369077682495e-01
1.294281721115112305e+00,1.303500175476074219e+00,5.859855413436889648e-01,-3.248313069343566895e-02,-4.753575101494789124e-02,-9.277669191360473633e-01,3.686919808387756348e-01,-2.954388782382011414e-02,5.067955702543258667e-02,-1.006190404295921326e-01,1.267413198947906494e-01,4.288018494844436646e-02,2.667608670890331268e-02,-2.040520310401916504e-02,-1.648544967174530029e-01,1.150704994797706604e-01,7.989548891782760620e-02,-5.709116160869598389e-02,1.026943847537040710e-01
1.294281721115112305e+00,1.303500175476074219e+00,5.859855413436889648e-01,-3.248313069343566895e-02,-4.753575101494789124e-02,-9.277669191360473633e-01,3.686919808387756348e-01,-2.954388596117496490e-02,5.067955702543258667e-02,-1.006190478801727295e-01,1.267413198947906494e-01,4.288018122315406799e-02,2.667608298361301422e-02,-2.040520310401916504e-02,-1.648544967174530029e-01,1.150704845786094666e-01,7.989548891782760620e-02,-5.709115788340568542e-02,1.026943847537040710e-01
1.294281721115112305e+00,1.303500175476074219e+00,5.859855413436889648e-01,-3.248313441872596741e-02,-4.753575101494789124e-02,-9.277669191360473633e-01,3.686919808387756348e-01,-2.954388596117496490e-02,5.067955702543258667e-02,-1.006190478801727295e-01,1.267413198947906494e-01,4.288018494844436646e-02,2.667608298361301422e-02,-2.040520496666431427e-02,-1.648544967174530029e-01,1.150704845786094666e-01,7.989549636840820312e-02,-5.709115415811538696e-02,1.026943847537040710e-01
1.294281721115112305e+00,1.303500175476074219e+00,5.859855413436889648e-01,-3.248313441872596741e-02,-4.753575101494789124e-02,-9.277669191360473633e-01,3.686919808387756348e-01,-2.954388596117496490e-02,5.067955330014228821e-02,-1.006190478801727295e-01,1.267413198947906494e-01,4.288018494844436646e-02,2.667608484625816345e-02,-2.040520496666431427e-02,-1.648544967174530029e-01,1.150704845786094666e-01,7.989549636840820312e-02,-5.709115415811538696e-02,1.026943773031234741e-01
1.294281721115112305e+00,1.303500175476074219e+00,5.859855413436889648e-01,-3.248313441872596741e-02,-4.753575101494789124e-02,-9.277669191360473633e-01,3.686919808387756348e-01,-2.954388596117496490e-02,5.067955330014228821e-02,-1.006190478801727295e-01,1.267413198947906494e-01,4.288018494844436646e-02,2.667608298361301422e-02,-2.040520496666431427e-02,-1.648544967174530029e-01,1.150704845786094666e-01,7.989549636840820312e-02,-5.709115415811538696e-02,1.026943773031234741e-01
1.294281721115112305e+00,1.303500175476074219e+00,5.859855413436889648e-01,-3.248313441872596741e-02,-4.753575101494789124e-02,-9.277669191360473633e-01,3.686919808387756348e-01,-2.954388596117496490e-02,5.067955330014228821e-02,-1.006190553307533264e-01,1.267413198947906494e-01,4.288018494844436646e-02,2.667608298361301422e-02,-2.040520496666431427e-02,-1.648544967174530029e-01,1.150704845786094666e-01,7.989549636840820312e-02,-5.709115415811538696e-02,1.026943773031234741e-01
1.294188737869262695e+00,1.303082585334777832e+00,5.859911441802978516e-01,-3.180581703782081604e-02,-4.667360335588455200e-02,-9.266479611396789551e-01,3.716632127761840820e-01,-3.257367387413978577e-02,5.084055289626121521e-02,-1.073422357439994812e-01,1.318174153566360474e-01,4.190989956259727478e-02,2.724768966436386108e-02,-2.443683333694934845e-02,-1.648357659578323364e-01,1.076697558164596558e-01,8.197604864835739136e-02,-5.290630087256431580e-02,1.008820459246635437e-01
1.293915033340454102e+00,1.303027987480163574e+00,5.860337018966674805e-01,-3.121292218565940857e-02,-4.648193717002868652e-02,-9.265602827072143555e-01,3.719560205936431885e-01,-3.316390886902809143e-02,5.079092457890510559e-02,-1.078060567378997803e-01,1.322138160467147827e-01,4.161067306995391846e-02,2.727756276726722717e-02,-2.510002255439758301e-02,-1.648293286561965942e-01,1.073272675275802612e-01,8.197317272424697876e-02,-5.274859443306922913e-02,1.009093672037124634e-01
1.293666005134582520e+00,1.303064703941345215e+00,5.859425067901611328e-01,-3.082837536931037903e-02,-4.636084660887718201e-02,-9.265971779823303223e-01,3.719112277030944824e-01,-3.333587571978569031e-02,5.083227902650833130e-02,-1.078715622425079346e-01,1.322484314441680908e-01,4.154490306973457336e-02,2.730994299054145813e-02,-2.529890835285186768e-02,-1.648202836513519287e-01,1.073366999626159668e-01,8.196243643760681152e-02,-5.278414115309715271e-02,1.009257137775421143e-01
1.293723344802856445e+00,1.302951455116271973e+00,5.860507488250732422e-01,-3.037567250430583954e-02,-4.642188921570777893e-02,-9.266743659973144531e-01,3.717485368251800537e-01,-3.393624350428581238e-02,5.091082304716110229e-02,-1.078602895140647888e-01,1.320654004812240601e-01,4.134506732225418091e-02,2.740581706166267395e-02,-2.586211264133453369e-02,-1.647150963544845581e-01,1.074030250310897827e-01,8.169922977685928345e-02,-5.306533351540565491e-02,1.009834706783294678e-01
1.293783903121948242e+00,1.302991867065429688e+00,5.861359238624572754e-01,-2.963970229029655457e-02,-4.593772441148757935e-02,-9.267393946647644043e-01,3.717059791088104248e-01,-3.430995717644691467e-02,5.086339265108108521e-02,-1.079027578234672546e-01,1.320019066333770752e-01,4.117758199572563171e-02,2.743033505976200104e-02,-2.608666568994522095e-02,-1.646944284439086914e-01,1.073963940143585205e-01,8.164561539888381958e-02,-5.326524004340171814e-02,1.009830981492996216e-01
1.295422911643981934e+00,1.307085633277893066e+00,5.856125950813293457e-01,-2.687486261129379272e-02,-4.638643562793731689e-02,-9.286807775497436523e-01,3.669850528240203857e-01,-5.954970791935920715e-02,5.117065832018852234e-02,-9.829669445753097534e-02,1.467707157135009766e-01,4.212545976042747498e-02,1.877767033874988556e-02,-4.128286242485046387e-02,-1.630582213401794434e-01,1.205695122480392456e-01,8.410112559795379639e-02,-4.750859737396240234e-02,9.181516617536544800e-02
1.295146465301513672e+00,1.306673526763916016e+00,5.856969952583312988e-01,-2.596540562808513641e-02,-4.584385827183723450e-02,-9.287944436073303223e-01,3.668311238288879395e-01,-6.002254039049148560e-02,5.127596482634544373e-02,-9.797629714012145996e-02,1.457400470972061157e-01,4.290813207626342773e-02,1.880593970417976379e-02,-4.176282510161399841e-02,-1.631054431200027466e-01,1.209135949611663818e-01,8.364455401897430420e-02,-4.736568406224250793e-02,9.172429144382476807e-02
1.295112013816833496e+00,1.306700348854064941e+00,5.859692096710205078e-01,-2.473702840507030487e-02,-4.531418904662132263e-02,-9.288453459739685059e-01,3.668527901172637939e-01,-6.090601533651351929e-02,5.118870362639427185e-02,-9.802855551242828369e-02,1.453678458929061890e-01,4.260172322392463684e-02,1.894951798021793365e-02,-4.258940741419792175e-02,-1.630170196294784546e-01,1.209346055984497070e-01,8.330412209033966064e-02,-4.779833182692527771e-02,9.178563207387924194e-02
1.299308538436889648e+00,1.310066699981689453e+00,5.856021046638488770e-01,-2.565132640302181244e-02,-4.622260481119155884e-02,-9.287144541740417480e-01,3.670080304145812988e-01,-7.542408257722854614e-02,4.910020530223846436e-02,-1.000851094722747803e-01,1.523782908916473389e-01,5.089413374662399292e-02,2.438027225434780121e-02,-5.564465746283531189e-02,-1.643693298101425171e-01,1.201829090714454651e-01,8.698953688144683838e-02,-4.205749183893203735e-02,9.706747531890869141e-02
1.300222992897033691e+00,1.310875654220581055e+00,5.854364037513732910e-01,-2.470937930047512054e-02,-4.564999043941497803e-02,-9.286193251609802246e-01,3.673849701881408691e-01,-7.958323508501052856e-02,4.919253289699554443e-02,-1.010774746537208557e-01,1.522309184074401855e-01,5.429703742265701294e-02,2.387813664972782135e-02,-6.048679724335670471e-02,-1.639913618564605713e-01,1.212418675422668457e-01,8.803916722536087036e-02,-3.922136873006820679e-02,9.630204737186431885e-02
1.300019860267639160e+00,1.310657501220703125e+00,5.853091478347778320e-01,-2.286452986299991608e-02,-4.473372921347618103e-02,-9.287410974502563477e-01,3.673091828823089600e-01,-8.067519217729568481e-02,4.917297139763832092e-02,-1.013470813632011414e-01,1.521487981081008911e-01,5.425548925995826721e-02,2.388999238610267639e-02,-6.181075423955917358e-02,-1.637426167726516724e-01,1.213799789547920227e-01,8.790543675422668457e-02,-3.929776698350906372e-02,9.617436677217483521e-02
1.305318236351013184e+00,1.316836595535278320e+00,5.851101279258728027e-01,-2.590976096689701080e-02,-4.580472782254219055e-02,-9.294494986534118652e-01,3.651770353317260742e-01,-1.017832085490226746e-01,5.153353512287139893e-02,-9.791247546672821045e-02,1.666169911623001099e-01,6.225798279047012329e-02,2.369788847863674164e-02,-7.759279012680053711e-02,-1.603882610797882080e-01,1.275337934494018555e-01,9.585589170455932617e-02,-2.924989350140094757e-02,9.148038923740386963e-02
1.308028459548950195e+00,1.319663882255554199e+00,5.850050449371337891e-01,-2.509527467191219330e-02,-4.495931044220924377e-02,-9.299705028533935547e-01,3.640106916427612305e-01,-1.164199113845825195e-01,5.331595242023468018e-02,-9.604874253273010254e-02,1.726980507373809814e-01,6.730153411626815796e-02,2.291125990450382233e-02,-8.950235694646835327e-02,-1.578320562839508057e-01,1.321907937526702881e-01,1.005319133400917053e-01,-2.583104185760021210e-02,8.962212502956390381e-02
1.311465144157409668e+00,1.322605252265930176e+00,5.846459269523620605e-01,-2.344619296491146088e-02,-4.434292018413543701e-02,-9.301287531852722168e-01,3.637917637825012207e-01,-1.335647255182266235e-01,5.253140255808830261e-02,-9.670297056436538696e-02,1.803297251462936401e-01,7.394053041934967041e-02,2.435671351850032806e-02,-1.055564507842063904e-01,-1.575916260480880737e-01,1.346668303012847900e-01,1.065567135810852051e-01,-1.997372321784496307e-02,9.363303333520889282e-02
1.315749168395996094e+00,1.325929164886474609e+00,5.842525362968444824e-01,-2.070952951908111572e-02,-4.150867834687232971e-02,-9.297785162925720215e-01,3.651849031448364258e-01,-1.549447327852249146e-01,5.367873981595039368e-02,-1.027868390083312988e-01,1.873744577169418335e-01,7.645925879478454590e-02,2.398784272372722626e-02,-1.295463442802429199e-01,-1.549329906702041626e-01,1.337216049432754517e-01,1.143216863274574280e-01,-1.024281885474920273e-02,9.001827239990234375e-02
1.319916605949401855e+00,1.330240726470947266e+00,5.836012363433837891e-01,-1.522236689925193787e-02,-4.072687402367591858e-02,-9.307718276977539062e-01,3.630061149597167969e-01,-1.877245903015136719e-01,5.192533135414123535e-02,-9.885133802890777588e-02,2.016383558511734009e-01,8.477959036827087402e-02,2.576530911028385162e-02,-1.570727974176406860e-01,-1.549128144979476929e-01,1.408578604459762573e-01,1.236609071493148804e-01,-5.651955027133226395e-03,9.394856542348861694e-02
1.324003338813781738e+00,1.334094882011413574e+00,5.825015902519226074e-01,-1.069087348878383636e-02,-3.903417661786079407e-02,-9.310294389724731445e-01,3.626929521560668945e-01,-2.150896936655044556e-01,5.164797604084014893e-02,-9.917224943637847900e-02,2.098703980445861816e-01,9.787850826978683472e-02,2.753854356706142426e-02,-1.819029152393341064e-01,-1.538799554109573364e-01,1.431865543127059937e-01,1.288140565156936646e-01,4.019308835268020630e-03,9.105239063501358032e-02
1.328812122344970703e+00,1.338220238685607910e+00,5.813562273979187012e-01,-7.287394255399703979e-03,-3.808592632412910461e-02,-9.308081865310668945e-01,3.634453415870666504e-01,-2.399704903364181519e-01,4.990710318088531494e-02,-1.008577868342399597e-01,2.175045609474182129e-01,1.123478338122367859e-01,2.943731285631656647e-02,-2.062998712062835693e-01,-1.550580114126205444e-01,1.402244865894317627e-01,1.349536180496215820e-01,1.206403411924839020e-02,9.275659918785095215e-02
1.333259582519531250e+00,1.342390060424804688e+00,5.797444581985473633e-01,-3.747914917767047882e-03,-3.665150329470634460e-02,-9.306876063346862793e-01,3.639548718929290771e-01,-2.643023729324340820e-01,4.912212863564491272e-02,-1.038560867309570312e-01,2.233998477458953857e-01,1.267156153917312622e-01,2.836751006543636322e-02,-2.308965325355529785e-01,-1.551527082920074463e-01,1.387615650892257690e-01,1.421410143375396729e-01,2.119116112589836121e-02,8.830827474594116211e-02
1.337767243385314941e+00,1.345983386039733887e+00,5.784350037574768066e-01,2.058343961834907532e-03,-3.490868955850601196e-02,-9.304054975509643555e-01,3.648599088191986084e-01,-2.938327491283416748e-01,4.676537960767745972e-02,-1.043891012668609619e-01,2.313746213912963867e-01,1.385140717029571533e-01,2.987743169069290161e-02,-2.592064440250396729e-01,-1.570498049259185791e-01,1.374306380748748779e-01,1.473901122808456421e-01,2.760859392583370209e-02,9.350400418043136597e-02
1.342215776443481445e+00,1.349671721458435059e+00,5.767239332199096680e-01,5.416308995336294174e-03,-3.332870081067085266e-02,-9.305307865142822266e-01,3.646537363529205322e-01,-3.185840845108032227e-01,4.709652066230773926e-02,-1.040535643696784973e-01,2.397398203611373901e-01,1.491091549396514893e-01,3.147874772548675537e-02,-2.820452749729156494e-01,-1.560162752866744995e-01,1.390802860260009766e-01,1.530822217464447021e-01,3.576334938406944275e-02,8.862260729074478149e-02
1.346115946769714355e+00,1.353140711784362793e+00,5.752527713775634766e-01,9.738580323755741119e-03,-3.135908022522926331e-02,-9.298359155654907227e-01,3.665063381195068359e-01,-3.451395928859710693e-01,4.532782360911369324e-02,-1.085318177938461304e-01,2.506484687328338623e-01,1.537484675645828247e-01,3.379293531179428101e-02,-3.105992972850799561e-01,-1.560892611742019653e-01,1.371529698371887207e-01,1.647804379463195801e-01,4.084353148937225342e-02,9.105093777179718018e-02
1.349303126335144043e+00,1.356407761573791504e+00,5.735087394714355469e-01,1.400884054601192474e-02,-3.034738451242446899e-02,-9.302101731300354004e-01,3.655021488666534424e-01,-3.714939355850219727e-01,4.723873361945152283e-02,-1.001022607088088989e-01,2.616495192050933838e-01,1.650687754154205322e-01,3.289480507373809814e-02,-3.326722383499145508e-01,-1.548529863357543945e-01,1.415189951658248901e-01,1.716384291648864746e-01,4.680240154266357422e-02,8.638182282447814941e-02
1.352475047111511230e+00,1.358757734298706055e+00,5.719012618064880371e-01,1.752177067101001740e-02,-2.920018695294857025e-02,-9.302299022674560547e-01,3.653939068317413330e-01,-3.940944075584411621e-01,4.668951034545898438e-02,-9.770991653203964233e-02,2.717180848121643066e-01,1.726762503385543823e-01,3.638824447989463806e-02,-3.561017811298370361e-01,-1.551962643861770630e-01,1.430080831050872803e-01,1.846018135547637939e-01,4.879681766033172607e-02,8.791156113147735596e-02
1.355372309684753418e+00,1.360844969749450684e+00,5.699589848518371582e-01,2.350852824747562408e-02,-2.604840323328971863e-02,-9.299060106277465820e-01,3.661196529865264893e-01,-4.228882789611816406e-01,4.638981074094772339e-02,-1.003052741289138794e-01,2.844711542129516602e-01,1.741510778665542603e-01,3.675965219736099243e-02,-3.897153735160827637e-01,-1.537103354930877686e-01,1.431834101676940918e-01,2.042846083641052246e-01,4.906336218118667603e-02,9.102027118206024170e-02
1.357783794403076172e+00,1.363371849060058594e+00,5.679258704185485840e-01,2.952842228114604950e-02,-2.416298538446426392e-02,-9.303185343742370605e-01,3.647623956203460693e-01,-4.541367590427398682e-01,4.675697535276412964e-02,-9.721685945987701416e-02,3.005054295063018799e-01,1.789148151874542236e-01,3.723010793328285217e-02,-4.237580597400665283e-01,-1.505261063575744629e-01,1.501301974058151245e-01,2.294834554195404053e-01,4.654741659760475159e-02,9.036608785390853882e-02
1.360242128372192383e+00,1.365318059921264648e+00,5.653038024902343750e-01,3.574356809258460999e-02,-2.155970409512519836e-02,-9.298277497291564941e-01,3.656198978424072266e-01,-4.854050576686859131e-01,4.566789045929908752e-02,-9.859830141067504883e-02,3.183096051216125488e-01,1.830127984285354614e-01,4.216745123267173767e-02,-4.610540568828582764e-01,-1.492030769586563110e-01,1.510825455188751221e-01,2.568075656890869141e-01,4.545361921191215515e-02,8.808115869760513306e-02
1.362451553344726562e+00,1.366566061973571777e+00,5.628697872161865234e-01,4.043742269277572632e-02,-1.859587989747524261e-02,-9.293369650840759277e-01,3.665404021739959717e-01,-5.124575495719909668e-01,4.473117366433143616e-02,-1.031246110796928406e-01,3.369274735450744629e-01,1.790937781333923340e-01,4.163267463445663452e-02,-4.964875280857086182e-01,-1.459884792566299438e-01,1.529577672481536865e-01,2.886396944522857666e-01,4.328492283821105957e-02,8.638403564691543579e-02
1.364333987236022949e+00,1.367658853530883789e+00,5.596510171890258789e-01,4.511246457695960999e-02,-1.549492962658405304e-02,-9.291390776634216309e-01,3.666406869888305664e-01,-5.433276891708374023e-01,4.594225063920021057e-02,-1.027611419558525085e-01,3.610343933105468750e-01,1.769519895315170288e-01,4.307965561747550964e-02,-5.321710109710693359e-01,-1.423874795436859131e-01,1.554113626480102539e-01,3.213490545749664307e-01,4.350117966532707214e-02,8.015749603509902954e-02
1.365934014320373535e+00,1.368434071540832520e+00,5.562402606010437012e-01,4.942479729652404785e-02,-1.486720889806747437e-02,-9.290333986282348633e-01,3.663783669471740723e-01,-5.738666653633117676e-01,4.213647544384002686e-02,-1.032669171690940857e-01,3.904060125350952148e-01,1.730370521545410156e-01,4.695047065615653992e-02,-5.657247900962829590e-01,-1.415494084358215332e-01,1.618213653564453125e-01,3.583968281745910645e-01,3.280890733003616333e-02,8.004597574472427368e-02
1.367450356483459473e+00,1.368858695030212402e+00,5.528430342674255371e-01,5.106924846768379211e-02,-1.417923811823129654e-02,-9.292392134666442871e-01,3.656574487686157227e-01,-5.997349023818969727e-01,3.940143808722496033e-02,-1.049880012869834900e-01,4.242637753486633301e-01,1.606336086988449097e-01,4.721060395240783691e-02,-5.928506255149841309e-01,-1.378274559974670410e-01,1.700053364038467407e-01,3.957767188549041748e-01,2.120419032871723175e-02,7.594563066959381104e-02
1.369141101837158203e+00,1.368789434432983398e+00,5.474786162376403809e-01,5.669042840600013733e-02,-1.139326486736536026e-02,-9.288253188133239746e-01,3.659779727458953857e-01,-6.399360299110412598e-01,3.446161001920700073e-02,-1.109447255730628967e-01,4.664631187915802002e-01,1.495176255702972412e-01,4.777479171752929688e-02,-6.370466351509094238e-01,-1.344215273857116699e-01,1.764389723539352417e-01,4.441856741905212402e-01,9.797968901693820953e-03,7.163304090499877930e-02
1.370053648948669434e+00,1.369891405105590820e+00,5.413777232170104980e-01,6.275344640016555786e-02,-7.774671074002981186e-03,-9.283471107482910156e-01,3.662965595722198486e-01,-6.854702234268188477e-01,3.481395170092582703e-02,-1.156603768467903137e-01,5.129421353340148926e-01,1.346623748540878296e-01,4.181192070245742798e-02,-6.857610344886779785e-01,-1.272332668304443359e-01,1.812469661235809326e-01,4.969207644462585449e-01,-5.813232157379388809e-03,6.447194516658782959e-02
1.370802640914916992e+00,1.369844317436218262e+00,5.352113842964172363e-01,6.194664165377616882e-02,-7.436328101903200150e-03,-9.289695024490356445e-01,3.648601770401000977e-01,-7.154631018638610840e-01,3.414559364318847656e-02,-1.179957464337348938e-01,5.634938478469848633e-01,1.138310953974723816e-01,4.055224731564521790e-02,-7.164521217346191406e-01,-1.192409694194793701e-01,1.921886652708053589e-01,5.524419546127319336e-01,-2.302056178450584412e-02,5.795289576053619385e-02
1.371530413627624512e+00,1.369406938552856445e+00,5.278265476226806641e-01,6.780809164047241211e-02,-8.011613041162490845e-03,-9.292107224464416504e-01,3.631876409053802490e-01,-7.608326673507690430e-01,3.016169369220733643e-02,-1.145730540156364441e-01,6.162943243980407715e-01,1.074696928262710571e-01,4.467907920479774475e-02,-7.629445195198059082e-01,-1.203846260905265808e-01,2.039118558168411255e-01,6.117156744003295898e-01,-4.899896681308746338e-02,5.886925384402275085e-02
1.371825695037841797e+00,1.369158864021301270e+00,5.201326012611389160e-01,7.308597117662429810e-02,-4.933517891913652420e-03,-9.292046427726745605e-01,3.622330725193023682e-01,-8.095688223838806152e-01,2.897705323994159698e-02,-1.218427568674087524e-01,6.750253438949584961e-01,8.374857902526855469e-02,3.676641359925270081e-02,-8.137155175209045410e-01,-1.111144423484802246e-01,2.131320536136627197e-01,6.771824359893798828e-01,-7.192183285951614380e-02,6.099917367100715637e-02
1.370836615562438965e+00,1.368346810340881348e+00,5.137005448341369629e-01,7.213566452264785767e-02,-7.656408939510583878e-03,-9.292960166931152344e-01,3.621418774127960205e-01,-8.385379314422607422e-01,2.288878150284290314e-02,-1.216616034507751465e-01,7.360280156135559082e-01,5.838936939835548401e-02,3.023467771708965302e-02,-8.386049270629882812e-01,-1.071329191327095032e-01,2.252339869737625122e-01,7.338684797286987305e-01,-1.000628322362899780e-01,7.177041471004486084e-02
1.370830416679382324e+00,1.367308497428894043e+00,5.062159895896911621e-01,7.651415467262268066e-02,-5.865213461220264435e-03,-9.293426871299743652e-01,3.611555993556976318e-01,-8.849121928215026855e-01,2.016903646290302277e-02,-1.227526515722274780e-01,7.980133295059204102e-01,3.565370664000511169e-02,2.008663304150104523e-02,-8.823718428611755371e-01,-1.007614508271217346e-01,2.335054427385330200e-01,7.912473678588867188e-01,-1.147547364234924316e-01,8.091971278190612793e-02
1.370098948478698730e+00,1.366838693618774414e+00,4.989242851734161377e-01,8.037150651216506958e-02,-5.553173366934061050e-03,-9.291433095932006836e-01,3.608354926109313965e-01,-9.248255491256713867e-01,1.649386622011661530e-02,-1.252616494894027710e-01,8.549091219902038574e-01,1.286451797932386398e-02,2.013854309916496277e-02,-9.246718287467956543e-01,-9.429601579904556274e-02,2.414024472236633301e-01,8.545129299163818359e-01,-1.423877328634262085e-01,8.774792402982711792e-02
1.369115829467773438e+00,1.366073727607727051e+00,4.919838607311248779e-01,8.360499888658523560e-02,-3.933716565370559692e-03,-9.295672178268432617e-01,3.590257763862609863e-01,-9.609965682029724121e-01,1.696030981838703156e-02,-1.267008036375045776e-01,9.032185673713684082e-01,-4.453528206795454025e-03,1.645856723189353943e-02,-9.609716534614562988e-01,-8.741875737905502319e-02,2.446826249361038208e-01,9.061648249626159668e-01,-1.604008525609970093e-01,8.662328869104385376e-02
1.368682980537414551e+00,1.365370392799377441e+00,4.870963096618652344e-01,8.054576069116592407e-02,-5.358913447707891464e-03,-9.301753044128417969e-01,3.581306040287017822e-01,-9.753097295761108398e-01,1.604886353015899658e-02,-1.273687779903411865e-01,9.420871138572692871e-01,-2.528273127973079681e-02,1.553524192422628403e-02,-9.774386286735534668e-01,-8.270723372697830200e-02,2.487211227416992188e-01,9.517971277236938477e-01,-1.821457147598266602e-01,1.046374887228012085e-01
1.367615699768066406e+00,1.366624951362609863e+00,4.815830290317535400e-01,7.624740153551101685e-02,-7.231668569147586823e-03,-9.315542578697204590e-01,3.554444313049316406e-01,-9.876943230628967285e-01,2.090532146394252777e-02,-1.284550130367279053e-01,9.760993123054504395e-01,-3.793563693761825562e-02,8.410177193582057953e-03,-9.920062422752380371e-01,-7.156274467706680298e-02,2.531594932079315186e-01,9.973166584968566895e-01,-2.034940272569656372e-01,1.103404909372329712e-01
1.367059350013732910e+00,1.365092754364013672e+00,4.789442718029022217e-01,7.426814734935760498e-02,-9.286147542297840118e-03,-9.319860339164733887e-01,3.546830117702484131e-01,-9.949108362197875977e-01,1.764121092855930328e-02,-1.269000917673110962e-01,1.002808451652526855e+00,-5.275691673159599304e-02,1.298757921904325485e-02,-9.973971843719482422e-01,-7.331415265798568726e-02,2.556598484516143799e-01,1.022643089294433594e+00,-2.198122739791870117e-01,1.205404177308082581e-01
1.366557955741882324e+00,1.363915085792541504e+00,4.769892990589141846e-01,7.350827753543853760e-02,-1.077774446457624435e-02,-9.320611953735351562e-01,3.546016216278076172e-01,-1.000829696655273438e+00,1.419102493673563004e-02,-1.261932998895645142e-01,1.022543787956237793e+00,-6.587429344654083252e-02,1.641313731670379639e-02,-1.002950072288513184e+00,-7.780689001083374023e-02,2.552800774574279785e-01,1.041208863258361816e+00,-2.337703853845596313e-01,1.234986186027526855e-01
1.365126490592956543e+00,1.364183783531188965e+00,4.747345447540283203e-01,7.333675771951675415e-02,-1.172548811882734299e-02,-9.326685667037963867e-01,3.530064821243286133e-01,-1.006338119506835938e+00,1.524577569216489792e-02,-1.277610361576080322e-01,1.034632444381713867e+00,-6.786979734897613525e-02,1.149487961083650589e-02,-1.009909987449645996e+00,-7.473040372133255005e-02,2.557142078876495361e-01,1.059739828109741211e+00,-2.460240721702575684e-01,1.238538697361946106e-01
1.363999605178833008e+00,1.364428639411926270e+00,4.734087586402893066e-01,7.338833063840866089e-02,-1.073485426604747772e-02,-9.331737160682678223e-01,3.516898155212402344e-01,-1.012352347373962402e+00,2.082755044102668762e-02,-1.294893324375152588e-01,1.044976353645324707e+00,-7.839436829090118408e-02,1.124957483261823654e-02,-1.015290379524230957e+00,-6.895679235458374023e-02,2.550095319747924805e-01,1.071493506431579590e+00,-2.464482337236404419e-01,1.225842311978340149e-01
1.362753629684448242e+00,1.363235831260681152e+00,4.728430211544036865e-01,7.482504099607467651e-02,-1.125861890614032745e-02,-9.328519105911254883e-01,3.522239923477172852e-01,-1.014005184173583984e+00,1.610512100160121918e-02,-1.306594014167785645e-01,1.049583911895751953e+00,-7.758022099733352661e-02,8.474431000649929047e-03,-1.017379641532897949e+00,-7.069675624370574951e-02,2.566528618335723877e-01,1.076439499855041504e+00,-2.504628002643585205e-01,1.249643489718437195e-01
1.361508369445800781e+00,1.362925052642822266e+00,4.724337458610534668e-01,7.616882026195526123e-02,-1.089779939502477646e-02,-9.325832724571228027e-01,3.526585400104522705e-01,-1.017665028572082520e+00,1.718454435467720032e-02,-1.313269883394241333e-01,1.056895971298217773e+00,-8.600437641143798828e-02,8.952895179390907288e-03,-1.019731044769287109e+00,-6.653518229722976685e-02,2.592065334320068359e-01,1.080429196357727051e+00,-2.554816901683807373e-01,1.282432973384857178e-01
1.360191583633422852e+00,1.363469243049621582e+00,4.722460508346557617e-01,7.763788104057312012e-02,-1.064079534262418747e-02,-9.326266646385192871e-01,3.522309958934783936e-01,-1.020555377006530762e+00,2.060762792825698853e-02,-1.310861557722091675e-01,1.057700514793395996e+00,-8.939548581838607788e-02,7.088712416589260101e-03,-1.024310708045959473e+00,-6.865569204092025757e-02,2.533847093582153320e-01,1.085196137428283691e+00,-2.591581940650939941e-01,1.239623129367828369e-01
1.358483314514160156e+00,1.363553285598754883e+00,4.725028276443481445e-01,7.970324903726577759e-02,-1.019787602126598358e-02,-9.320744276046752930e-01,3.532431125640869141e-01,-1.021239519119262695e+00,1.966685615479946136e-02,-1.336144804954528809e-01,1.057672619819641113e+00,-9.075853228569030762e-02,2.901582745835185051e-03,-1.024755716323852539e+00,-6.321505457162857056e-02,2.569373846054077148e-01,1.083330035209655762e+00,-2.588172554969787598e-01,1.279442310333251953e-01
1.357237458229064941e+00,1.362745881080627441e+00,4.745200574398040771e-01,8.270581066608428955e-02,-9.075611829757690430e-03,-9.315307736396789551e-01,3.540167212486267090e-01,-1.018771767616271973e+00,1.960533484816551208e-02,-1.332297027111053467e-01,1.048750519752502441e+00,-9.137364476919174194e-02,-5.619467119686305523e-04,-1.022861480712890625e+00,-7.186284661293029785e-02,2.484892010688781738e-01,1.071548938751220703e+00,-2.575632333755493164e-01,1.262137442827224731e-01
1.355264067649841309e+00,1.362074017524719238e+00,4.772550165653228760e-01,8.684505522251129150e-02,-7.751420605927705765e-03,-9.303700327873229980e-01,3.561032116413116455e-01,-1.014469742774963379e+00,1.964036002755165100e-02,-1.324777156114578247e-01,1.035174846649169922e+00,-8.973164111375808716e-02,7.897259201854467392e-04,-1.017616748809814453e+00,-6.892584264278411865e-02,2.512241303920745850e-01,1.054232478141784668e+00,-2.539888024330139160e-01,1.301590949296951294e-01
1.353279232978820801e+00,1.362663149833679199e+00,4.803064167499542236e-01,9.174485504627227783e-02,-5.741841159760951996e-03,-9.295065999031066895e-01,3.571657538414001465e-01,-1.009714961051940918e+00,2.133581601083278656e-02,-1.356166303157806396e-01,1.013431191444396973e+00,-8.265289664268493652e-02,-2.937958808615803719e-03,-1.014856696128845215e+00,-6.908378750085830688e-02,2.474248856306076050e-01,1.033573389053344727e+00,-2.469531893730163574e-01,1.273356974124908447e-01
1.351340770721435547e+00,1.361364960670471191e+00,4.853774905204772949e-01,9.825793653726577759e-02,-2.763719530776143074e-03,-9.283261299133300781e-01,3.585363626480102539e-01,-1.000607728958129883e+00,2.279685437679290771e-02,-1.344525218009948730e-01,9.823904037475585938e-01,-7.609301060438156128e-02,7.120048394426703453e-04,-1.006255745887756348e+00,-7.480596005916595459e-02,2.409934997558593750e-01,9.994078874588012695e-01,-2.342576235532760620e-01,1.238762885332107544e-01
1.348789095878601074e+00,1.361161708831787109e+00,4.906114041805267334e-01,1.054924726486206055e-01,-3.818951081484556198e-04,-9.269315600395202637e-01,3.600959181785583496e-01,-9.903351664543151855e-01,2.328719198703765869e-02,-1.352375745773315430e-01,9.454317688941955566e-01,-6.082634255290031433e-02,-2.359665464609861374e-03,-9.986269474029541016e-01,-7.961217314004898071e-02,2.338058203458786011e-01,9.641917943954467773e-01,-2.244112193584442139e-01,1.244827955961227417e-01
1.346234917640686035e+00,1.359935641288757324e+00,4.971651136875152588e-01,1.137919351458549500e-01,3.554870607331395149e-03,-9.253264665603637695e-01,3.616762757301330566e-01,-9.785829782485961914e-01,2.616503648459911346e-02,-1.345543712377548218e-01,9.046297669410705566e-01,-5.403552949428558350e-02,-2.116259885951876640e-03,-9.878725409507751465e-01,-8.541131019592285156e-02,2.245842814445495605e-01,9.183266162872314453e-01,-2.055957615375518799e-01,1.239967942237854004e-01
1.342296123504638672e+00,1.358927249908447266e+00,5.029904246330261230e-01,1.231705471873283386e-01,7.836417295038700104e-03,-9.232820272445678711e-01,3.637552857398986816e-01,-9.683733582496643066e-01,2.825872413814067841e-02,-1.370694041252136230e-01,8.643227815628051758e-01,-4.154062271118164062e-02,-4.145576618611812592e-03,-9.820808768272399902e-01,-8.912924677133560181e-02,2.137594968080520630e-01,8.802582621574401855e-01,-1.923035830259323120e-01,1.191848590970039368e-01
1.337842941284179688e+00,1.357175827026367188e+00,5.108190774917602539e-01,1.244604662060737610e-01,1.058395393192768097e-02,-9.212720990180969238e-01,3.683141767978668213e-01,-9.291478991508483887e-01,3.311533480882644653e-02,-1.377322673797607422e-01,8.106317520141601562e-01,-2.935863099992275238e-02,-5.552781280130147934e-03,-9.504613876342773438e-01,-9.455737471580505371e-02,1.975210160017013550e-01,8.306278586387634277e-01,-1.790449917316436768e-01,1.077098548412322998e-01
1.333556532859802246e+00,1.352398991584777832e+00,5.207003355026245117e-01,1.145039275288581848e-01,6.965345237404108047e-03,-9.205218553543090820e-01,3.734700679779052734e-01,-8.562795519828796387e-01,3.163290023803710938e-02,-1.333379596471786499e-01,7.547349929809570312e-01,-2.441481314599514008e-02,-4.575264174491167068e-03,-8.771202564239501953e-01,-1.089937686920166016e-01,1.828722208738327026e-01,7.656493186950683594e-01,-1.688041090965270996e-01,1.057264208793640137e-01
1.328094244003295898e+00,1.349105715751647949e+00,5.295525789260864258e-01,1.067689135670661926e-01,3.762979991734027863e-03,-9.198163747787475586e-01,3.775236606597900391e-01,-7.888904213905334473e-01,3.256018087267875671e-02,-1.338671594858169556e-01,6.974363327026367188e-01,-1.657308824360370636e-02,-5.933400709182024002e-03,-8.126316070556640625e-01,-1.216771006584167480e-01,1.614198088645935059e-01,7.057926058769226074e-01,-1.569397896528244019e-01,9.373673796653747559e-02
1.321710586547851562e+00,1.344608426094055176e+00,5.374625325202941895e-01,1.011304333806037903e-01,1.404807437211275101e-03,-9.196036458015441895e-01,3.796047866344451904e-01,-7.312321066856384277e-01,3.538642451167106628e-02,-1.312601119279861450e-01,6.516001224517822266e-01,-1.542932726442813873e-02,-1.242943946272134781e-02,-7.512525916099548340e-01,-1.246627494692802429e-01,1.527207642793655396e-01,6.483429074287414551e-01,-1.444252580404281616e-01,9.680643677711486816e-02
1.314258813858032227e+00,1.339558601379394531e+00,5.451806187629699707e-01,9.501364082098007202e-02,-1.362546929158270359e-03,-9.202570319175720215e-01,3.796018362045288086e-01,-6.676113009452819824e-01,4.152371734380722046e-02,-1.257840692996978760e-01,5.982987284660339355e-01,-9.797524660825729370e-03,-1.150808949023485184e-02,-6.900236606597900391e-01,-1.293223351240158081e-01,1.378573775291442871e-01,5.974208116531372070e-01,-1.320749968290328979e-01,8.533203601837158203e-02
1.305899262428283691e+00,1.333988904953002930e+00,5.512973070144653320e-01,9.147532284259796143e-02,-3.334690118208527565e-03,-9.223009943962097168e-01,3.754756450653076172e-01,-6.149616241455078125e-01,4.967694357037544250e-02,-1.176091358065605164e-01,5.535636544227600098e-01,-8.577208966016769409e-03,-1.421593874692916870e-02,-6.425161957740783691e-01,-1.243721321225166321e-01,1.397004723548889160e-01,5.646998882293701172e-01,-1.163521856069564819e-01,8.320718258619308472e-02
1.297019720077514648e+00,1.326795697212219238e+00,5.568128228187561035e-01,8.722460269927978516e-02,-5.644503980875015259e-03,-9.249565601348876953e-01,3.698856532573699951e-01,-5.646609067916870117e-01,5.703955516219139099e-02,-1.027597263455390930e-01,5.203430652618408203e-01,-1.195954252034425735e-02,-1.806424185633659363e-02,-6.018598079681396484e-01,-1.202839612960815430e-01,1.418276131153106689e-01,5.472404956817626953e-01,-8.212216198444366455e-02,6.482328474521636963e-02
1.287723064422607422e+00,1.318781852722167969e+00,5.614328980445861816e-01,8.318486064672470093e-02,-8.112721145153045654e-03,-9.285296201705932617e-01,3.617281019687652588e-01,-5.135087966918945312e-01,6.447489559650421143e-02,-8.312701433897018433e-02,4.842300713062286377e-01,-1.488473266363143921e-02,-1.771779544651508331e-02,-5.758070349693298340e-01,-1.109480708837509155e-01,1.490516066551208496e-01,5.536297559738159180e-01,-1.800878345966339111e-02,2.440975606441497803e-02
1.277393460273742676e+00,1.310380697250366211e+00,5.663414597511291504e-01,7.682017982006072998e-02,-1.167273987084627151e-02,-9.331485629081726074e-01,3.509931266307830811e-01,-4.535658657550811768e-01,7.235783338546752930e-02,-6.087381020188331604e-02,4.458860158920288086e-01,-1.894694566726684570e-02,-1.520495768636465073e-02,-5.525169968605041504e-01,-1.014301478862762451e-01,1.505834907293319702e-01,5.679309368133544922e-01,5.964862182736396790e-02,-2.783276513218879700e-02
1.267836451530456543e+00,1.301117420196533203e+00,5.725922584533691406e-01,7.717861235141754150e-02,-2.335021086037158966e-02,-9.348011016845703125e-01,3.458975851535797119e-01,-4.036189317703247070e-01,4.943273589015007019e-02,-4.292149841785430908e-02,4.161289334297180176e-01,-2.819674834609031677e-02,-1.171678304672241211e-02,-5.548709034919738770e-01,-1.009315401315689087e-01,1.623949855566024780e-01,6.164233088493347168e-01,6.671939790248870850e-02,-9.216487407684326172e-03
1.257887363433837891e+00,1.290797233581542969e+00,5.779225826263427734e-01,7.960866391658782959e-02,-3.376305475831031799e-02,-9.362868070602416992e-01,3.404255509376525879e-01,-3.625226318836212158e-01,2.421980910003185272e-02,-2.874602191150188446e-02,3.962774574756622314e-01,-4.694962874054908752e-02,-1.168223284184932709e-02,-5.768342018127441406e-01,-6.861743330955505371e-02,2.059403061866760254e-01,6.848697662353515625e-01,5.933213606476783752e-02,4.440860450267791748e-02
1.247086644172668457e+00,1.280598163604736328e+00,5.818710327148437500e-01,7.986445724964141846e-02,-4.235766083002090454e-02,-9.405951499938964844e-01,3.272739350795745850e-01,-3.212560415267944336e-01,1.062583737075328827e-02,5.025384016335010529e-04,3.753093481063842773e-01,-5.851149186491966248e-02,-9.892641566693782806e-03,-5.906212925910949707e-01,-2.621645480394363403e-02,2.401940375566482544e-01,7.080730199813842773e-01,5.444463342428207397e-02,7.407182455062866211e-02
1.234578490257263184e+00,1.268073558807373047e+00,5.850459933280944824e-01,6.695095449686050415e-02,-4.840382933616638184e-02,-9.445768594741821289e-01,3.177250027656555176e-01,-2.353731989860534668e-01,6.405604071915149689e-03,2.018747292459011078e-02,3.298874199390411377e-01,-6.847705692052841187e-02,-2.013015327975153923e-03,-5.790510177612304688e-01,6.228525191545486450e-03,2.334073930978775024e-01,6.807971596717834473e-01,5.207015946507453918e-02,8.906487375497817993e-02
1.222613692283630371e+00,1.255412817001342773e+00,5.859801769256591797e-01,6.061413139104843140e-02,-5.096409469842910767e-02,-9.498717784881591797e-01,3.024437427520751953e-01,-1.773754805326461792e-01,3.700162284076213837e-03,5.017151683568954468e-02,3.001663684844970703e-01,-7.876788079738616943e-02,7.963613606989383698e-03,-5.780675411224365234e-01,3.337047249078750610e-02,2.260254472494125366e-01,6.039275527000427246e-01,3.639388456940650940e-02,7.640961557626724243e-02
1.211135983467102051e+00,1.242040395736694336e+00,5.857471823692321777e-01,5.270949751138687134e-02,-5.206958577036857605e-02,-9.552903771400451660e-01,2.862354218959808350e-01,-1.208579838275909424e-01,9.610039996914565563e-04,8.297975361347198486e-02,2.750797569751739502e-01,-8.884066343307495117e-02,1.909882761538028717e-02,-5.717190504074096680e-01,5.417322367429733276e-02,2.231991738080978394e-01,5.029587745666503906e-01,5.534338299185037613e-03,5.952709913253784180e-02
1.198829770088195801e+00,1.227977871894836426e+00,5.842321515083312988e-01,4.698915407061576843e-02,-5.220151692628860474e-02,-9.596023559570312500e-01,2.724523544311523438e-01,-6.735581159591674805e-02,-4.830229561775922775e-03,1.089931353926658630e-01,2.506629228591918945e-01,-9.563123434782028198e-02,3.240523487329483032e-02,-5.641022920608520508e-01,7.076302170753479004e-02,2.423780113458633423e-01,3.945072591304779053e-01,-2.826009690761566162e-02,2.994806878268718719e-02
1.187605381011962891e+00,1.213881492614746094e+00,5.824138522148132324e-01,3.972482681274414062e-02,-5.061972513794898987e-02,-9.637340307235717773e-01,2.589909434318542480e-01,-1.214672438800334930e-02,-1.057529170066118240e-02,1.321332007646560669e-01,2.235989868640899658e-01,-1.009685248136520386e-01,4.650776460766792297e-02,-5.526439547538757324e-01,8.473408967256546021e-02,2.770656347274780273e-01,2.928050756454467773e-01,-5.106736719608306885e-02,1.109735574573278427e-03
1.176479220390319824e+00,1.199541449546813965e+00,5.798962116241455078e-01,3.177854418754577637e-02,-4.891498014330863953e-02,-9.669873714447021484e-01,2.480582594871520996e-01,4.346024617552757263e-02,-1.812945306301116943e-02,1.485986411571502686e-01,1.989263445138931274e-01,-1.003073975443840027e-01,6.146596744656562805e-02,-5.402105450630187988e-01,9.013789147138595581e-02,3.126730024814605713e-01,2.069825381040573120e-01,-7.195609062910079956e-02,-3.216069564223289490e-02
1.165646433830261230e+00,1.184382796287536621e+00,5.770546197891235352e-01,2.426529303193092346e-02,-4.591033235192298889e-02,-9.702292680740356445e-01,2.365557551383972168e-01,9.245534986257553101e-02,-2.638395689427852631e-02,1.710010468959808350e-01,1.843084692955017090e-01,-9.688913822174072266e-02,8.046834915876388550e-02,-5.294998884201049805e-01,9.653240442276000977e-02,3.452844619750976562e-01,1.477795392274856567e-01,-7.578531652688980103e-02,-6.021909415721893311e-02
1.155005455017089844e+00,1.169048905372619629e+00,5.736728906631469727e-01,1.983327604830265045e-02,-4.195136576890945435e-02,-9.727263450622558594e-01,2.272666841745376587e-01,1.285532414913177490e-01,-3.556740656495094299e-02,1.852261722087860107e-01,1.797489374876022339e-01,-8.599854260683059692e-02,9.610027074813842773e-02,-5.278770923614501953e-01,1.016368716955184937e-01,3.678133487701416016e-01,1.264722049236297607e-01,-6.831970065832138062e-02,-5.343795567750930786e-02
1.143607258796691895e+00,1.153221845626831055e+00,5.694075822830200195e-01,1.895247958600521088e-02,-3.557945042848587036e-02,-9.752200841903686523e-01,2.175331562757492065e-01,1.520337462425231934e-01,-3.786697611212730408e-02,2.161558419466018677e-01,1.802389025688171387e-01,-6.101926788687705994e-02,1.125000342726707458e-01,-5.341507792472839355e-01,1.092779412865638733e-01,3.799207210540771484e-01,1.443671435117721558e-01,-5.040132254362106323e-02,-4.536352679133415222e-02
1.131330609321594238e+00,1.135748744010925293e+00,5.645369291305541992e-01,1.630263589322566986e-02,-2.209139615297317505e-02,-9.798371195793151855e-01,1.979025900363922119e-01,1.680737435817718506e-01,-3.147415816783905029e-02,2.733680307865142822e-01,1.853560656309127808e-01,-1.978817023336887360e-02,1.327727437019348145e-01,-5.379219055175781250e-01,1.292365640401840210e-01,3.310649693012237549e-01,1.719993054866790771e-01,6.678614020347595215e-02,-2.274216525256633759e-02
1.119145035743713379e+00,1.117423892021179199e+00,5.618382692337036133e-01,2.146678231656551361e-02,-1.809841766953468323e-02,-9.814007878303527832e-01,1.899055093526840210e-01,1.750354468822479248e-01,-4.526025056838989258e-02,3.085629642009735107e-01,1.954798549413681030e-01,3.900811076164245605e-02,1.710938066244125366e-01,-5.505453944206237793e-01,1.179372221231460571e-01,2.945876419544219971e-01,2.121412903070449829e-01,1.255708634853363037e-01,-1.233186293393373489e-02
1.106627345085144043e+00,1.098404169082641602e+00,5.615671873092651367e-01,3.376104682683944702e-02,-2.193645946681499481e-02,-9.803491234779357910e-01,1.931179612874984741e-01,1.756979376077651978e-01,-7.354214787483215332e-02,3.230390548706054688e-01,2.078837603330612183e-01,1.157785952091217041e-01,2.087965011596679688e-01,-5.625900030136108398e-01,8.561609685420989990e-02,2.916406989097595215e-01,2.454717904329299927e-01,1.384803801774978638e-01,1.743415743112564087e-02
1.092833280563354492e+00,1.078752040863037109e+00,5.622563362121582031e-01,4.859036207199096680e-02,-2.971194870769977570e-02,-9.788038134574890137e-01,1.967213153839111328e-01,1.680378764867782593e-01,-1.073654890060424805e-01,3.278040587902069092e-01,2.328293174505233765e-01,2.138497978448867798e-01,2.457829862833023071e-01,-5.581472516059875488e-01,4.060927405953407288e-02,2.976326942443847656e-01,2.558351159095764160e-01,1.246019974350929260e-01,5.681820958852767944e-02
1.079729795455932617e+00,1.059357047080993652e+00,5.650063157081604004e-01,6.041219457983970642e-02,-3.632280603051185608e-02,-9.776639342308044434e-01,1.980005055665969849e-01,1.434638649225234985e-01,-1.434342712163925171e-01,2.951394021511077881e-01,2.857503294944763184e-01,3.312650918960571289e-01,2.264340221881866455e-01,-5.420767068862915039e-01,-2.696635667234659195e-03,3.040448129177093506e-01,2.594054937362670898e-01,8.431079238653182983e-02,8.983450382947921753e-02
1.067702174186706543e+00,1.040575265884399414e+00,5.709425210952758789e-01,5.992001667618751526e-02,-2.966872230172157288e-02,-9.762572050094604492e-01,2.060369849205017090e-01,1.134325191378593445e-01,-1.484530568122863770e-01,2.045754939317703247e-01,4.035357236862182617e-01,3.877607882022857666e-01,1.886950731277465820e-01,-5.144991278648376465e-01,-2.137970551848411560e-02,2.857589721679687500e-01,2.652789652347564697e-01,4.385428875684738159e-02,1.114462763071060181e-01
1.055070281028747559e+00,1.021340131759643555e+00,5.791407823562622070e-01,4.631825909018516541e-02,-1.438560150563716888e-02,-9.732705354690551758e-01,2.244818061590194702e-01,1.005698963999748230e-01,-8.714564889669418335e-02,1.590057164430618286e-01,5.727495551109313965e-01,4.158490300178527832e-01,1.591081768274307251e-01,-4.672358930110931396e-01,-2.709791623055934906e-02,2.332870811223983765e-01,2.682232260704040527e-01,1.121443230658769608e-02,1.310192197561264038e-01
1.041157484054565430e+00,1.002837419509887695e+00,5.871945619583129883e-01,3.005022555589675903e-02,1.554390299133956432e-03,-9.672862887382507324e-01,2.518964707851409912e-01,8.237963169813156128e-02,2.709784917533397675e-02,1.447582393884658813e-01,7.525899410247802734e-01,4.359800517559051514e-01,1.674531102180480957e-01,-4.107084870338439941e-01,-2.883701771497726440e-02,1.727860122919082642e-01,2.619972229003906250e-01,-1.935848966240882874e-02,1.360175460577011108e-01
1.026623368263244629e+00,9.850373864173889160e-01,5.955156087875366211e-01,1.272618025541305542e-02,1.879839412868022919e-02,-9.598637819290161133e-01,2.795463204383850098e-01,3.823935613036155701e-02,1.363967359066009521e-01,9.419768303632736206e-02,9.186207056045532227e-01,4.219390153884887695e-01,1.643573343753814697e-01,-3.520738184452056885e-01,-1.933460123836994171e-02,1.092530936002731323e-01,2.538584470748901367e-01,-3.898404538631439209e-02,1.370539367198944092e-01
1.011845946311950684e+00,9.670063853263854980e-01,6.032186746597290039e-01,-4.109239205718040466e-03,3.358313813805580139e-02,-9.524167180061340332e-01,3.029152750968933105e-01,-4.349641501903533936e-02,2.042493224143981934e-01,1.482964679598808289e-02,1.066517949104309082e+00,3.565973937511444092e-01,1.191753521561622620e-01,-2.857292890548706055e-01,-6.224371958523988724e-03,5.682005360722541809e-02,2.381054461002349854e-01,-6.179161369800567627e-02,1.376338452100753784e-01
9.969594478607177734e-01,9.498640894889831543e-01,6.093157529830932617e-01,-2.116691321134567261e-02,4.258230701088905334e-02,-9.445032477378845215e-01,3.250420689582824707e-01,-1.356148123741149902e-01,2.423181682825088501e-01,-6.772617995738983154e-02,1.168837189674377441e+00,2.794067859649658203e-01,7.483618706464767456e-02,-2.114002555608749390e-01,4.815961234271526337e-03,1.563767157495021820e-02,2.139139771461486816e-01,-7.533362507820129395e-02,1.344707310199737549e-01
9.826640486717224121e-01,9.338202476501464844e-01,6.118594408035278320e-01,-3.036634624004364014e-02,4.180508852005004883e-02,-9.363512396812438965e-01,3.472413718700408936e-01,-2.401037067174911499e-01,2.588409781455993652e-01,-1.314863860607147217e-01,1.220713734626770020e+00,2.175424546003341675e-01,5.973361060023307800e-02,-1.483033746480941772e-01,-4.098711535334587097e-03,-2.330587431788444519e-02,1.888972073793411255e-01,-8.614068478345870972e-02,1.349306851625442505e-01
9.681149721145629883e-01,9.182167649269104004e-01,6.115604639053344727e-01,-3.560395538806915283e-02,3.115109354257583618e-02,-9.272137880325317383e-01,3.715326488018035889e-01,-3.362274169921875000e-01,2.590356469154357910e-01,-1.655278205871582031e-01,1.212664723396301270e+00,1.744067519903182983e-01,6.751871109008789062e-02,-8.634337037801742554e-02,-3.104312904179096222e-02,-6.573757529258728027e-02,1.642103642225265503e-01,-9.526972472667694092e-02,1.339841932058334351e-01
9.536985158920288086e-01,9.029457569122314453e-01,6.102913618087768555e-01,-4.186627641320228577e-02,2.525629289448261261e-02,-9.161605834960937500e-01,3.978179693222045898e-01,-4.075724482536315918e-01,2.581695318222045898e-01,-1.837362498044967651e-01,1.123024821281433105e+00,1.447388231754302979e-01,9.242957085371017456e-02,-3.488762304186820984e-02,-4.342738911509513855e-02,-1.177655681967735291e-01,1.539596468210220337e-01,-1.079061701893806458e-01,1.261176466941833496e-01
9.389821887016296387e-01,8.875453472137451172e-01,6.077217459678649902e-01,-4.531955346465110779e-02,1.441519614309072495e-02,-9.035017490386962891e-01,4.259377419948577881e-01,-4.558162689208984375e-01,2.205859124660491943e-01,-1.873996406793594360e-01,9.917067289352416992e-01,1.054735705256462097e-01,1.082007139921188354e-01,1.547612156718969345e-02,-6.315370649099349976e-02,-1.768389940261840820e-01,1.427085995674133301e-01,-1.143969893455505371e-01,1.159146353602409363e-01
9.246064424514770508e-01,8.725347518920898438e-01,6.050165295600891113e-01,-4.514888674020767212e-02,4.375848453491926193e-03,-8.930903077125549316e-01,4.475848078727722168e-01,-4.707280695438385010e-01,1.758360266685485840e-01,-1.735818237066268921e-01,7.849553823471069336e-01,1.099450513720512390e-01,1.277255713939666748e-01,6.293841451406478882e-02,-7.801739126443862915e-02,-2.208629697561264038e-01,1.263076364994049072e-01,-1.165016070008277893e-01,1.063806489109992981e-01
9.093154072761535645e-01,8.560528159141540527e-01,5.991398692131042480e-01,-4.113263264298439026e-02,-1.741862110793590546e-02,-8.783581256866455078e-01,4.759114980697631836e-01,-4.662276506423950195e-01,8.236618340015411377e-02,-1.745132803916931152e-01,5.879949927330017090e-01,1.274207830429077148e-01,1.380843222141265869e-01,1.100961491465568542e-01,-1.153700202703475952e-01,-2.796853780746459961e-01,1.171893328428268433e-01,-1.099100410938262939e-01,9.671308845281600952e-02
8.927419185638427734e-01,8.389773964881896973e-01,5.918425321578979492e-01,-3.579086437821388245e-02,-4.280123487114906311e-02,-8.633575439453125000e-01,5.014985203742980957e-01,-4.594674408435821533e-01,-3.254566341638565063e-02,-2.017852813005447388e-01,4.138340950012207031e-01,1.729059666395187378e-01,1.318548470735549927e-01,1.592168807983398438e-01,-1.544746905565261841e-01,-3.411973714828491211e-01,1.158905178308486938e-01,-1.047504022717475891e-01,7.919122278690338135e-02
8.756931424140930176e-01,8.222288489341735840e-01,5.863481760025024414e-01,-3.321788087487220764e-02,-6.002423167228698730e-02,-8.492974042892456055e-01,5.234382152557373047e-01,-4.582623839378356934e-01,-1.187097504734992981e-01,-2.275815010070800781e-01,2.868461310863494873e-01,2.133139371871948242e-01,1.260202974081039429e-01,2.057988047599792480e-01,-1.694204956293106079e-01,-3.963245451450347900e-01,1.190152987837791443e-01,-1.042952984571456909e-01,6.007687747478485107e-02
8.583911061286926270e-01,8.062620759010314941e-01,5.836875438690185547e-01,-3.473360091447830200e-02,-6.181649863719940186e-02,-8.406723141670227051e-01,5.368820428848266602e-01,-4.700942933559417725e-01,-1.498388499021530151e-01,-2.443777620792388916e-01,2.269399911165237427e-01,1.892113834619522095e-01,1.259877234697341919e-01,2.377176433801651001e-01,-1.532459110021591187e-01,-4.291770458221435547e-01,1.359487324953079224e-01,-1.114614605903625488e-01,3.544971719384193420e-02
8.421242237091064453e-01,7.907968163490295410e-01,5.826918482780456543e-01,-3.665125742554664612e-02,-5.455562099814414978e-02,-8.330403566360473633e-01,5.492941737174987793e-01,-4.635294079780578613e-01,-1.400055438280105591e-01,-2.629578709602355957e-01,1.942949444055557251e-01,1.251371204853057861e-01,1.400286704301834106e-01,2.546978592872619629e-01,-1.224306374788284302e-01,-4.596546888351440430e-01,1.547625362873077393e-01,-1.020363867282867432e-01,4.969127476215362549e-03
8.240723013877868652e-01,7.741829156875610352e-01,5.793654322624206543e-01,-3.326265886425971985e-02,-5.383848398923873901e-02,-8.276461362838745117e-01,5.576709508895874023e-01,-4.460512399673461914e-01,-1.334900259971618652e-01,-2.763061523437500000e-01,1.992534846067428589e-01,1.303617954254150391e-01,1.409241557121276855e-01,2.677796781063079834e-01,-1.115057170391082764e-01,-4.866668879985809326e-01,1.820770502090454102e-01,-7.430829107761383057e-02,-3.430817648768424988e-02
8.043262362480163574e-01,7.565440535545349121e-01,5.737785100936889648e-01,-2.581172436475753784e-02,-5.695029348134994507e-02,-8.249917626380920410e-01,5.616751909255981445e-01,-4.351114928722381592e-01,-1.314230561256408691e-01,-2.789872288703918457e-01,2.217639535665512085e-01,2.025022655725479126e-01,1.269626021385192871e-01,2.753926515579223633e-01,-1.150156334042549133e-01,-5.096110701560974121e-01,2.180800586938858032e-01,-1.892170310020446777e-02,-7.230516523122787476e-02
7.837998867034912109e-01,7.386451959609985352e-01,5.695340037345886230e-01,-2.025486528873443604e-02,-4.887064173817634583e-02,-8.261712193489074707e-01,5.609300136566162109e-01,-4.417026340961456299e-01,-9.782011061906814575e-02,-2.453604340553283691e-01,2.492746114730834961e-01,2.525349557399749756e-01,1.328113824129104614e-01,2.685117721557617188e-01,-1.060617119073867798e-01,-5.167701840400695801e-01,2.654420435428619385e-01,7.583764195442199707e-02,-1.352398544549942017e-01
7.635334134101867676e-01,7.211808562278747559e-01,5.674244761466979980e-01,-2.039213292300701141e-02,-3.132015094161033630e-02,-8.326101899147033691e-01,5.525969862937927246e-01,-4.335428178310394287e-01,-4.525262117385864258e-02,-2.549324333667755127e-01,2.713086009025573730e-01,2.530370652675628662e-01,9.148685634136199951e-02,2.499825209379196167e-01,-7.890808582305908203e-02,-4.704969525337219238e-01,3.276280164718627930e-01,2.116570472717285156e-01,-1.869893521070480347e-01
7.444254159927368164e-01,7.041744589805603027e-01,5.673202276229858398e-01,-1.888259686529636383e-02,-1.708860695362091064e-02,-8.416392803192138672e-01,5.394393205642700195e-01,-4.234207272529602051e-01,6.431712303310632706e-03,-2.444734275341033936e-01,2.879631221294403076e-01,2.320412397384643555e-01,5.336833745241165161e-02,2.086978256702423096e-01,-7.182402908802032471e-02,-4.272477030754089355e-01,4.056858718395233154e-01,3.573491275310516357e-01,-1.714387983083724976e-01
7.255697250366210938e-01,6.883143186569213867e-01,5.732379555702209473e-01,-1.256034895777702332e-02,-2.535957843065261841e-02,-8.518263697624206543e-01,5.230592489242553711e-01,-3.894309401512145996e-01,1.881559565663337708e-02,-2.111047953367233276e-01,2.879513800144195557e-01,1.979935914278030396e-01,3.655874356627464294e-02,1.410105377435684204e-01,-1.141904219985008240e-01,-3.677903413772583008e-01,5.017426013946533203e-01,3.510591983795166016e-01,-1.307993978261947632e-01
7.059452533721923828e-01,6.722898483276367188e-01,5.811586380004882812e-01,-1.191690284758806229e-02,-4.389119893312454224e-02,-8.641368150711059570e-01,5.011976361274719238e-01,-3.297652304172515869e-01,2.336264960467815399e-02,-1.556451320648193359e-01,2.763857245445251465e-01,1.683265566825866699e-01,2.661677636206150055e-02,7.395277917385101318e-02,-1.469953060150146484e-01,-2.402289062738418579e-01,5.801967978477478027e-01,2.828269600868225098e-01,-7.978902012109756470e-02
6.868032813072204590e-01,6.560057997703552246e-01,5.888483524322509766e-01,-1.268266234546899796e-02,-6.176248565316200256e-02,-8.771923780441284180e-01,4.759811460971832275e-01,-2.671003639698028564e-01,2.588507905602455139e-02,-9.212413430213928223e-02,2.626681923866271973e-01,1.475954949855804443e-01,2.447571791708469391e-02,3.881430020555853844e-03,-1.799782663583755493e-01,-1.278877109289169312e-01,6.327484250068664551e-01,1.923977136611938477e-01,-3.280893713235855103e-02
6.684141755104064941e-01,6.397854089736938477e-01,5.942064523696899414e-01,-1.205979660153388977e-02,-7.031442224979400635e-02,-8.904554247856140137e-01,4.494436085224151611e-01,-2.146188169717788696e-01,3.737480565905570984e-02,-3.279045596718788147e-02,2.432759553194046021e-01,1.277073472738265991e-01,2.058864943683147430e-02,-7.516948133707046509e-02,-1.943028420209884644e-01,-2.058214321732521057e-02,6.533954739570617676e-01,1.265157610177993774e-01,1.240645721554756165e-02
6.507173776626586914e-01,6.237161159515380859e-01,5.972964763641357422e-01,-1.305685471743345261e-02,-7.302433252334594727e-02,-9.038146138191223145e-01,4.214452207088470459e-01,-1.658170223236083984e-01,5.588117986917495728e-02,2.814233489334583282e-02,2.243728637695312500e-01,1.120235025882720947e-01,2.220227569341659546e-02,-1.469917148351669312e-01,-1.968543231487274170e-01,7.120942324399948120e-02,6.351553201675415039e-01,7.654371112585067749e-02,3.999344259500503540e-02
6.332080364227294922e-01,6.072134375572204590e-01,5.986220240592956543e-01,-1.824057102203369141e-02,-7.308173179626464844e-02,-9.165585041046142578e-01,3.927426934242248535e-01,-1.085280999541282654e-01,7.482080161571502686e-02,8.449293673038482666e-02,2.055478096008300781e-01,9.842763096094131470e-02,2.836654521524906158e-02,-2.040979415178298950e-01,-1.881453394889831543e-01,1.551058292388916016e-01,5.863393545150756836e-01,2.317928709089756012e-02,4.528054594993591309e-02
6.158491373062133789e-01,5.912867188453674316e-01,5.978448987007141113e-01,-2.648040093481540680e-02,-6.841358542442321777e-02,-9.280660152435302734e-01,3.651188611984252930e-01,-4.912833124399185181e-02,1.009273454546928406e-01,1.410846561193466187e-01,1.861258000135421753e-01,7.836104184389114380e-02,3.609783574938774109e-02,-2.506165802478790283e-01,-1.663349568843841553e-01,2.238644063472747803e-01,5.141021013259887695e-01,-1.873083226382732391e-02,2.638685889542102814e-02
5.993250012397766113e-01,5.747803449630737305e-01,5.956029295921325684e-01,-3.513873368501663208e-02,-5.962054803967475891e-02,-9.378213882446289062e-01,3.401494920253753662e-01,9.050134569406509399e-03,1.250073462724685669e-01,1.880487948656082153e-01,1.673916727304458618e-01,5.858492106199264526e-02,3.489509969949722290e-02,-2.965865433216094971e-01,-1.382957249879837036e-01,2.747178971767425537e-01,4.256270229816436768e-01,-3.398855775594711304e-02,1.230816449970006943e-02
5.824559926986694336e-01,5.582059025764465332e-01,5.935685038566589355e-01,-4.113332182168960571e-02,-5.407275632023811340e-02,-9.458087682723999023e-01,3.175372779369354248e-01,6.551304459571838379e-02,1.349432468414306641e-01,2.368924468755722046e-01,1.537856310606002808e-01,3.214706480503082275e-02,3.945866599678993225e-02,-3.352555334568023682e-01,-1.123954355716705322e-01,3.207845389842987061e-01,3.345987498760223389e-01,-7.881876081228256226e-02,-8.857117034494876862e-03
5.653243660926818848e-01,5.417168736457824707e-01,5.916435718536376953e-01,-4.602843895554542542e-02,-5.301364511251449585e-02,-9.517881870269775391e-01,2.986136972904205322e-01,1.202766373753547668e-01,1.324903666973114014e-01,2.773752808570861816e-01,1.463719159364700317e-01,1.076179277151823044e-02,4.139786586165428162e-02,-3.624728322029113770e-01,-9.527750313282012939e-02,3.622561395168304443e-01,2.446439713239669800e-01,-1.321467012166976929e-01,-2.333091571927070618e-02
5.488358736038208008e-01,5.255017876625061035e-01,5.900604724884033203e-01,-4.872945323586463928e-02,-5.437440797686576843e-02,-9.567425251007080078e-01,2.816249132156372070e-01,1.682040989398956299e-01,1.212118193507194519e-01,3.113324344158172607e-01,1.452169865369796753e-01,-1.010565552860498428e-02,4.668284952640533447e-02,-3.822117745876312256e-01,-8.281161636114120483e-02,3.905253112316131592e-01,1.654902845621109009e-01,-1.699546724557876587e-01,-2.838909812271595001e-02
5.320616960525512695e-01,5.094789862632751465e-01,5.876456499099731445e-01,-4.864521324634552002e-02,-5.415275692939758301e-02,-9.616311192512512207e-01,2.645121514797210693e-01,2.002249956130981445e-01,1.119925677776336670e-01,3.444587290287017822e-01,1.588416248559951782e-01,-2.371654659509658813e-02,4.964837431907653809e-02,-3.961317241191864014e-01,-6.613500416278839111e-02,4.212679266929626465e-01,1.032644435763359070e-01,-1.503945887088775635e-01,-2.766156755387783051e-02
5.152870416641235352e-01,4.933615326881408691e-01,5.851643681526184082e-01,-4.544051364064216614e-02,-5.243673175573348999e-02,-9.657955765724182129e-01,2.498487979173660278e-01,2.225622981786727905e-01,1.031101793050765991e-01,3.709942102432250977e-01,1.756722778081893921e-01,-1.743075624108314514e-02,6.399399787187576294e-02,-4.110800325870513916e-01,-4.978528618812561035e-02,4.417994916439056396e-01,9.536895155906677246e-02,-1.287226676940917969e-01,-1.616890728473663330e-02
4.976434409618377686e-01,4.763174653053283691e-01,5.821045637130737305e-01,-3.909403085708618164e-02,-4.797048121690750122e-02,-9.689423441886901855e-01,2.394186258316040039e-01,2.375271022319793701e-01,9.983387589454650879e-02,4.005554914474487305e-01,1.944483518600463867e-01,4.852877929806709290e-03,8.774285018444061279e-02,-4.257142841815948486e-01,-3.707018494606018066e-02,4.373884201049804688e-01,1.287584006786346436e-01,-1.010070890188217163e-01,-3.529852256178855896e-03
4.783650040626525879e-01,4.580224752426147461e-01,5.791373252868652344e-01,-3.071895241737365723e-02,-4.455341398715972900e-02,-9.714282751083374023e-01,2.310810536146163940e-01,2.468194365501403809e-01,9.517845511436462402e-02,4.267728924751281738e-01,2.213834524154663086e-01,4.554755613207817078e-02,1.168181002140045166e-01,-4.290394783020019531e-01,-4.090330749750137329e-02,4.216201603412628174e-01,1.582657247781753540e-01,-4.855709522962570190e-02,1.916717551648616791e-02
4.591648578643798828e-01,4.383138418197631836e-01,5.768126845359802246e-01,-1.983130909502506256e-02,-4.652210697531700134e-02,-9.726666212081909180e-01,2.266318947076797485e-01,2.478664368391036987e-01,8.094601333141326904e-02,4.320813715457916260e-01,2.651904225349426270e-01,1.206612959504127502e-01,1.645097285509109497e-01,-4.331007897853851318e-01,-6.759983301162719727e-02,3.820454180240631104e-01,1.696563661098480225e-01,1.889582164585590363e-02,4.934765025973320007e-02
4.405367970466613770e-01,4.193713366985321045e-01,5.742662549018859863e-01,-7.591233123093843460e-03,-5.169074237346649170e-02,-9.703740477561950684e-01,2.358911186456680298e-01,2.369795292615890503e-01,6.745260208845138550e-02,3.808495700359344482e-01,3.247073590755462646e-01,2.414258420467376709e-01,2.265901267528533936e-01,-4.269374012947082520e-01,-9.953579306602478027e-02,3.847807049751281738e-01,1.836935728788375854e-01,5.917196348309516907e-02,7.129434496164321899e-02
4.225408732891082764e-01,4.016851484775543213e-01,5.729048848152160645e-01,1.005863305181264877e-03,-5.952795594930648804e-02,-9.666122794151306152e-01,2.492311149835586548e-01,2.202932834625244141e-01,5.521112307906150818e-02,3.245620429515838623e-01,3.916192948818206787e-01,4.091496467590332031e-01,2.628651559352874756e-01,-4.081542491912841797e-01,-1.399693340063095093e-01,3.718000054359436035e-01,1.907485425472259521e-01,7.196002453565597534e-02,1.024961471557617188e-01
4.044688045978546143e-01,3.835164308547973633e-01,5.721642374992370605e-01,3.719616681337356567e-03,-6.791433691978454590e-02,-9.614516496658325195e-01,2.664291858673095703e-01,1.869783848524093628e-01,5.484623089432716370e-02,2.801030874252319336e-01,5.190525650978088379e-01,5.160549283027648926e-01,2.729662358760833740e-01,-3.772791326045989990e-01,-1.867222040891647339e-01,3.337936401367187500e-01,1.977503746747970581e-01,5.979782342910766602e-02,1.416956335306167603e-01
3.861500620841979980e-01,3.635248243808746338e-01,5.746790170669555664e-01,-2.052934374660253525e-03,-6.948693841695785522e-02,-9.548711180686950684e-01,2.887706756591796875e-01,1.389474570751190186e-01,6.864585727453231812e-02,2.174974083900451660e-01,6.571236252784729004e-01,5.187700390815734863e-01,2.671177685260772705e-01,-3.241930007934570312e-01,-2.193266749382019043e-01,2.817620038986206055e-01,1.997930258512496948e-01,3.415285050868988037e-02,1.590086370706558228e-01
3.702107071876525879e-01,3.466401100158691406e-01,5.827510356903076172e-01,-1.465814281255006790e-02,-5.715001374483108521e-02,-9.485781788825988770e-01,3.109959065914154053e-01,7.593726366758346558e-02,1.077122166752815247e-01,1.539051830768585205e-01,6.992080807685852051e-01,5.171105265617370605e-01,2.293658405542373657e-01,-2.618587911128997803e-01,-2.142399698495864868e-01,2.204656004905700684e-01,1.940729916095733643e-01,1.046313717961311340e-02,1.613822728395462036e-01
3.540474772453308105e-01,3.307421505451202393e-01,5.912486910820007324e-01,-2.566100843250751495e-02,-4.412595555186271667e-02,-9.415460228919982910e-01,3.329948186874389648e-01,3.094381419941782951e-03,1.476463824510574341e-01,1.072894856333732605e-01,6.945987939834594727e-01,5.143645405769348145e-01,1.909010410308837891e-01,-2.025226354598999023e-01,-2.022272050380706787e-01,1.573644727468490601e-01,1.844836473464965820e-01,-1.018288265913724899e-02,1.638097763061523438e-01
3.374317586421966553e-01,3.134600818157196045e-01,5.965985059738159180e-01,-3.438140451908111572e-02,-3.838626667857170105e-02,-9.321507811546325684e-01,3.583842813968658447e-01,-6.793949753046035767e-02,1.581189781427383423e-01,5.253370106220245361e-02,6.933791041374206543e-01,4.773478806018829346e-01,1.649666130542755127e-01,-1.385986804962158203e-01,-2.025588303804397583e-01,9.511195123195648193e-02,1.662484556436538696e-01,-2.416098304092884064e-02,1.593032777309417725e-01
3.206091523170471191e-01,2.957182228565216064e-01,5.995833277702331543e-01,-3.933882340788841248e-02,-3.761225566267967224e-02,-9.215801954269409180e-01,3.843536674976348877e-01,-1.394307315349578857e-01,1.344469040632247925e-01,-1.795190759003162384e-02,6.776220798492431641e-01,4.240540862083435059e-01,1.348306834697723389e-01,-7.910841703414916992e-02,-2.093556374311447144e-01,3.635234385728836060e-02,1.509857773780822754e-01,-4.079225286841392517e-02,1.533816009759902954e-01
3.036891520023345947e-01,2.785305678844451904e-01,6.012217998504638672e-01,-4.370845109224319458e-02,-3.960079699754714966e-02,-9.102480411529541016e-01,4.098412692546844482e-01,-2.011470794677734375e-01,8.953917771577835083e-02,-9.641049057245254517e-02,6.313456296920776367e-01,3.605274856090545654e-01,9.427908062934875488e-02,-2.008317038416862488e-02,-2.141738831996917725e-01,-2.068055048584938049e-02,1.379450708627700806e-01,-5.504040420055389404e-02,1.498890668153762817e-01
2.863748371601104736e-01,2.619631588459014893e-01,6.005606055259704590e-01,-4.606627300381660461e-02,-4.658928140997886658e-02,-8.979140520095825195e-01,4.352674186229705811e-01,-2.483015358448028564e-01,4.301620647311210632e-02,-1.572730690240859985e-01,5.638440847396850586e-01,3.030050694942474365e-01,8.530592918395996094e-02,3.624414652585983276e-02,-2.247494161128997803e-01,-8.470540493726730347e-02,1.287887692451477051e-01,-6.979890167713165283e-02,1.435457020998001099e-01
2.689038217067718506e-01,2.454470396041870117e-01,5.986829400062561035e-01,-4.513707011938095093e-02,-5.802796408534049988e-02,-8.843859434127807617e-01,4.609304666519165039e-01,-2.882554233074188232e-01,-1.140888966619968414e-02,-2.088786214590072632e-01,4.749950170516967773e-01,2.580313086509704590e-01,8.864073455333709717e-02,8.875184506177902222e-02,-2.395814508199691772e-01,-1.439967900514602661e-01,1.257452964782714844e-01,-9.569671750068664551e-02,1.430708914995193481e-01
2.514993250370025635e-01,2.295583933591842651e-01,5.959352254867553711e-01,-4.305464401841163635e-02,-6.787989288568496704e-02,-8.717368841171264648e-01,4.833357632160186768e-01,-3.114970326423645020e-01,-5.254107713699340820e-02,-2.434146553277969360e-01,3.421575427055358887e-01,2.495501339435577393e-01,1.064040884375572205e-01,1.382583379745483398e-01,-2.470434457063674927e-01,-1.975937932729721069e-01,1.188745200634002686e-01,-1.102370247244834900e-01,1.333380937576293945e-01
2.334166765213012695e-01,2.120945453643798828e-01,5.927429199218750000e-01,-4.289763048291206360e-02,-7.905717194080352783e-02,-8.564618229866027832e-01,5.083137154579162598e-01,-3.454666733741760254e-01,-9.782026708126068115e-02,-2.584771811962127686e-01,2.647970020771026611e-01,2.267716228961944580e-01,1.447661817073822021e-01,1.884228885173797607e-01,-2.503994703292846680e-01,-2.592814266681671143e-01,1.253722310066223145e-01,-1.296805739402770996e-01,1.205035671591758728e-01
2.158852815628051758e-01,1.955213546752929688e-01,5.911325216293334961e-01,-4.272008314728736877e-02,-8.053290843963623047e-02,-8.450703024864196777e-01,5.268260240554809570e-01,-3.781257569789886475e-01,-1.222225874662399292e-01,-2.565543055534362793e-01,1.934958994388580322e-01,2.037539184093475342e-01,1.677253991365432739e-01,2.260390967130661011e-01,-2.339665293693542480e-01,-3.062711656093597412e-01,1.304528266191482544e-01,-1.403353065252304077e-01,1.035672351717948914e-01
1.986577063798904419e-01,1.800577789545059204e-01,5.916909575462341309e-01,-4.490363597869873047e-02,-7.157988846302032471e-02,-8.378899097442626953e-01,5.392591953277587891e-01,-3.956690132617950439e-01,-1.221909895539283752e-01,-2.811477184295654297e-01,1.428631097078323364e-01,1.464684605598449707e-01,1.558507531881332397e-01,2.493450343608856201e-01,-1.965002417564392090e-01,-3.325157463550567627e-01,1.432587653398513794e-01,-1.458649635314941406e-01,7.693912088871002197e-02
1.810724586248397827e-01,1.641839146614074707e-01,5.904788374900817871e-01,-4.207853600382804871e-02,-6.598014384508132935e-02,-8.351048827171325684e-01,5.444959998130798340e-01,-3.981620371341705322e-01,-1.245859935879707336e-01,-3.424775600433349609e-01,1.371752470731735229e-01,1.020326986908912659e-01,1.596278846263885498e-01,2.644752264022827148e-01,-1.741278320550918579e-01,-3.465806245803833008e-01,1.630980819463729858e-01,-1.411208212375640869e-01,5.167799070477485657e-02
1.621706336736679077e-01,1.472387313842773438e-01,5.859959125518798828e-01,-3.361254185438156128e-02,-6.835243850946426392e-02,-8.335754275321960449e-01,5.471290349960327148e-01,-3.969735205173492432e-01,-1.325138211250305176e-01,-3.543778061866760254e-01,1.720370799303054810e-01,1.477441787719726562e-01,1.413614749908447266e-01,2.750527262687683105e-01,-1.750776022672653198e-01,-3.685525357723236084e-01,1.905638128519058228e-01,-1.125126108527183533e-01,2.165907993912696838e-02
1.422531008720397949e-01,1.290119737386703491e-01,5.818815827369689941e-01,-2.602374553680419922e-02,-6.903142482042312622e-02,-8.342178463935852051e-01,5.464777946472167969e-01,-3.924582302570343018e-01,-1.372218579053878784e-01,-3.703701794147491455e-01,2.016377151012420654e-01,2.210137844085693359e-01,1.302661746740341187e-01,2.825226783752441406e-01,-1.759554445743560791e-01,-3.858846127986907959e-01,2.249247729778289795e-01,-6.162167340517044067e-02,-8.635404519736766815e-03
1.220733374357223511e-01,1.109313517808914185e-01,5.801401734352111816e-01,-2.172032184898853302e-02,-5.907785892486572266e-02,-8.370769619941711426e-01,5.434521436691284180e-01,-3.873422741889953613e-01,-1.048364266753196716e-01,-3.506660461425781250e-01,2.248817384243011475e-01,2.501772642135620117e-01,1.110020130872726440e-01,2.731836736202239990e-01,-1.597414165735244751e-01,-3.764715790748596191e-01,2.736227214336395264e-01,2.716116979718208313e-02,-5.174575746059417725e-02
1.015151515603065491e-01,9.397484362125396729e-02,5.793002247810363770e-01,-2.086196839809417725e-02,-3.958472982048988342e-02,-8.448608517646789551e-01,5.331115722656250000e-01,-3.777995109558105469e-01,-4.577839747071266174e-02,-3.526141941547393799e-01,2.367461174726486206e-01,2.329253256320953369e-01,6.548105180263519287e-02,2.467252463102340698e-01,-1.252282410860061646e-01,-3.146738111972808838e-01,3.368947803974151611e-01,1.683807820081710815e-01,-1.076443791389465332e-01
8.237278461456298828e-02,7.769868522882461548e-02,5.800660252571105957e-01,-1.979257725179195404e-02,-2.816230058670043945e-02,-8.548756837844848633e-01,5.176897644996643066e-01,-3.604885339736938477e-01,3.917511552572250366e-03,-3.329695463180541992e-01,2.445394396781921387e-01,2.095468193292617798e-01,3.163009136915206909e-02,2.018427103757858276e-01,-1.091499701142311096e-01,-2.425138950347900391e-01,4.138270318508148193e-01,3.138694763183593750e-01,-7.853459566831588745e-02
6.389378011226654053e-02,6.197702884674072266e-02,5.858302712440490723e-01,-1.517150085419416428e-02,-3.642800450325012207e-02,-8.634657859802246094e-01,5.028614997863769531e-01,-3.214565217494964600e-01,1.448308490216732025e-02,-2.948491275310516357e-01,2.421385049819946289e-01,1.714678555727005005e-01,2.307024411857128143e-02,1.337764263153076172e-01,-1.062600314617156982e-01,-1.157413274049758911e-01,5.053950548171997070e-01,3.156859278678894043e-01,-2.415934950113296509e-02
4.462927579879760742e-02,4.616533219814300537e-02,5.919367074966430664e-01,-1.749312132596969604e-02,-4.856090620160102844e-02,-8.739528656005859375e-01,4.832620620727539062e-01,-2.605580985546112061e-01,2.686207182705402374e-02,-2.477881610393524170e-01,2.303677797317504883e-01,1.416654139757156372e-01,1.631616987287998199e-02,7.065327465534210205e-02,-1.074449867010116577e-01,-2.270205644890666008e-03,5.819428563117980957e-01,2.933134436607360840e-01,3.557046502828598022e-02
2.566725201904773712e-02,3.067209944128990173e-02,5.965389609336853027e-01,-2.134464681148529053e-02,-5.615343153476715088e-02,-8.855027556419372559e-01,4.607342481613159180e-01,-1.983225941658020020e-01,4.632340371608734131e-02,-1.933209300041198730e-01,2.092717438936233521e-01,1.158056557178497314e-01,1.075814012438058853e-02,2.870682859793305397e-03,-1.137707829475402832e-01,8.013293892145156860e-02,6.256008148193359375e-01,2.655249536037445068e-01,7.078021019697189331e-02
7.156738080084323883e-03,1.511108316481113434e-02,5.997639894485473633e-01,-2.358370274305343628e-02,-5.985508114099502563e-02,-9.010033011436462402e-01,4.290154874324798584e-01,-1.447599083185195923e-01,6.849914044141769409e-02,-1.305071264505386353e-01,1.847105324268341064e-01,1.021500453352928162e-01,1.027029007673263550e-02,-7.343097031116485596e-02,-1.367540657520294189e-01,1.318517774343490601e-01,6.338499188423156738e-01,2.173284739255905151e-01,8.709447085857391357e-02
-1.117721013724803925e-02,-5.776344332844018936e-04,6.023603081703186035e-01,-2.559421770274639130e-02,-6.532093882560729980e-02,-9.164924025535583496e-01,3.938525021076202393e-01,-9.284350275993347168e-02,8.003041148185729980e-02,-5.778397247195243835e-02,1.670623570680618286e-01,8.792033046483993530e-02,2.073113247752189636e-02,-1.478894948959350586e-01,-1.564042866230010986e-01,1.843965202569961548e-01,6.125115752220153809e-01,1.273110359907150269e-01,1.001404821872711182e-01
-2.917109057307243347e-02,-1.652625761926174164e-02,6.029784083366394043e-01,-3.127570077776908875e-02,-6.461673974990844727e-02,-9.303396940231323242e-01,3.596033155918121338e-01,-3.983669728040695190e-02,9.750322252511978149e-02,1.365823298692703247e-02,1.518853306770324707e-01,7.377785444259643555e-02,2.477149851620197296e-02,-2.079339474439620972e-01,-1.482764780521392822e-01,2.437029629945755005e-01,5.643239021301269531e-01,5.708026140928268433e-02,9.061875194311141968e-02
-4.757347330451011658e-02,-3.256661444902420044e-02,6.011907458305358887e-01,-3.853442892432212830e-02,-5.961805582046508789e-02,-9.417272806167602539e-01,3.288016617298126221e-01,1.536139752715826035e-02,1.183547750115394592e-01,7.596623152494430542e-02,1.399271339178085327e-01,5.964269489049911499e-02,3.022819757461547852e-02,-2.552123665809631348e-01,-1.246490329504013062e-01,2.916254401206970215e-01,4.902772307395935059e-01,2.472113259136676788e-02,7.351844012737274170e-02
-6.547829508781433105e-02,-4.879551008343696594e-02,5.986492037773132324e-01,-4.587658494710922241e-02,-5.038506910204887390e-02,-9.510750174522399902e-01,3.013519346714019775e-01,6.523507833480834961e-02,1.387363076210021973e-01,1.281866729259490967e-01,1.356012821197509766e-01,3.443015739321708679e-02,3.116939216852188110e-02,-2.957976460456848145e-01,-8.568817377090454102e-02,3.452395796775817871e-01,4.027436673641204834e-01,4.853523336350917816e-03,4.786008596420288086e-02
-8.333825320005416870e-02,-6.559321284294128418e-02,5.970494747161865234e-01,-5.086021125316619873e-02,-4.709791392087936401e-02,-9.576368331909179688e-01,2.795116305351257324e-01,1.184753105044364929e-01,1.397029757499694824e-01,1.713165789842605591e-01,1.294768005609512329e-01,2.206790260970592499e-02,1.631970331072807312e-02,-3.278291523456573486e-01,-6.061692908406257629e-02,3.967334032058715820e-01,3.085877299308776855e-01,-2.967706508934497833e-02,5.489009246230125427e-02
-1.013990342617034912e-01,-8.238875865936279297e-02,5.951997041702270508e-01,-5.340138077735900879e-02,-4.587745293974876404e-02,-9.628613591194152832e-01,2.606559991836547852e-01,1.650317609310150146e-01,1.310892999172210693e-01,2.029255181550979614e-01,1.302431523799896240e-01,5.808045156300067902e-03,2.687469497323036194e-02,-3.511438667774200439e-01,-4.583088681101799011e-02,4.428710937500000000e-01,2.136115878820419312e-01,-6.518484652042388916e-02,3.582554683089256287e-02
-1.195300966501235962e-01,-9.907364845275878906e-02,5.935450196266174316e-01,-5.374542251229286194e-02,-4.588771238923072815e-02,-9.678829908370971680e-01,2.412639856338500977e-01,1.994827985763549805e-01,1.190385371446609497e-01,2.458362430334091187e-01,1.425817310810089111e-01,-3.087909426540136337e-03,3.757163137197494507e-02,-3.706819117069244385e-01,-3.858887404203414917e-02,4.595917761325836182e-01,1.330802291631698608e-01,-6.902942061424255371e-02,1.798085495829582214e-02
-1.376945972442626953e-01,-1.163635477423667908e-01,5.928246974945068359e-01,-4.852179810404777527e-02,-4.962727427482604980e-02,-9.718487858772277832e-01,2.251503765583038330e-01,2.204204499721527100e-01,9.488960355520248413e-02,2.807345986366271973e-01,1.632194668054580688e-01,-4.079198930412530899e-03,5.902299284934997559e-02,-3.816676437854766846e-01,-4.783357307314872742e-02,4.647427797317504883e-01,8.465605229139328003e-02,-8.922189474105834961e-02,1.832746155560016632e-02
-1.560523509979248047e-01,-1.340818107128143311e-01,5.901241302490234375e-01,-4.400618001818656921e-02,-4.814324155449867249e-02,-9.748238325119018555e-01,2.132231891155242920e-01,2.371119409799575806e-01,8.432112634181976318e-02,3.165341615676879883e-01,1.880109161138534546e-01,1.826639287173748016e-02,8.972317725419998169e-02,-3.846172094345092773e-01,-4.702706262469291687e-02,4.691245853900909424e-01,1.002621427178382874e-01,-8.816338330507278442e-02,2.962426654994487762e-02
-1.757980734109878540e-01,-1.528813987970352173e-01,5.860367417335510254e-01,-3.895909339189529419e-02,-4.016159102320671082e-02,-9.772183895111083984e-01,2.047276794910430908e-01,2.476463913917541504e-01,8.905621618032455444e-02,3.484944105148315430e-01,2.221602350473403931e-01,5.867898836731910706e-02,1.133660152554512024e-01,-3.874742686748504639e-01,-3.814788907766342163e-02,4.583171606063842773e-01,1.416398137807846069e-01,-2.187139354646205902e-02,5.548486486077308655e-02
-1.962470859289169312e-01,-1.721210032701492310e-01,5.835371017456054688e-01,-3.136903792619705200e-02,-4.169037565588951111e-02,-9.785615205764770508e-01,1.992365866899490356e-01,2.491478323936462402e-01,7.677439600229263306e-02,3.583135902881622314e-01,2.735075354576110840e-01,1.390147507190704346e-01,1.551747471094131470e-01,-3.887115716934204102e-01,-5.301168933510780334e-02,4.375056326389312744e-01,1.625972539186477661e-01,3.799217194318771362e-02,8.369963616132736206e-02
-2.156820744276046753e-01,-1.916004866361618042e-01,5.815654993057250977e-01,-2.199843712151050568e-02,-5.022685229778289795e-02,-9.768872857093811035e-01,2.066023945808410645e-01,2.385485917329788208e-01,5.392905324697494507e-02,3.159909844398498535e-01,3.414270877838134766e-01,2.718205153942108154e-01,2.133526206016540527e-01,-3.806217610836029053e-01,-9.525414556264877319e-02,4.160408377647399902e-01,1.864537894725799561e-01,5.741109699010848999e-02,1.272194534540176392e-01
-2.337317764759063721e-01,-2.101478874683380127e-01,5.805476903915405273e-01,-1.031393092125654221e-02,-5.971167236566543579e-02,-9.731345772743225098e-01,2.221197336912155151e-01,2.066566795110702515e-01,3.642660379409790039e-02,2.770037949085235596e-01,4.209914803504943848e-01,4.412339925765991211e-01,2.418360114097595215e-01,-3.726787865161895752e-01,-1.458913087844848633e-01,3.909575343132019043e-01,2.009095251560211182e-01,4.715833812952041626e-02,1.675557643175125122e-01
-2.510767579078674316e-01,-2.280316054821014404e-01,5.846520662307739258e-01,-1.030317228287458420e-02,-5.361702665686607361e-02,-9.688163399696350098e-01,2.416898608207702637e-01,1.482399404048919678e-01,6.552875787019729614e-02,2.478672415018081665e-01,5.155771970748901367e-01,4.754750430583953857e-01,2.210125327110290527e-01,-3.364415466785430908e-01,-1.653438955545425415e-01,3.517348468303680420e-01,1.995465904474258423e-01,2.087160572409629822e-02,1.866866648197174072e-01
-2.686898410320281982e-01,-2.459867596626281738e-01,5.913367867469787598e-01,-1.967579871416091919e-02,-4.266388341784477234e-02,-9.635190367698669434e-01,2.634839117527008057e-01,7.296166568994522095e-02,8.799687027931213379e-02,1.632193177938461304e-01,6.017685532569885254e-01,4.406310617923736572e-01,1.714017689228057861e-01,-2.778958082199096680e-01,-1.712408810853958130e-01,2.937351167201995850e-01,1.919208168983459473e-01,-4.880347289144992828e-03,1.895692348480224609e-01
-2.862987816333770752e-01,-2.646949887275695801e-01,5.971201062202453613e-01,-3.069283999502658844e-02,-3.749741613864898682e-02,-9.554648995399475098e-01,2.910992205142974854e-01,8.589780889451503754e-03,9.754213690757751465e-02,8.405394107103347778e-02,6.493895649909973145e-01,4.166998267173767090e-01,1.343937218189239502e-01,-2.102722674608230591e-01,-1.864086538553237915e-01,2.258542776107788086e-01,1.785170435905456543e-01,-2.939386479556560516e-02,1.954620331525802612e-01
-3.043969273567199707e-01,-2.836545109748840332e-01,6.015704274177551270e-01,-3.904681652784347534e-02,-3.357215225696563721e-02,-9.444912672042846680e-01,3.244758248329162598e-01,-5.661437660455703735e-02,1.074381545186042786e-01,1.921060495078563690e-02,6.593984961509704590e-01,3.684318661689758301e-01,1.136595681309700012e-01,-1.450020074844360352e-01,-2.003863900899887085e-01,1.485181152820587158e-01,1.618583649396896362e-01,-4.459651559591293335e-02,1.904172897338867188e-01
-3.219901323318481445e-01,-3.020624816417694092e-01,6.044805049896240234e-01,-4.318069294095039368e-02,-3.216106817126274109e-02,-9.312318563461303711e-01,3.604280352592468262e-01,-1.305662989616394043e-01,1.104684621095657349e-01,-2.933917008340358734e-02,6.451681852340698242e-01,3.182821869850158691e-01,8.928653597831726074e-02,-8.692135661840438843e-02,-2.137686759233474731e-01,7.102340459823608398e-02,1.439513266086578369e-01,-5.709871649742126465e-02,1.804441064596176147e-01
-3.397633135318756104e-01,-3.203044831752777100e-01,6.056638360023498535e-01,-4.617247357964515686e-02,-3.438515588641166687e-02,-9.151154756546020508e-01,3.990607261657714844e-01,-1.919881403446197510e-01,9.677849709987640381e-02,-7.565879076719284058e-02,5.963919162750244141e-01,2.680431902408599854e-01,8.007188141345977783e-02,-3.100358135998249054e-02,-2.270999848842620850e-01,-1.799838989973068237e-02,1.310614943504333496e-01,-6.520397216081619263e-02,1.723475605249404907e-01
-3.574829697608947754e-01,-3.385563492774963379e-01,6.052677631378173828e-01,-4.686368629336357117e-02,-4.071633517742156982e-02,-8.989917039871215820e-01,4.335433840751647949e-01,-2.437248677015304565e-01,6.078721955418586731e-02,-1.241609901189804077e-01,5.285710096359252930e-01,2.313015311956405640e-01,8.256122469902038574e-02,2.410824969410896301e-02,-2.422083467245101929e-01,-1.017129197716712952e-01,1.218802854418754578e-01,-7.901639491319656372e-02,1.672251820564270020e-01
-3.750898540019989014e-01,-3.563569486141204834e-01,6.033654808998107910e-01,-4.686171561479568481e-02,-4.973861202597618103e-02,-8.831863999366760254e-01,4.640170335769653320e-01,-2.876050174236297607e-01,9.470759890973567963e-03,-1.805348843336105347e-01,4.480238258838653564e-01,1.958346366882324219e-01,9.105791151523590088e-02,7.818251848220825195e-02,-2.529436051845550537e-01,-1.643396466970443726e-01,1.191596165299415588e-01,-9.899362921714782715e-02,1.537776142358779907e-01
-3.929481208324432373e-01,-3.738438189029693604e-01,6.009706258773803711e-01,-4.459835588932037354e-02,-5.884096771478652954e-02,-8.694628477096557617e-01,4.884496331214904785e-01,-3.159329295158386230e-01,-3.264766186475753784e-02,-2.119220942258834839e-01,3.260820508003234863e-01,2.001315057277679443e-01,1.091659665107727051e-01,1.295555382966995239e-01,-2.599934935569763184e-01,-2.276143729686737061e-01,1.124884709715843201e-01,-1.127796247601509094e-01,1.530613005161285400e-01
-4.107573032379150391e-01,-3.930296897888183594e-01,5.984672904014587402e-01,-4.358875378966331482e-02,-6.709745526313781738e-02,-8.534386157989501953e-01,5.150150656700134277e-01,-3.506014049053192139e-01,-7.529046386480331421e-02,-2.379399091005325317e-01,2.471451610326766968e-01,1.885935068130493164e-01,1.291576772928237915e-01,1.802403330802917480e-01,-2.599999904632568359e-01,-2.885559201240539551e-01,1.152502670884132385e-01,-1.270361840724945068e-01,1.441505402326583862e-01
-4.280506074428558350e-01,-4.112814962863922119e-01,5.968294143676757812e-01,-4.146227985620498657e-02,-6.929198652505874634e-02,-8.411301970481872559e-01,5.347705483436584473e-01,-3.896927535533905029e-01,-1.048071682453155518e-01,-2.619196772575378418e-01,1.888414472341537476e-01,1.651173233985900879e-01,1.565832942724227905e-01,2.164692878723144531e-01,-2.485937625169754028e-01,-3.388532102108001709e-01,1.253283470869064331e-01,-1.398441940546035767e-01,1.279596239328384399e-01
-4.453658759593963623e-01,-4.288803339004516602e-01,5.966489315032958984e-01,-4.400187358260154724e-02,-6.240764260292053223e-02,-8.335655927658081055e-01,5.471174716949462891e-01,-4.009982943534851074e-01,-1.071283817291259766e-01,-3.235661983489990234e-01,1.381665617227554321e-01,1.154621019959449768e-01,1.662823110818862915e-01,2.481432259082794189e-01,-2.155461162328720093e-01,-3.745702207088470459e-01,1.338157206773757935e-01,-1.420770138502120972e-01,9.658578038215637207e-02
-4.625307917594909668e-01,-4.468998312950134277e-01,5.953230857849121094e-01,-4.149304330348968506e-02,-5.721401423215866089e-02,-8.308623433113098145e-01,5.519716143608093262e-01,-4.055427014827728271e-01,-1.028324887156486511e-01,-3.769252300262451172e-01,1.300987899303436279e-01,7.559291273355484009e-02,1.660791486501693726e-01,2.678642272949218750e-01,-1.952926516532897949e-01,-3.904458880424499512e-01,1.535574346780776978e-01,-1.360487639904022217e-01,7.582806050777435303e-02
-4.811055660247802734e-01,-4.662849009037017822e-01,5.902829766273498535e-01,-3.145860880613327026e-02,-6.184494122862815857e-02,-8.275035619735717773e-01,5.571565628051757812e-01,-4.082649052143096924e-01,-1.125291287899017334e-01,-3.802514970302581787e-01,1.633127778768539429e-01,1.344554871320724487e-01,1.574737280607223511e-01,2.828340828418731689e-01,-2.013092190027236938e-01,-4.085525274276733398e-01,1.799400299787521362e-01,-1.098749786615371704e-01,4.602783918380737305e-02
-5.004841089248657227e-01,-4.870423972606658936e-01,5.858732461929321289e-01,-2.228361926972866058e-02,-6.319755315780639648e-02,-8.226370215415954590e-01,5.646041631698608398e-01,-4.082283675670623779e-01,-1.170160099864006042e-01,-3.548437952995300293e-01,1.930377632379531860e-01,2.353284657001495361e-01,1.436249166727066040e-01,2.873597741127014160e-01,-2.038137614727020264e-01,-4.350274205207824707e-01,2.189439833164215088e-01,-5.730821564793586731e-02,1.120320893824100494e-02
-5.193906426429748535e-01,-5.071308016777038574e-01,5.848084092140197754e-01,-2.123628370463848114e-02,-4.837284609675407410e-02,-8.236292004585266113e-01,5.646628141403198242e-01,-3.996273875236511230e-01,-8.183835446834564209e-02,-3.481568396091461182e-01,2.251299470663070679e-01,2.469227463006973267e-01,1.044492796063423157e-01,2.787737250328063965e-01,-1.748607456684112549e-01,-4.132024943828582764e-01,2.665089070796966553e-01,3.403689712285995483e-02,-4.541332647204399109e-02
-5.378127694129943848e-01,-5.259119272232055664e-01,5.840698480606079102e-01,-2.393203601241111755e-02,-2.688617072999477386e-02,-8.277540802955627441e-01,5.599352717399597168e-01,-3.845284879207611084e-01,-2.237775363028049469e-02,-3.556476831436157227e-01,2.415967732667922974e-01,2.283336967229843140e-01,7.772317528724670410e-02,2.529228329658508301e-01,-1.306249648332595825e-01,-3.403676748275756836e-01,3.312065303325653076e-01,1.784005314111709595e-01,-1.382611840963363647e-01
-5.552608370780944824e-01,-5.436423420906066895e-01,5.842669606208801270e-01,-2.341273613274097443e-02,-1.110981684178113937e-02,-8.360435962677001953e-01,5.480506420135498047e-01,-3.693408071994781494e-01,3.075624257326126099e-02,-3.483411073684692383e-01,2.485547959804534912e-01,2.033303678035736084e-01,3.105443529784679413e-02,2.083365619182586670e-01,-1.101461872458457947e-01,-2.840132117271423340e-01,4.082328677177429199e-01,3.511324524879455566e-01,-1.589990109205245972e-01
-5.723651051521301270e-01,-5.612355470657348633e-01,5.900715589523315430e-01,-1.740919239819049835e-02,-1.828039065003395081e-02,-8.449838757514953613e-01,5.341956615447998047e-01,-3.311698436737060547e-01,4.005044326186180115e-02,-3.167376816272735596e-01,2.455733567476272583e-01,1.665997207164764404e-01,1.867750659584999084e-02,1.419530063867568970e-01,-1.324400156736373901e-01,-2.128237634897232056e-01,4.920607805252075195e-01,3.808799386024475098e-01,-1.016431748867034912e-01
-5.895941853523254395e-01,-5.787004828453063965e-01,5.978918075561523438e-01,-1.600330881774425507e-02,-3.702227771282196045e-02,-8.558714985847473145e-01,5.156134366989135742e-01,-2.703426480293273926e-01,3.544743359088897705e-02,-2.666304409503936768e-01,2.352035790681838989e-01,1.404135823249816895e-01,1.855320669710636139e-02,7.306683808565139771e-02,-1.457924693822860718e-01,-7.960891723632812500e-02,5.724596977233886719e-01,3.189181089401245117e-01,-4.940953850746154785e-02
-6.072098612785339355e-01,-5.965447425842285156e-01,6.033228635787963867e-01,-1.712289825081825256e-02,-4.976203292608261108e-02,-8.705798983573913574e-01,4.892046749591827393e-01,-2.161058038473129272e-01,4.364068433642387390e-02,-1.982888430356979370e-01,2.261334508657455444e-01,1.192181035876274109e-01,1.212293654680252075e-02,6.995817646384239197e-03,-1.398463100194931030e-01,5.762386694550514221e-02,6.218884587287902832e-01,2.764813005924224854e-01,1.542271021753549576e-02
-6.242944002151489258e-01,-6.143188476562500000e-01,6.075063943862915039e-01,-1.760124228894710541e-02,-5.837014317512512207e-02,-8.861562609672546387e-01,4.593584537506103516e-01,-1.668310910463333130e-01,5.284539982676506042e-02,-1.375472396612167358e-01,2.170887142419815063e-01,9.455692768096923828e-02,1.063686050474643707e-02,-6.526207923889160156e-02,-1.385256648063659668e-01,1.622996330261230469e-01,6.436540484428405762e-01,2.162113338708877563e-01,6.654982268810272217e-02
-6.405863761901855469e-01,-6.321483850479125977e-01,6.101449131965637207e-01,-2.033272199332714081e-02,-6.272822618484497070e-02,-9.021958112716674805e-01,4.262563288211822510e-01,-1.161632016301155090e-01,6.540417671203613281e-02,-6.893203407526016235e-02,2.021782845258712769e-01,7.799228280782699585e-02,6.362775806337594986e-03,-1.363271474838256836e-01,-1.433717757463455200e-01,2.247086614370346069e-01,6.311929225921630859e-01,1.462389230728149414e-01,7.962326705455780029e-02
-6.564995050430297852e-01,-6.503082513809204102e-01,6.113671064376831055e-01,-2.715778537094593048e-02,-6.540032476186752319e-02,-9.161137342453002930e-01,3.946148455142974854e-01,-5.632069706916809082e-02,7.607586681842803955e-02,-3.848847933113574982e-03,1.855564713478088379e-01,6.018363684415817261e-02,1.830012351274490356e-02,-1.931233108043670654e-01,-1.386472582817077637e-01,2.705184221267700195e-01,5.859323740005493164e-01,6.875680387020111084e-02,6.953927129507064819e-02
-6.724230051040649414e-01,-6.689697504043579102e-01,6.108960509300231934e-01,-3.593286126852035522e-02,-6.211205944418907166e-02,-9.281398653984069824e-01,3.652495741844177246e-01,6.513323169201612473e-03,9.184491634368896484e-02,5.443166568875312805e-02,1.647323369979858398e-01,4.309320077300071716e-02,2.585296705365180969e-02,-2.383345067501068115e-01,-1.120106950402259827e-01,3.120273947715759277e-01,5.138120651245117188e-01,2.420921437442302704e-02,5.565465614199638367e-02
-6.878550052642822266e-01,-6.877121925354003906e-01,6.083900332450866699e-01,-4.182107746601104736e-02,-5.330955982208251953e-02,-9.372943043708801270e-01,3.418895900249481201e-01,5.637716129422187805e-02,1.094103604555130005e-01,1.057080328464508057e-01,1.527879685163497925e-01,2.353395521640777588e-02,3.135773912072181702e-02,-2.873133718967437744e-01,-6.837441772222518921e-02,3.533432185649871826e-01,4.294768571853637695e-01,4.838147200644016266e-03,4.165678843855857849e-02
-7.033919095993041992e-01,-7.068689465522766113e-01,6.056119799613952637e-01,-4.865143448114395142e-02,-4.573852568864822388e-02,-9.462139010429382324e-01,3.165757656097412109e-01,1.075314655900001526e-01,1.184976845979690552e-01,1.576566547155380249e-01,1.470406502485275269e-01,3.165475325658917427e-03,3.441944345831871033e-02,-3.226169049739837646e-01,-2.713148109614849091e-02,3.816967308521270752e-01,3.289966583251953125e-01,4.417209420353174210e-03,2.903516590595245361e-02
-7.195994853973388672e-01,-7.260832786560058594e-01,6.032163500785827637e-01,-5.494023486971855164e-02,-4.133801162242889404e-02,-9.543308019638061523e-01,2.907326519489288330e-01,1.564275324344635010e-01,1.172087267041206360e-01,2.041925042867660522e-01,1.472304910421371460e-01,-8.122947998344898224e-03,3.792460262775421143e-02,-3.502473831176757812e-01,6.752255372703075409e-03,3.819966614246368408e-01,2.351390719413757324e-01,1.036167889833450317e-02,1.229860261082649231e-02
-7.358357906341552734e-01,-7.451154589653015137e-01,6.015291810035705566e-01,-5.786401405930519104e-02,-4.093246906995773315e-02,-9.605615139007568359e-01,2.688825428485870361e-01,1.970612108707427979e-01,1.038862913846969604e-01,2.500340938568115234e-01,1.545282900333404541e-01,-1.387700438499450684e-02,5.042282864451408386e-02,-3.720479905605316162e-01,3.064258582890033722e-02,3.843608498573303223e-01,1.588205248117446899e-01,2.837262488901615143e-02,8.249132893979549408e-03
-7.517055273056030273e-01,-7.641831636428833008e-01,6.016761660575866699e-01,-5.299465358257293701e-02,-4.761523008346557617e-02,-9.652000665664672852e-01,2.516210377216339111e-01,2.188745290040969849e-01,7.093942165374755859e-02,2.887634932994842529e-01,1.722128391265869141e-01,-8.685673587024211884e-03,7.322269678115844727e-02,-3.859965801239013672e-01,2.366976812481880188e-02,3.695389926433563232e-01,1.113278716802597046e-01,-8.037575520575046539e-03,6.033830810338258743e-03
-7.673840522766113281e-01,-7.841488718986511230e-01,6.002993583679199219e-01,-4.823093488812446594e-02,-4.876157641410827637e-02,-9.680268168449401855e-01,2.412885278463363647e-01,2.340813577175140381e-01,5.101706832647323608e-02,3.242990076541900635e-01,1.986303478479385376e-01,1.228326279670000076e-02,9.584639221429824829e-02,-3.850058317184448242e-01,1.973709277808666229e-02,3.739866614341735840e-01,1.110950410366058350e-01,-3.164166212081909180e-02,-6.198936142027378082e-03
-7.835578322410583496e-01,-8.060091733932495117e-01,5.958591103553771973e-01,-4.238720238208770752e-02,-4.048225283622741699e-02,-9.696515202522277832e-01,2.373613417148590088e-01,2.403911501169204712e-01,5.232965201139450073e-02,3.502950966358184814e-01,2.350535839796066284e-01,5.327768623828887939e-02,1.242831796407699585e-01,-3.867228925228118896e-01,3.088994324207305908e-02,4.039928615093231201e-01,1.474622189998626709e-01,3.247964382171630859e-02,1.314568053930997849e-02
